// Auto-generated embedded resources
// DO NOT EDIT - Generated by kuyil --embed-dir

#include <stddef.h>
#include <string.h>
#include "heapfs.h"

static const unsigned char embedded_app_js_data[] = {
    0x66, 0x75, 0x6e, 0x63, 0x74, 0x69, 0x6f, 0x6e, 0x20, 0x74, 0x65, 0x73, 0x74, 0x47, 0x72, 0x65, 
    0x65, 0x74, 0x28, 0x29, 0x20, 0x7b, 0x0a, 0x20, 0x20, 0x20, 0x20, 0x63, 0x6f, 0x6e, 0x73, 0x6f, 
    0x6c, 0x65, 0x2e, 0x6c, 0x6f, 0x67, 0x28, 0x27, 0x74, 0x65, 0x73, 0x74, 0x47, 0x72, 0x65, 0x65, 
    0x74, 0x20, 0x63, 0x61, 0x6c, 0x6c, 0x65, 0x64, 0x27, 0x29, 0x3b, 0x0a, 0x20, 0x20, 0x20, 0x20, 
    0x76, 0x61, 0x72, 0x20, 0x65, 0x6c, 0x20, 0x3d, 0x20, 0x64, 0x6f, 0x63, 0x75, 0x6d, 0x65, 0x6e, 
    0x74, 0x2e, 0x67, 0x65, 0x74, 0x45, 0x6c, 0x65, 0x6d, 0x65, 0x6e, 0x74, 0x42, 0x79, 0x49, 0x64, 
    0x28, 0x27, 0x72, 0x65, 0x73, 0x75, 0x6c, 0x74, 0x27, 0x29, 0x3b, 0x0a, 0x20, 0x20, 0x20, 0x20, 
    0x65, 0x6c, 0x2e, 0x69, 0x6e, 0x6e, 0x65, 0x72, 0x48, 0x54, 0x4d, 0x4c, 0x20, 0x3d, 0x20, 0x22, 
    0x3c, 0x64, 0x69, 0x76, 0x20, 0x63, 0x6c, 0x61, 0x73, 0x73, 0x3d, 0x27, 0x6f, 0x75, 0x74, 0x70, 
    0x75, 0x74, 0x27, 0x3e, 0x43, 0x61, 0x6c, 0x6c, 0x69, 0x6e, 0x67, 0x20, 0x67, 0x72, 0x65, 0x65, 
    0x74, 0x2e, 0x2e, 0x2e, 0x3c, 0x2f, 0x64, 0x69, 0x76, 0x3e, 0x22, 0x3b, 0x0a, 0x20, 0x20, 0x20, 
    0x20, 0x0a, 0x20, 0x20, 0x20, 0x20, 0x77, 0x69, 0x6e, 0x64, 0x6f, 0x77, 0x2e, 0x6b, 0x75, 0x79, 
    0x69, 0x6c, 0x2e, 0x63, 0x61, 0x6c, 0x6c, 0x28, 0x27, 0x67, 0x72, 0x65, 0x65, 0x74, 0x27, 0x2c, 
    0x20, 0x27, 0x57, 0x6f, 0x72, 0x6c, 0x64, 0x27, 0x29, 0x2e, 0x74, 0x68, 0x65, 0x6e, 0x28, 0x66, 
    0x75, 0x6e, 0x63, 0x74, 0x69, 0x6f, 0x6e, 0x28, 0x72, 0x29, 0x20, 0x7b, 0x0a, 0x20, 0x20, 0x20, 
    0x20, 0x20, 0x20, 0x20, 0x20, 0x63, 0x6f, 0x6e, 0x73, 0x6f, 0x6c, 0x65, 0x2e, 0x6c, 0x6f, 0x67, 
    0x28, 0x27, 0x50, 0x72, 0x6f, 0x6d, 0x69, 0x73, 0x65, 0x20, 0x72, 0x65, 0x73, 0x6f, 0x6c, 0x76, 
    0x65, 0x64, 0x20, 0x77, 0x69, 0x74, 0x68, 0x3a, 0x27, 0x2c, 0x20, 0x72, 0x29, 0x3b, 0x0a, 0x20, 
    0x20, 0x20, 0x20, 0x20, 0x20, 0x20, 0x20, 0x65, 0x6c, 0x2e, 0x69, 0x6e, 0x6e, 0x65, 0x72, 0x48, 
    0x54, 0x4d, 0x4c, 0x20, 0x2b, 0x3d, 0x20, 0x22, 0x3c, 0x64, 0x69, 0x76, 0x20, 0x63, 0x6c, 0x61, 
    0x73, 0x73, 0x3d, 0x27, 0x6f, 0x75, 0x74, 0x70, 0x75, 0x74, 0x20, 0x73, 0x75, 0x63, 0x63, 0x65, 
    0x73, 0x73, 0x27, 0x3e, 0xe2, 0x9c, 0x85, 0x20, 0x22, 0x20, 0x2b, 0x20, 0x72, 0x20, 0x2b, 0x20, 
    0x22, 0x3c, 0x2f, 0x64, 0x69, 0x76, 0x3e, 0x22, 0x3b, 0x0a, 0x20, 0x20, 0x20, 0x20, 0x7d, 0x29, 
    0x2e, 0x63, 0x61, 0x74, 0x63, 0x68, 0x28, 0x66, 0x75, 0x6e, 0x63, 0x74, 0x69, 0x6f, 0x6e, 0x28, 
    0x65, 0x29, 0x20, 0x7b, 0x0a, 0x20, 0x20, 0x20, 0x20, 0x20, 0x20, 0x20, 0x20, 0x63, 0x6f, 0x6e, 
    0x73, 0x6f, 0x6c, 0x65, 0x2e, 0x65, 0x72, 0x72, 0x6f, 0x72, 0x28, 0x27, 0x50, 0x72, 0x6f, 0x6d, 
    0x69, 0x73, 0x65, 0x20, 0x72, 0x65, 0x6a, 0x65, 0x63, 0x74, 0x65, 0x64, 0x3a, 0x27, 0x2c, 0x20, 
    0x65, 0x29, 0x3b, 0x0a, 0x20, 0x20, 0x20, 0x20, 0x20, 0x20, 0x20, 0x20, 0x65, 0x6c, 0x2e, 0x69, 
    0x6e, 0x6e, 0x65, 0x72, 0x48, 0x54, 0x4d, 0x4c, 0x20, 0x2b, 0x3d, 0x20, 0x22, 0x3c, 0x64, 0x69, 
    0x76, 0x20, 0x63, 0x6c, 0x61, 0x73, 0x73, 0x3d, 0x27, 0x6f, 0x75, 0x74, 0x70, 0x75, 0x74, 0x27, 
    0x3e, 0xe2, 0x9d, 0x8c, 0x20, 0x45, 0x72, 0x72, 0x6f, 0x72, 0x3a, 0x20, 0x22, 0x20, 0x2b, 0x20, 
    0x65, 0x20, 0x2b, 0x20, 0x22, 0x3c, 0x2f, 0x64, 0x69, 0x76, 0x3e, 0x22, 0x3b, 0x0a, 0x20, 0x20, 
    0x20, 0x20, 0x7d, 0x29, 0x3b, 0x0a, 0x7d, 0x0a, 0x0a, 0x66, 0x75, 0x6e, 0x63, 0x74, 0x69, 0x6f, 
    0x6e, 0x20, 0x74, 0x65, 0x73, 0x74, 0x43, 0x61, 0x6c, 0x63, 0x75, 0x6c, 0x61, 0x74, 0x65, 0x28, 
    0x29, 0x20, 0x7b, 0x0a, 0x20, 0x20, 0x20, 0x20, 0x76, 0x61, 0x72, 0x20, 0x65, 0x6c, 0x20, 0x3d, 
    0x20, 0x64, 0x6f, 0x63, 0x75, 0x6d, 0x65, 0x6e, 0x74, 0x2e, 0x67, 0x65, 0x74, 0x45, 0x6c, 0x65, 
    0x6d, 0x65, 0x6e, 0x74, 0x42, 0x79, 0x49, 0x64, 0x28, 0x27, 0x72, 0x65, 0x73, 0x75, 0x6c, 0x74, 
    0x27, 0x29, 0x3b, 0x0a, 0x20, 0x20, 0x20, 0x20, 0x65, 0x6c, 0x2e, 0x69, 0x6e, 0x6e, 0x65, 0x72, 
    0x48, 0x54, 0x4d, 0x4c, 0x20, 0x3d, 0x20, 0x22, 0x3c, 0x64, 0x69, 0x76, 0x20, 0x63, 0x6c, 0x61, 
    0x73, 0x73, 0x3d, 0x27, 0x6f, 0x75, 0x74, 0x70, 0x75, 0x74, 0x27, 0x3e, 0x43, 0x61, 0x6c, 0x63, 
    0x75, 0x6c, 0x61, 0x74, 0x69, 0x6e, 0x67, 0x2e, 0x2e, 0x2e, 0x3c, 0x2f, 0x64, 0x69, 0x76, 0x3e, 
    0x22, 0x3b, 0x0a, 0x20, 0x20, 0x20, 0x20, 0x0a, 0x20, 0x20, 0x20, 0x20, 0x77, 0x69, 0x6e, 0x64, 
    0x6f, 0x77, 0x2e, 0x6b, 0x75, 0x79, 0x69, 0x6c, 0x2e, 0x63, 0x61, 0x6c, 0x6c, 0x28, 0x27, 0x63, 
    0x61, 0x6c, 0x63, 0x75, 0x6c, 0x61, 0x74, 0x65, 0x27, 0x2c, 0x20, 0x27, 0x64, 0x75, 0x6d, 0x6d, 
    0x79, 0x27, 0x29, 0x2e, 0x74, 0x68, 0x65, 0x6e, 0x28, 0x66, 0x75, 0x6e, 0x63, 0x74, 0x69, 0x6f, 
    0x6e, 0x28, 0x72, 0x29, 0x20, 0x7b, 0x0a, 0x20, 0x20, 0x20, 0x20, 0x20, 0x20, 0x20, 0x20, 0x65, 
    0x6c, 0x2e, 0x69, 0x6e, 0x6e, 0x65, 0x72, 0x48, 0x54, 0x4d, 0x4c, 0x20, 0x2b, 0x3d, 0x20, 0x22, 
    0x3c, 0x64, 0x69, 0x76, 0x20, 0x63, 0x6c, 0x61, 0x73, 0x73, 0x3d, 0x27, 0x6f, 0x75, 0x74, 0x70, 
    0x75, 0x74, 0x20, 0x73, 0x75, 0x63, 0x63, 0x65, 0x73, 0x73, 0x27, 0x3e, 0xe2, 0x9c, 0x85, 0x20, 
    0x52, 0x65, 0x73, 0x75, 0x6c, 0x74, 0x3a, 0x20, 0x22, 0x20, 0x2b, 0x20, 0x72, 0x20, 0x2b, 0x20, 
    0x22, 0x3c, 0x2f, 0x64, 0x69, 0x76, 0x3e, 0x22, 0x3b, 0x0a, 0x20, 0x20, 0x20, 0x20, 0x7d, 0x29, 
    0x2e, 0x63, 0x61, 0x74, 0x63, 0x68, 0x28, 0x66, 0x75, 0x6e, 0x63, 0x74, 0x69, 0x6f, 0x6e, 0x28, 
    0x65, 0x29, 0x20, 0x7b, 0x0a, 0x20, 0x20, 0x20, 0x20, 0x20, 0x20, 0x20, 0x20, 0x65, 0x6c, 0x2e, 
    0x69, 0x6e, 0x6e, 0x65, 0x72, 0x48, 0x54, 0x4d, 0x4c, 0x20, 0x2b, 0x3d, 0x20, 0x22, 0x3c, 0x64, 
    0x69, 0x76, 0x20, 0x63, 0x6c, 0x61, 0x73, 0x73, 0x3d, 0x27, 0x6f, 0x75, 0x74, 0x70, 0x75, 0x74, 
    0x27, 0x3e, 0xe2, 0x9d, 0x8c, 0x20, 0x45, 0x72, 0x72, 0x6f, 0x72, 0x3a, 0x20, 0x22, 0x20, 0x2b, 
    0x20, 0x65, 0x20, 0x2b, 0x20, 0x22, 0x3c, 0x2f, 0x64, 0x69, 0x76, 0x3e, 0x22, 0x3b, 0x0a, 0x20, 
    0x20, 0x20, 0x20, 0x7d, 0x29, 0x3b, 0x0a, 0x7d, 0x0a, 0x0a, 0x66, 0x75, 0x6e, 0x63, 0x74, 0x69, 
    0x6f, 0x6e, 0x20, 0x74, 0x65, 0x73, 0x74, 0x50, 0x72, 0x6f, 0x63, 0x65, 0x73, 0x73, 0x28, 0x29, 
    0x20, 0x7b, 0x0a, 0x20, 0x20, 0x20, 0x20, 0x76, 0x61, 0x72, 0x20, 0x65, 0x6c, 0x20, 0x3d, 0x20, 
    0x64, 0x6f, 0x63, 0x75, 0x6d, 0x65, 0x6e, 0x74, 0x2e, 0x67, 0x65, 0x74, 0x45, 0x6c, 0x65, 0x6d, 
    0x65, 0x6e, 0x74, 0x42, 0x79, 0x49, 0x64, 0x28, 0x27, 0x72, 0x65, 0x73, 0x75, 0x6c, 0x74, 0x27, 
    0x29, 0x3b, 0x0a, 0x20, 0x20, 0x20, 0x20, 0x65, 0x6c, 0x2e, 0x69, 0x6e, 0x6e, 0x65, 0x72, 0x48, 
    0x54, 0x4d, 0x4c, 0x20, 0x3d, 0x20, 0x22, 0x3c, 0x64, 0x69, 0x76, 0x20, 0x63, 0x6c, 0x61, 0x73, 
    0x73, 0x3d, 0x27, 0x6f, 0x75, 0x74, 0x70, 0x75, 0x74, 0x27, 0x3e, 0x50, 0x72, 0x6f, 0x63, 0x65, 
    0x73, 0x73, 0x69, 0x6e, 0x67, 0x2e, 0x2e, 0x2e, 0x3c, 0x2f, 0x64, 0x69, 0x76, 0x3e, 0x22, 0x3b, 
    0x0a, 0x20, 0x20, 0x20, 0x20, 0x0a, 0x20, 0x20, 0x20, 0x20, 0x77, 0x69, 0x6e, 0x64, 0x6f, 0x77, 
    0x2e, 0x6b, 0x75, 0x79, 0x69, 0x6c, 0x2e, 0x63, 0x61, 0x6c, 0x6c, 0x28, 0x27, 0x70, 0x72, 0x6f, 
    0x63, 0x65, 0x73, 0x73, 0x4f, 0x72, 0x64, 0x65, 0x72, 0x27, 0x2c, 0x20, 0x27, 0x64, 0x75, 0x6d, 
    0x6d, 0x79, 0x27, 0x29, 0x2e, 0x74, 0x68, 0x65, 0x6e, 0x28, 0x66, 0x75, 0x6e, 0x63, 0x74, 0x69, 
    0x6f, 0x6e, 0x28, 0x72, 0x29, 0x20, 0x7b, 0x0a, 0x20, 0x20, 0x20, 0x20, 0x20, 0x20, 0x20, 0x20, 
    0x65, 0x6c, 0x2e, 0x69, 0x6e, 0x6e, 0x65, 0x72, 0x48, 0x54, 0x4d, 0x4c, 0x20, 0x2b, 0x3d, 0x20, 
    0x22, 0x3c, 0x64, 0x69, 0x76, 0x20, 0x63, 0x6c, 0x61, 0x73, 0x73, 0x3d, 0x27, 0x6f, 0x75, 0x74, 
    0x70, 0x75, 0x74, 0x20, 0x73, 0x75, 0x63, 0x63, 0x65, 0x73, 0x73, 0x27, 0x3e, 0xe2, 0x9c, 0x85, 
    0x20, 0x22, 0x20, 0x2b, 0x20, 0x72, 0x20, 0x2b, 0x20, 0x22, 0x3c, 0x2f, 0x64, 0x69, 0x76, 0x3e, 
    0x22, 0x3b, 0x0a, 0x20, 0x20, 0x20, 0x20, 0x7d, 0x29, 0x2e, 0x63, 0x61, 0x74, 0x63, 0x68, 0x28, 
    0x66, 0x75, 0x6e, 0x63, 0x74, 0x69, 0x6f, 0x6e, 0x28, 0x65, 0x29, 0x20, 0x7b, 0x0a, 0x20, 0x20, 
    0x20, 0x20, 0x20, 0x20, 0x20, 0x20, 0x65, 0x6c, 0x2e, 0x69, 0x6e, 0x6e, 0x65, 0x72, 0x48, 0x54, 
    0x4d, 0x4c, 0x20, 0x2b, 0x3d, 0x20, 0x22, 0x3c, 0x64, 0x69, 0x76, 0x20, 0x63, 0x6c, 0x61, 0x73, 
    0x73, 0x3d, 0x27, 0x6f, 0x75, 0x74, 0x70, 0x75, 0x74, 0x27, 0x3e, 0xe2, 0x9d, 0x8c, 0x20, 0x45, 
    0x72, 0x72, 0x6f, 0x72, 0x3a, 0x20, 0x22, 0x20, 0x2b, 0x20, 0x65, 0x20, 0x2b, 0x20, 0x22, 0x3c, 
    0x2f, 0x64, 0x69, 0x76, 0x3e, 0x22, 0x3b, 0x0a, 0x20, 0x20, 0x20, 0x20, 0x7d, 0x29, 0x3b, 0x0a, 
    0x7d, 0x0a, 0x0a, 0x2f, 0x2f, 0x20, 0x41, 0x75, 0x74, 0x6f, 0x2d, 0x74, 0x65, 0x73, 0x74, 0x20, 
    0x6f, 0x6e, 0x20, 0x6c, 0x6f, 0x61, 0x64, 0x0a, 0x73, 0x65, 0x74, 0x54, 0x69, 0x6d, 0x65, 0x6f, 
    0x75, 0x74, 0x28, 0x74, 0x65, 0x73, 0x74, 0x47, 0x72, 0x65, 0x65, 0x74, 0x2c, 0x20, 0x31, 0x30, 
    0x30, 0x30, 0x29, 0x3b, 0x0a, 
};

static const unsigned char embedded_style_css_data[] = {
    0x62, 0x6f, 0x64, 0x79, 0x20, 0x7b, 0x0a, 0x20, 0x20, 0x20, 0x20, 0x66, 0x6f, 0x6e, 0x74, 0x2d, 
    0x66, 0x61, 0x6d, 0x69, 0x6c, 0x79, 0x3a, 0x20, 0x27, 0x53, 0x65, 0x67, 0x6f, 0x65, 0x20, 0x55, 
    0x49, 0x27, 0x2c, 0x20, 0x73, 0x61, 0x6e, 0x73, 0x2d, 0x73, 0x65, 0x72, 0x69, 0x66, 0x3b, 0x0a, 
    0x20, 0x20, 0x20, 0x20, 0x6d, 0x61, 0x78, 0x2d, 0x77, 0x69, 0x64, 0x74, 0x68, 0x3a, 0x20, 0x38, 
    0x30, 0x30, 0x70, 0x78, 0x3b, 0x0a, 0x20, 0x20, 0x20, 0x20, 0x6d, 0x61, 0x72, 0x67, 0x69, 0x6e, 
    0x3a, 0x20, 0x35, 0x30, 0x70, 0x78, 0x20, 0x61, 0x75, 0x74, 0x6f, 0x3b, 0x0a, 0x20, 0x20, 0x20, 
    0x20, 0x70, 0x61, 0x64, 0x64, 0x69, 0x6e, 0x67, 0x3a, 0x20, 0x32, 0x30, 0x70, 0x78, 0x3b, 0x0a, 
    0x20, 0x20, 0x20, 0x20, 0x62, 0x61, 0x63, 0x6b, 0x67, 0x72, 0x6f, 0x75, 0x6e, 0x64, 0x3a, 0x20, 
    0x6c, 0x69, 0x6e, 0x65, 0x61, 0x72, 0x2d, 0x67, 0x72, 0x61, 0x64, 0x69, 0x65, 0x6e, 0x74, 0x28, 
    0x31, 0x33, 0x35, 0x64, 0x65, 0x67, 0x2c, 0x20, 0x23, 0x36, 0x36, 0x37, 0x65, 0x65, 0x61, 0x20, 
    0x30, 0x25, 0x2c, 0x20, 0x23, 0x37, 0x36, 0x34, 0x62, 0x61, 0x32, 0x20, 0x31, 0x30, 0x30, 0x25, 
    0x29, 0x3b, 0x0a, 0x20, 0x20, 0x20, 0x20, 0x63, 0x6f, 0x6c, 0x6f, 0x72, 0x3a, 0x20, 0x77, 0x68, 
    0x69, 0x74, 0x65, 0x3b, 0x0a, 0x7d, 0x0a, 0x0a, 0x2e, 0x63, 0x6f, 0x6e, 0x74, 0x61, 0x69, 0x6e, 
    0x65, 0x72, 0x20, 0x7b, 0x0a, 0x20, 0x20, 0x20, 0x20, 0x62, 0x61, 0x63, 0x6b, 0x67, 0x72, 0x6f, 
    0x75, 0x6e, 0x64, 0x3a, 0x20, 0x72, 0x67, 0x62, 0x61, 0x28, 0x32, 0x35, 0x35, 0x2c, 0x20, 0x32, 
    0x35, 0x35, 0x2c, 0x20, 0x32, 0x35, 0x35, 0x2c, 0x20, 0x30, 0x2e, 0x31, 0x29, 0x3b, 0x0a, 0x20, 
    0x20, 0x20, 0x20, 0x62, 0x61, 0x63, 0x6b, 0x64, 0x72, 0x6f, 0x70, 0x2d, 0x66, 0x69, 0x6c, 0x74, 
    0x65, 0x72, 0x3a, 0x20, 0x62, 0x6c, 0x75, 0x72, 0x28, 0x31, 0x30, 0x70, 0x78, 0x29, 0x3b, 0x0a, 
    0x20, 0x20, 0x20, 0x20, 0x70, 0x61, 0x64, 0x64, 0x69, 0x6e, 0x67, 0x3a, 0x20, 0x33, 0x30, 0x70, 
    0x78, 0x3b, 0x0a, 0x20, 0x20, 0x20, 0x20, 0x62, 0x6f, 0x72, 0x64, 0x65, 0x72, 0x2d, 0x72, 0x61, 
    0x64, 0x69, 0x75, 0x73, 0x3a, 0x20, 0x31, 0x35, 0x70, 0x78, 0x3b, 0x0a, 0x20, 0x20, 0x20, 0x20, 
    0x62, 0x6f, 0x78, 0x2d, 0x73, 0x68, 0x61, 0x64, 0x6f, 0x77, 0x3a, 0x20, 0x30, 0x20, 0x38, 0x70, 
    0x78, 0x20, 0x33, 0x32, 0x70, 0x78, 0x20, 0x72, 0x67, 0x62, 0x61, 0x28, 0x30, 0x2c, 0x20, 0x30, 
    0x2c, 0x20, 0x30, 0x2c, 0x20, 0x30, 0x2e, 0x33, 0x29, 0x3b, 0x0a, 0x7d, 0x0a, 0x0a, 0x68, 0x31, 
    0x20, 0x7b, 0x0a, 0x20, 0x20, 0x20, 0x20, 0x6d, 0x61, 0x72, 0x67, 0x69, 0x6e, 0x2d, 0x74, 0x6f, 
    0x70, 0x3a, 0x20, 0x30, 0x3b, 0x0a, 0x20, 0x20, 0x20, 0x20, 0x66, 0x6f, 0x6e, 0x74, 0x2d, 0x73, 
    0x69, 0x7a, 0x65, 0x3a, 0x20, 0x32, 0x2e, 0x35, 0x65, 0x6d, 0x3b, 0x0a, 0x20, 0x20, 0x20, 0x20, 
    0x74, 0x65, 0x78, 0x74, 0x2d, 0x73, 0x68, 0x61, 0x64, 0x6f, 0x77, 0x3a, 0x20, 0x32, 0x70, 0x78, 
    0x20, 0x32, 0x70, 0x78, 0x20, 0x34, 0x70, 0x78, 0x20, 0x72, 0x67, 0x62, 0x61, 0x28, 0x30, 0x2c, 
    0x20, 0x30, 0x2c, 0x20, 0x30, 0x2c, 0x20, 0x30, 0x2e, 0x33, 0x29, 0x3b, 0x0a, 0x7d, 0x0a, 0x0a, 
    0x62, 0x75, 0x74, 0x74, 0x6f, 0x6e, 0x20, 0x7b, 0x0a, 0x20, 0x20, 0x20, 0x20, 0x70, 0x61, 0x64, 
    0x64, 0x69, 0x6e, 0x67, 0x3a, 0x20, 0x31, 0x32, 0x70, 0x78, 0x20, 0x32, 0x34, 0x70, 0x78, 0x3b, 
    0x0a, 0x20, 0x20, 0x20, 0x20, 0x6d, 0x61, 0x72, 0x67, 0x69, 0x6e, 0x3a, 0x20, 0x38, 0x70, 0x78, 
    0x3b, 0x0a, 0x20, 0x20, 0x20, 0x20, 0x62, 0x61, 0x63, 0x6b, 0x67, 0x72, 0x6f, 0x75, 0x6e, 0x64, 
    0x3a, 0x20, 0x72, 0x67, 0x62, 0x61, 0x28, 0x32, 0x35, 0x35, 0x2c, 0x20, 0x32, 0x35, 0x35, 0x2c, 
    0x20, 0x32, 0x35, 0x35, 0x2c, 0x20, 0x30, 0x2e, 0x39, 0x29, 0x3b, 0x0a, 0x20, 0x20, 0x20, 0x20, 
    0x63, 0x6f, 0x6c, 0x6f, 0x72, 0x3a, 0x20, 0x23, 0x37, 0x36, 0x34, 0x62, 0x61, 0x32, 0x3b, 0x0a, 
    0x20, 0x20, 0x20, 0x20, 0x62, 0x6f, 0x72, 0x64, 0x65, 0x72, 0x3a, 0x20, 0x6e, 0x6f, 0x6e, 0x65, 
    0x3b, 0x0a, 0x20, 0x20, 0x20, 0x20, 0x62, 0x6f, 0x72, 0x64, 0x65, 0x72, 0x2d, 0x72, 0x61, 0x64, 
    0x69, 0x75, 0x73, 0x3a, 0x20, 0x38, 0x70, 0x78, 0x3b, 0x0a, 0x20, 0x20, 0x20, 0x20, 0x63, 0x75, 
    0x72, 0x73, 0x6f, 0x72, 0x3a, 0x20, 0x70, 0x6f, 0x69, 0x6e, 0x74, 0x65, 0x72, 0x3b, 0x0a, 0x20, 
    0x20, 0x20, 0x20, 0x66, 0x6f, 0x6e, 0x74, 0x2d, 0x73, 0x69, 0x7a, 0x65, 0x3a, 0x20, 0x31, 0x36, 
    0x70, 0x78, 0x3b, 0x0a, 0x20, 0x20, 0x20, 0x20, 0x66, 0x6f, 0x6e, 0x74, 0x2d, 0x77, 0x65, 0x69, 
    0x67, 0x68, 0x74, 0x3a, 0x20, 0x62, 0x6f, 0x6c, 0x64, 0x3b, 0x0a, 0x20, 0x20, 0x20, 0x20, 0x74, 
    0x72, 0x61, 0x6e, 0x73, 0x69, 0x74, 0x69, 0x6f, 0x6e, 0x3a, 0x20, 0x61, 0x6c, 0x6c, 0x20, 0x30, 
    0x2e, 0x33, 0x73, 0x20, 0x65, 0x61, 0x73, 0x65, 0x3b, 0x0a, 0x7d, 0x0a, 0x0a, 0x62, 0x75, 0x74, 
    0x74, 0x6f, 0x6e, 0x3a, 0x68, 0x6f, 0x76, 0x65, 0x72, 0x20, 0x7b, 0x0a, 0x20, 0x20, 0x20, 0x20, 
    0x62, 0x61, 0x63, 0x6b, 0x67, 0x72, 0x6f, 0x75, 0x6e, 0x64, 0x3a, 0x20, 0x77, 0x68, 0x69, 0x74, 
    0x65, 0x3b, 0x0a, 0x20, 0x20, 0x20, 0x20, 0x74, 0x72, 0x61, 0x6e, 0x73, 0x66, 0x6f, 0x72, 0x6d, 
    0x3a, 0x20, 0x74, 0x72, 0x61, 0x6e, 0x73, 0x6c, 0x61, 0x74, 0x65, 0x59, 0x28, 0x2d, 0x32, 0x70, 
    0x78, 0x29, 0x3b, 0x0a, 0x20, 0x20, 0x20, 0x20, 0x62, 0x6f, 0x78, 0x2d, 0x73, 0x68, 0x61, 0x64, 
    0x6f, 0x77, 0x3a, 0x20, 0x30, 0x20, 0x34, 0x70, 0x78, 0x20, 0x31, 0x32, 0x70, 0x78, 0x20, 0x72, 
    0x67, 0x62, 0x61, 0x28, 0x30, 0x2c, 0x20, 0x30, 0x2c, 0x20, 0x30, 0x2c, 0x20, 0x30, 0x2e, 0x32, 
    0x29, 0x3b, 0x0a, 0x7d, 0x0a, 0x0a, 0x2e, 0x6f, 0x75, 0x74, 0x70, 0x75, 0x74, 0x20, 0x7b, 0x0a, 
    0x20, 0x20, 0x20, 0x20, 0x70, 0x61, 0x64, 0x64, 0x69, 0x6e, 0x67, 0x3a, 0x20, 0x31, 0x35, 0x70, 
    0x78, 0x3b, 0x0a, 0x20, 0x20, 0x20, 0x20, 0x62, 0x61, 0x63, 0x6b, 0x67, 0x72, 0x6f, 0x75, 0x6e, 
    0x64, 0x3a, 0x20, 0x72, 0x67, 0x62, 0x61, 0x28, 0x30, 0x2c, 0x20, 0x30, 0x2c, 0x20, 0x30, 0x2c, 
    0x20, 0x30, 0x2e, 0x32, 0x29, 0x3b, 0x0a, 0x20, 0x20, 0x20, 0x20, 0x6d, 0x61, 0x72, 0x67, 0x69, 
    0x6e, 0x3a, 0x20, 0x31, 0x35, 0x70, 0x78, 0x20, 0x30, 0x3b, 0x0a, 0x20, 0x20, 0x20, 0x20, 0x62, 
    0x6f, 0x72, 0x64, 0x65, 0x72, 0x2d, 0x72, 0x61, 0x64, 0x69, 0x75, 0x73, 0x3a, 0x20, 0x38, 0x70, 
    0x78, 0x3b, 0x0a, 0x20, 0x20, 0x20, 0x20, 0x66, 0x6f, 0x6e, 0x74, 0x2d, 0x66, 0x61, 0x6d, 0x69, 
    0x6c, 0x79, 0x3a, 0x20, 0x6d, 0x6f, 0x6e, 0x6f, 0x73, 0x70, 0x61, 0x63, 0x65, 0x3b, 0x0a, 0x20, 
    0x20, 0x20, 0x20, 0x62, 0x6f, 0x72, 0x64, 0x65, 0x72, 0x2d, 0x6c, 0x65, 0x66, 0x74, 0x3a, 0x20, 
    0x34, 0x70, 0x78, 0x20, 0x73, 0x6f, 0x6c, 0x69, 0x64, 0x20, 0x72, 0x67, 0x62, 0x61, 0x28, 0x32, 
    0x35, 0x35, 0x2c, 0x20, 0x32, 0x35, 0x35, 0x2c, 0x20, 0x32, 0x35, 0x35, 0x2c, 0x20, 0x30, 0x2e, 
    0x35, 0x29, 0x3b, 0x0a, 0x7d, 0x0a, 0x0a, 0x2e, 0x73, 0x75, 0x63, 0x63, 0x65, 0x73, 0x73, 0x20, 
    0x7b, 0x0a, 0x20, 0x20, 0x20, 0x20, 0x62, 0x61, 0x63, 0x6b, 0x67, 0x72, 0x6f, 0x75, 0x6e, 0x64, 
    0x3a, 0x20, 0x72, 0x67, 0x62, 0x61, 0x28, 0x37, 0x36, 0x2c, 0x20, 0x31, 0x37, 0x35, 0x2c, 0x20, 
    0x38, 0x30, 0x2c, 0x20, 0x30, 0x2e, 0x33, 0x29, 0x3b, 0x0a, 0x20, 0x20, 0x20, 0x20, 0x62, 0x6f, 
    0x72, 0x64, 0x65, 0x72, 0x2d, 0x6c, 0x65, 0x66, 0x74, 0x2d, 0x63, 0x6f, 0x6c, 0x6f, 0x72, 0x3a, 
    0x20, 0x23, 0x34, 0x43, 0x41, 0x46, 0x35, 0x30, 0x3b, 0x0a, 0x7d, 0x0a, 
};

static const unsigned char embedded_index_html_data[] = {
    0x3c, 0x21, 0x44, 0x4f, 0x43, 0x54, 0x59, 0x50, 0x45, 0x20, 0x68, 0x74, 0x6d, 0x6c, 0x3e, 0x0a, 
    0x3c, 0x68, 0x74, 0x6d, 0x6c, 0x3e, 0x0a, 0x3c, 0x68, 0x65, 0x61, 0x64, 0x3e, 0x0a, 0x20, 0x20, 
    0x20, 0x20, 0x3c, 0x74, 0x69, 0x74, 0x6c, 0x65, 0x3e, 0x57, 0x65, 0x62, 0x56, 0x69, 0x65, 0x77, 
    0x20, 0x41, 0x70, 0x70, 0x3c, 0x2f, 0x74, 0x69, 0x74, 0x6c, 0x65, 0x3e, 0x0a, 0x20, 0x20, 0x20, 
    0x20, 0x3c, 0x6c, 0x69, 0x6e, 0x6b, 0x20, 0x72, 0x65, 0x6c, 0x3d, 0x22, 0x73, 0x74, 0x79, 0x6c, 
    0x65, 0x73, 0x68, 0x65, 0x65, 0x74, 0x22, 0x20, 0x68, 0x72, 0x65, 0x66, 0x3d, 0x22, 0x73, 0x74, 
    0x79, 0x6c, 0x65, 0x2e, 0x63, 0x73, 0x73, 0x22, 0x3e, 0x0a, 0x3c, 0x2f, 0x68, 0x65, 0x61, 0x64, 
    0x3e, 0x0a, 0x3c, 0x62, 0x6f, 0x64, 0x79, 0x3e, 0x0a, 0x20, 0x20, 0x20, 0x20, 0x3c, 0x64, 0x69, 
    0x76, 0x20, 0x63, 0x6c, 0x61, 0x73, 0x73, 0x3d, 0x27, 0x63, 0x6f, 0x6e, 0x74, 0x61, 0x69, 0x6e, 
    0x65, 0x72, 0x27, 0x3e, 0x0a, 0x20, 0x20, 0x20, 0x20, 0x20, 0x20, 0x20, 0x20, 0x3c, 0x68, 0x31, 
    0x3e, 0xf0, 0x9f, 0x9a, 0x80, 0x20, 0x57, 0x65, 0x62, 0x56, 0x69, 0x65, 0x77, 0x20, 0x41, 0x70, 
    0x70, 0x20, 0x44, 0x65, 0x6d, 0x6f, 0x3c, 0x2f, 0x68, 0x31, 0x3e, 0x0a, 0x20, 0x20, 0x20, 0x20, 
    0x20, 0x20, 0x20, 0x20, 0x3c, 0x70, 0x3e, 0x4c, 0x6f, 0x61, 0x64, 0x65, 0x64, 0x20, 0x66, 0x72, 
    0x6f, 0x6d, 0x20, 0x64, 0x69, 0x73, 0x74, 0x20, 0x66, 0x6f, 0x6c, 0x64, 0x65, 0x72, 0x20, 0x77, 
    0x69, 0x74, 0x68, 0x20, 0x65, 0x78, 0x74, 0x65, 0x72, 0x6e, 0x61, 0x6c, 0x20, 0x43, 0x53, 0x53, 
    0x20, 0x61, 0x6e, 0x64, 0x20, 0x4a, 0x53, 0x3c, 0x2f, 0x70, 0x3e, 0x0a, 0x20, 0x20, 0x20, 0x20, 
    0x20, 0x20, 0x20, 0x20, 0x0a, 0x20, 0x20, 0x20, 0x20, 0x20, 0x20, 0x20, 0x20, 0x3c, 0x64, 0x69, 
    0x76, 0x3e, 0x0a, 0x20, 0x20, 0x20, 0x20, 0x20, 0x20, 0x20, 0x20, 0x20, 0x20, 0x20, 0x20, 0x3c, 
    0x62, 0x75, 0x74, 0x74, 0x6f, 0x6e, 0x20, 0x6f, 0x6e, 0x63, 0x6c, 0x69, 0x63, 0x6b, 0x3d, 0x27, 
    0x74, 0x65, 0x73, 0x74, 0x47, 0x72, 0x65, 0x65, 0x74, 0x28, 0x29, 0x27, 0x3e, 0x53, 0x61, 0x79, 
    0x20, 0x48, 0x65, 0x6c, 0x6c, 0x6f, 0x3c, 0x2f, 0x62, 0x75, 0x74, 0x74, 0x6f, 0x6e, 0x3e, 0x0a, 
    0x20, 0x20, 0x20, 0x20, 0x20, 0x20, 0x20, 0x20, 0x20, 0x20, 0x20, 0x20, 0x3c, 0x62, 0x75, 0x74, 
    0x74, 0x6f, 0x6e, 0x20, 0x6f, 0x6e, 0x63, 0x6c, 0x69, 0x63, 0x6b, 0x3d, 0x27, 0x74, 0x65, 0x73, 
    0x74, 0x43, 0x61, 0x6c, 0x63, 0x75, 0x6c, 0x61, 0x74, 0x65, 0x28, 0x29, 0x27, 0x3e, 0x43, 0x61, 
    0x6c, 0x63, 0x75, 0x6c, 0x61, 0x74, 0x65, 0x3c, 0x2f, 0x62, 0x75, 0x74, 0x74, 0x6f, 0x6e, 0x3e, 
    0x0a, 0x20, 0x20, 0x20, 0x20, 0x20, 0x20, 0x20, 0x20, 0x20, 0x20, 0x20, 0x20, 0x3c, 0x62, 0x75, 
    0x74, 0x74, 0x6f, 0x6e, 0x20, 0x6f, 0x6e, 0x63, 0x6c, 0x69, 0x63, 0x6b, 0x3d, 0x27, 0x74, 0x65, 
    0x73, 0x74, 0x50, 0x72, 0x6f, 0x63, 0x65, 0x73, 0x73, 0x28, 0x29, 0x27, 0x3e, 0x50, 0x72, 0x6f, 
    0x63, 0x65, 0x73, 0x73, 0x20, 0x4f, 0x72, 0x64, 0x65, 0x72, 0x3c, 0x2f, 0x62, 0x75, 0x74, 0x74, 
    0x6f, 0x6e, 0x3e, 0x0a, 0x20, 0x20, 0x20, 0x20, 0x20, 0x20, 0x20, 0x20, 0x3c, 0x2f, 0x64, 0x69, 
    0x76, 0x3e, 0x0a, 0x20, 0x20, 0x20, 0x20, 0x20, 0x20, 0x20, 0x20, 0x0a, 0x20, 0x20, 0x20, 0x20, 
    0x20, 0x20, 0x20, 0x20, 0x3c, 0x64, 0x69, 0x76, 0x20, 0x69, 0x64, 0x3d, 0x27, 0x72, 0x65, 0x73, 
    0x75, 0x6c, 0x74, 0x27, 0x3e, 0x3c, 0x2f, 0x64, 0x69, 0x76, 0x3e, 0x0a, 0x20, 0x20, 0x20, 0x20, 
    0x3c, 0x2f, 0x64, 0x69, 0x76, 0x3e, 0x0a, 0x20, 0x20, 0x20, 0x20, 0x0a, 0x20, 0x20, 0x20, 0x20, 
    0x3c, 0x73, 0x63, 0x72, 0x69, 0x70, 0x74, 0x20, 0x73, 0x72, 0x63, 0x3d, 0x22, 0x61, 0x70, 0x70, 
    0x2e, 0x6a, 0x73, 0x22, 0x3e, 0x3c, 0x2f, 0x73, 0x63, 0x72, 0x69, 0x70, 0x74, 0x3e, 0x0a, 0x3c, 
    0x2f, 0x62, 0x6f, 0x64, 0x79, 0x3e, 0x0a, 0x3c, 0x2f, 0x68, 0x74, 0x6d, 0x6c, 0x3e, 0x0a, 
};

static const unsigned char embedded_interface_datetime_kyl_data[] = {
    0x2f, 0x2f, 0x20, 0x49, 0x6e, 0x74, 0x65, 0x72, 0x66, 0x61, 0x63, 0x65, 0x20, 0x66, 0x6f, 0x72, 
    0x20, 0x44, 0x61, 0x74, 0x65, 0x2f, 0x54, 0x69, 0x6d, 0x65, 0x20, 0x6c, 0x69, 0x62, 0x72, 0x61, 
    0x72, 0x79, 0x0a, 0x2f, 0x2f, 0x20, 0x44, 0x61, 0x74, 0x65, 0x74, 0x69, 0x6d, 0x65, 0x2d, 0x73, 
    0x70, 0x65, 0x63, 0x69, 0x66, 0x69, 0x63, 0x20, 0x68, 0x65, 0x6c, 0x70, 0x65, 0x72, 0x73, 0x0a, 
    0x69, 0x6e, 0x74, 0x65, 0x72, 0x66, 0x61, 0x63, 0x65, 0x20, 0x64, 0x61, 0x74, 0x65, 0x74, 0x69, 
    0x6d, 0x65, 0x20, 0x66, 0x72, 0x6f, 0x6d, 0x20, 0x22, 0x6c, 0x69, 0x62, 0x73, 0x2f, 0x6c, 0x69, 
    0x62, 0x6b, 0x79, 0x6c, 0x64, 0x61, 0x74, 0x65, 0x74, 0x69, 0x6d, 0x65, 0x2e, 0x73, 0x6f, 0x22, 
    0x20, 0x7b, 0x0a, 0x20, 0x20, 0x40, 0x61, 0x6c, 0x69, 0x61, 0x73, 0x28, 0x22, 0x6e, 0x6f, 0x77, 
    0x22, 0x29, 0x0a, 0x20, 0x20, 0x73, 0x74, 0x72, 0x69, 0x6e, 0x67, 0x20, 0x64, 0x61, 0x74, 0x65, 
    0x74, 0x69, 0x6d, 0x65, 0x5f, 0x6e, 0x6f, 0x77, 0x28, 0x29, 0x0a, 0x20, 0x20, 0x0a, 0x20, 0x20, 
    0x40, 0x61, 0x6c, 0x69, 0x61, 0x73, 0x28, 0x22, 0x63, 0x75, 0x72, 0x72, 0x65, 0x6e, 0x74, 0x22, 
    0x29, 0x0a, 0x20, 0x20, 0x73, 0x74, 0x72, 0x69, 0x6e, 0x67, 0x20, 0x64, 0x61, 0x74, 0x65, 0x74, 
    0x69, 0x6d, 0x65, 0x5f, 0x63, 0x75, 0x72, 0x72, 0x65, 0x6e, 0x74, 0x28, 0x29, 0x0a, 0x7d, 0x0a, 
    0x0a, 0x2f, 0x2f, 0x20, 0x44, 0x61, 0x74, 0x65, 0x20, 0x68, 0x65, 0x6c, 0x70, 0x65, 0x72, 0x73, 
    0x0a, 0x69, 0x6e, 0x74, 0x65, 0x72, 0x66, 0x61, 0x63, 0x65, 0x20, 0x64, 0x61, 0x74, 0x65, 0x20, 
    0x7b, 0x0a, 0x20, 0x20, 0x40, 0x61, 0x6c, 0x69, 0x61, 0x73, 0x28, 0x22, 0x6e, 0x6f, 0x77, 0x22, 
    0x29, 0x0a, 0x20, 0x20, 0x73, 0x74, 0x72, 0x69, 0x6e, 0x67, 0x20, 0x64, 0x61, 0x74, 0x65, 0x5f, 
    0x6e, 0x6f, 0x77, 0x28, 0x29, 0x0a, 0x20, 0x20, 0x0a, 0x20, 0x20, 0x40, 0x61, 0x6c, 0x69, 0x61, 
    0x73, 0x28, 0x22, 0x75, 0x6e, 0x69, 0x78, 0x22, 0x29, 0x0a, 0x20, 0x20, 0x69, 0x6e, 0x74, 0x36, 
    0x34, 0x20, 0x64, 0x61, 0x74, 0x65, 0x5f, 0x75, 0x6e, 0x69, 0x78, 0x28, 0x29, 0x0a, 0x20, 0x20, 
    0x0a, 0x20, 0x20, 0x40, 0x61, 0x6c, 0x69, 0x61, 0x73, 0x28, 0x22, 0x69, 0x73, 0x6f, 0x22, 0x29, 
    0x0a, 0x20, 0x20, 0x73, 0x74, 0x72, 0x69, 0x6e, 0x67, 0x20, 0x64, 0x61, 0x74, 0x65, 0x5f, 0x69, 
    0x73, 0x6f, 0x28, 0x64, 0x61, 0x74, 0x65, 0x3a, 0x20, 0x73, 0x74, 0x72, 0x69, 0x6e, 0x67, 0x29, 
    0x0a, 0x7d, 0x0a, 
};

static const unsigned char embedded_interface_math_kyl_data[] = {
    0x2f, 0x2f, 0x20, 0x49, 0x6e, 0x74, 0x65, 0x72, 0x66, 0x61, 0x63, 0x65, 0x20, 0x66, 0x6f, 0x72, 
    0x20, 0x4d, 0x61, 0x74, 0x68, 0x20, 0x6c, 0x69, 0x62, 0x72, 0x61, 0x72, 0x79, 0x0a, 0x69, 0x6e, 
    0x74, 0x65, 0x72, 0x66, 0x61, 0x63, 0x65, 0x20, 0x6d, 0x61, 0x74, 0x68, 0x20, 0x66, 0x72, 0x6f, 
    0x6d, 0x20, 0x22, 0x6c, 0x69, 0x62, 0x73, 0x2f, 0x6c, 0x69, 0x62, 0x6b, 0x79, 0x6c, 0x6d, 0x61, 
    0x74, 0x68, 0x2e, 0x73, 0x6f, 0x22, 0x20, 0x7b, 0x0a, 0x20, 0x20, 0x40, 0x61, 0x6c, 0x69, 0x61, 
    0x73, 0x28, 0x22, 0x61, 0x62, 0x73, 0x22, 0x29, 0x0a, 0x20, 0x20, 0x66, 0x6c, 0x6f, 0x61, 0x74, 
    0x36, 0x34, 0x20, 0x6d, 0x61, 0x74, 0x68, 0x5f, 0x61, 0x62, 0x73, 0x28, 0x78, 0x3a, 0x20, 0x66, 
    0x6c, 0x6f, 0x61, 0x74, 0x36, 0x34, 0x29, 0x0a, 0x20, 0x20, 0x0a, 0x20, 0x20, 0x40, 0x61, 0x6c, 
    0x69, 0x61, 0x73, 0x28, 0x22, 0x66, 0x6c, 0x6f, 0x6f, 0x72, 0x22, 0x29, 0x0a, 0x20, 0x20, 0x66, 
    0x6c, 0x6f, 0x61, 0x74, 0x36, 0x34, 0x20, 0x6d, 0x61, 0x74, 0x68, 0x5f, 0x66, 0x6c, 0x6f, 0x6f, 
    0x72, 0x28, 0x78, 0x3a, 0x20, 0x66, 0x6c, 0x6f, 0x61, 0x74, 0x36, 0x34, 0x29, 0x0a, 0x20, 0x20, 
    0x0a, 0x20, 0x20, 0x40, 0x61, 0x6c, 0x69, 0x61, 0x73, 0x28, 0x22, 0x63, 0x65, 0x69, 0x6c, 0x22, 
    0x29, 0x0a, 0x20, 0x20, 0x66, 0x6c, 0x6f, 0x61, 0x74, 0x36, 0x34, 0x20, 0x6d, 0x61, 0x74, 0x68, 
    0x5f, 0x63, 0x65, 0x69, 0x6c, 0x28, 0x78, 0x3a, 0x20, 0x66, 0x6c, 0x6f, 0x61, 0x74, 0x36, 0x34, 
    0x29, 0x0a, 0x20, 0x20, 0x0a, 0x20, 0x20, 0x40, 0x61, 0x6c, 0x69, 0x61, 0x73, 0x28, 0x22, 0x72, 
    0x6f, 0x75, 0x6e, 0x64, 0x22, 0x29, 0x0a, 0x20, 0x20, 0x66, 0x6c, 0x6f, 0x61, 0x74, 0x36, 0x34, 
    0x20, 0x6d, 0x61, 0x74, 0x68, 0x5f, 0x72, 0x6f, 0x75, 0x6e, 0x64, 0x28, 0x78, 0x3a, 0x20, 0x66, 
    0x6c, 0x6f, 0x61, 0x74, 0x36, 0x34, 0x29, 0x0a, 0x20, 0x20, 0x0a, 0x20, 0x20, 0x40, 0x61, 0x6c, 
    0x69, 0x61, 0x73, 0x28, 0x22, 0x73, 0x71, 0x72, 0x74, 0x22, 0x29, 0x0a, 0x20, 0x20, 0x66, 0x6c, 
    0x6f, 0x61, 0x74, 0x36, 0x34, 0x20, 0x6d, 0x61, 0x74, 0x68, 0x5f, 0x73, 0x71, 0x72, 0x74, 0x28, 
    0x78, 0x3a, 0x20, 0x66, 0x6c, 0x6f, 0x61, 0x74, 0x36, 0x34, 0x29, 0x0a, 0x20, 0x20, 0x0a, 0x20, 
    0x20, 0x40, 0x61, 0x6c, 0x69, 0x61, 0x73, 0x28, 0x22, 0x70, 0x6f, 0x77, 0x22, 0x29, 0x0a, 0x20, 
    0x20, 0x66, 0x6c, 0x6f, 0x61, 0x74, 0x36, 0x34, 0x20, 0x6d, 0x61, 0x74, 0x68, 0x5f, 0x70, 0x6f, 
    0x77, 0x28, 0x78, 0x3a, 0x20, 0x66, 0x6c, 0x6f, 0x61, 0x74, 0x36, 0x34, 0x2c, 0x20, 0x79, 0x3a, 
    0x20, 0x66, 0x6c, 0x6f, 0x61, 0x74, 0x36, 0x34, 0x29, 0x0a, 0x20, 0x20, 0x0a, 0x20, 0x20, 0x40, 
    0x61, 0x6c, 0x69, 0x61, 0x73, 0x28, 0x22, 0x73, 0x69, 0x6e, 0x22, 0x29, 0x0a, 0x20, 0x20, 0x66, 
    0x6c, 0x6f, 0x61, 0x74, 0x36, 0x34, 0x20, 0x6d, 0x61, 0x74, 0x68, 0x5f, 0x73, 0x69, 0x6e, 0x28, 
    0x78, 0x3a, 0x20, 0x66, 0x6c, 0x6f, 0x61, 0x74, 0x36, 0x34, 0x29, 0x0a, 0x20, 0x20, 0x0a, 0x20, 
    0x20, 0x40, 0x61, 0x6c, 0x69, 0x61, 0x73, 0x28, 0x22, 0x63, 0x6f, 0x73, 0x22, 0x29, 0x0a, 0x20, 
    0x20, 0x66, 0x6c, 0x6f, 0x61, 0x74, 0x36, 0x34, 0x20, 0x6d, 0x61, 0x74, 0x68, 0x5f, 0x63, 0x6f, 
    0x73, 0x28, 0x78, 0x3a, 0x20, 0x66, 0x6c, 0x6f, 0x61, 0x74, 0x36, 0x34, 0x29, 0x0a, 0x20, 0x20, 
    0x0a, 0x20, 0x20, 0x40, 0x61, 0x6c, 0x69, 0x61, 0x73, 0x28, 0x22, 0x74, 0x61, 0x6e, 0x22, 0x29, 
    0x0a, 0x20, 0x20, 0x66, 0x6c, 0x6f, 0x61, 0x74, 0x36, 0x34, 0x20, 0x6d, 0x61, 0x74, 0x68, 0x5f, 
    0x74, 0x61, 0x6e, 0x28, 0x78, 0x3a, 0x20, 0x66, 0x6c, 0x6f, 0x61, 0x74, 0x36, 0x34, 0x29, 0x0a, 
    0x7d, 0x0a, 
};

static const unsigned char embedded_interface_webview_app_kyl_data[] = {
    0x2f, 0x2f, 0x20, 0x57, 0x65, 0x62, 0x56, 0x69, 0x65, 0x77, 0x20, 0x41, 0x70, 0x70, 0x20, 0x46, 
    0x72, 0x61, 0x6d, 0x65, 0x77, 0x6f, 0x72, 0x6b, 0x20, 0x2d, 0x20, 0x53, 0x69, 0x6d, 0x70, 0x6c, 
    0x69, 0x66, 0x69, 0x65, 0x64, 0x20, 0x66, 0x6f, 0x72, 0x20, 0x4b, 0x75, 0x79, 0x69, 0x6c, 0x0a, 
    0x2f, 0x2f, 0x20, 0x43, 0x6c, 0x65, 0x61, 0x6e, 0x20, 0x41, 0x50, 0x49, 0x20, 0x66, 0x6f, 0x72, 
    0x20, 0x77, 0x65, 0x62, 0x76, 0x69, 0x65, 0x77, 0x20, 0x61, 0x70, 0x70, 0x73, 0x20, 0x77, 0x69, 
    0x74, 0x68, 0x20, 0x61, 0x76, 0x61, 0x74, 0x61, 0x72, 0x2d, 0x62, 0x61, 0x73, 0x65, 0x64, 0x20, 
    0x68, 0x61, 0x6e, 0x64, 0x6c, 0x65, 0x72, 0x73, 0x0a, 0x0a, 0x69, 0x6d, 0x70, 0x6f, 0x72, 0x74, 
    0x20, 0x22, 0x69, 0x6e, 0x74, 0x65, 0x72, 0x66, 0x61, 0x63, 0x65, 0x5f, 0x77, 0x65, 0x62, 0x76, 
    0x69, 0x65, 0x77, 0x2e, 0x6b, 0x79, 0x6c, 0x22, 0x0a, 0x69, 0x6d, 0x70, 0x6f, 0x72, 0x74, 0x20, 
    0x22, 0x69, 0x6e, 0x74, 0x65, 0x72, 0x66, 0x61, 0x63, 0x65, 0x5f, 0x73, 0x79, 0x73, 0x74, 0x65, 
    0x6d, 0x2e, 0x6b, 0x79, 0x6c, 0x22, 0x0a, 0x69, 0x6d, 0x70, 0x6f, 0x72, 0x74, 0x20, 0x22, 0x69, 
    0x6e, 0x74, 0x65, 0x72, 0x66, 0x61, 0x63, 0x65, 0x5f, 0x65, 0x76, 0x65, 0x6e, 0x74, 0x6c, 0x6f, 
    0x6f, 0x70, 0x2e, 0x6b, 0x79, 0x6c, 0x22, 0x0a, 0x69, 0x6d, 0x70, 0x6f, 0x72, 0x74, 0x20, 0x22, 
    0x69, 0x6e, 0x74, 0x65, 0x72, 0x66, 0x61, 0x63, 0x65, 0x5f, 0x73, 0x74, 0x72, 0x2e, 0x6b, 0x79, 
    0x6c, 0x22, 0x0a, 0x69, 0x6d, 0x70, 0x6f, 0x72, 0x74, 0x20, 0x22, 0x69, 0x6e, 0x74, 0x65, 0x72, 
    0x66, 0x61, 0x63, 0x65, 0x5f, 0x66, 0x69, 0x6c, 0x65, 0x69, 0x6f, 0x2e, 0x6b, 0x79, 0x6c, 0x22, 
    0x0a, 0x0a, 0x2f, 0x2f, 0x20, 0x47, 0x6c, 0x6f, 0x62, 0x61, 0x6c, 0x20, 0x73, 0x74, 0x61, 0x74, 
    0x65, 0x0a, 0x6c, 0x65, 0x74, 0x20, 0x67, 0x5f, 0x61, 0x70, 0x70, 0x5f, 0x77, 0x69, 0x6e, 0x64, 
    0x6f, 0x77, 0x20, 0x3d, 0x20, 0x6e, 0x69, 0x6c, 0x0a, 0x6c, 0x65, 0x74, 0x20, 0x67, 0x5f, 0x68, 
    0x61, 0x6e, 0x64, 0x6c, 0x65, 0x72, 0x5f, 0x6e, 0x61, 0x6d, 0x65, 0x73, 0x20, 0x3d, 0x20, 0x5b, 
    0x5d, 0x0a, 0x6c, 0x65, 0x74, 0x20, 0x67, 0x5f, 0x77, 0x6f, 0x72, 0x6b, 0x65, 0x72, 0x73, 0x20, 
    0x3d, 0x20, 0x5b, 0x5d, 0x20, 0x20, 0x2f, 0x2f, 0x20, 0x41, 0x76, 0x61, 0x74, 0x61, 0x72, 0x20, 
    0x77, 0x6f, 0x72, 0x6b, 0x65, 0x72, 0x20, 0x66, 0x75, 0x6e, 0x63, 0x74, 0x69, 0x6f, 0x6e, 0x73, 
    0x20, 0x66, 0x6f, 0x72, 0x20, 0x61, 0x73, 0x79, 0x6e, 0x63, 0x20, 0x65, 0x78, 0x65, 0x63, 0x75, 
    0x74, 0x69, 0x6f, 0x6e, 0x0a, 0x0a, 0x2f, 0x2f, 0x20, 0x53, 0x69, 0x6d, 0x70, 0x6c, 0x65, 0x20, 
    0x66, 0x6c, 0x61, 0x67, 0x2d, 0x62, 0x61, 0x73, 0x65, 0x64, 0x20, 0x73, 0x74, 0x61, 0x74, 0x65, 
    0x20, 0x66, 0x6f, 0x72, 0x20, 0x6d, 0x61, 0x69, 0x6e, 0x20, 0x6c, 0x6f, 0x6f, 0x70, 0x20, 0x61, 
    0x76, 0x61, 0x74, 0x61, 0x72, 0x20, 0x73, 0x70, 0x61, 0x77, 0x6e, 0x69, 0x6e, 0x67, 0x20, 0x28, 
    0x6c, 0x69, 0x6b, 0x65, 0x20, 0x77, 0x6f, 0x72, 0x6b, 0x69, 0x6e, 0x67, 0x20, 0x62, 0x72, 0x69, 
    0x64, 0x67, 0x65, 0x29, 0x0a, 0x6c, 0x65, 0x74, 0x20, 0x67, 0x5f, 0x70, 0x65, 0x6e, 0x64, 0x69, 
    0x6e, 0x67, 0x5f, 0x72, 0x65, 0x71, 0x75, 0x65, 0x73, 0x74, 0x5f, 0x69, 0x64, 0x20, 0x3d, 0x20, 
    0x22, 0x22, 0x0a, 0x6c, 0x65, 0x74, 0x20, 0x67, 0x5f, 0x70, 0x65, 0x6e, 0x64, 0x69, 0x6e, 0x67, 
    0x5f, 0x68, 0x61, 0x6e, 0x64, 0x6c, 0x65, 0x72, 0x5f, 0x6e, 0x61, 0x6d, 0x65, 0x20, 0x3d, 0x20, 
    0x22, 0x22, 0x0a, 0x6c, 0x65, 0x74, 0x20, 0x67, 0x5f, 0x70, 0x65, 0x6e, 0x64, 0x69, 0x6e, 0x67, 
    0x5f, 0x61, 0x72, 0x67, 0x73, 0x5f, 0x6a, 0x73, 0x6f, 0x6e, 0x20, 0x3d, 0x20, 0x22, 0x22, 0x0a, 
    0x6c, 0x65, 0x74, 0x20, 0x67, 0x5f, 0x70, 0x65, 0x6e, 0x64, 0x69, 0x6e, 0x67, 0x5f, 0x61, 0x76, 
    0x61, 0x74, 0x61, 0x72, 0x5f, 0x68, 0x61, 0x6e, 0x64, 0x6c, 0x65, 0x20, 0x3d, 0x20, 0x6e, 0x69, 
    0x6c, 0x0a, 0x6c, 0x65, 0x74, 0x20, 0x67, 0x5f, 0x70, 0x65, 0x6e, 0x64, 0x69, 0x6e, 0x67, 0x5f, 
    0x61, 0x76, 0x61, 0x74, 0x61, 0x72, 0x5f, 0x69, 0x64, 0x20, 0x3d, 0x20, 0x22, 0x22, 0x0a, 0x0a, 
    0x2f, 0x2f, 0x20, 0x43, 0x72, 0x65, 0x61, 0x74, 0x65, 0x20, 0x61, 0x70, 0x70, 0x20, 0x61, 0x6e, 
    0x64, 0x20, 0x72, 0x65, 0x67, 0x69, 0x73, 0x74, 0x65, 0x72, 0x20, 0x68, 0x61, 0x6e, 0x64, 0x6c, 
    0x65, 0x72, 0x73, 0x2c, 0x20, 0x74, 0x68, 0x65, 0x6e, 0x20, 0x72, 0x75, 0x6e, 0x0a, 0x66, 0x6e, 
    0x20, 0x72, 0x75, 0x6e, 0x57, 0x65, 0x62, 0x56, 0x69, 0x65, 0x77, 0x41, 0x70, 0x70, 0x28, 0x74, 
    0x69, 0x74, 0x6c, 0x65, 0x2c, 0x20, 0x68, 0x74, 0x6d, 0x6c, 0x43, 0x6f, 0x6e, 0x74, 0x65, 0x6e, 
    0x74, 0x29, 0x20, 0x7b, 0x0a, 0x20, 0x20, 0x20, 0x20, 0x5f, 0x72, 0x75, 0x6e, 0x57, 0x65, 0x62, 
    0x56, 0x69, 0x65, 0x77, 0x41, 0x70, 0x70, 0x49, 0x6e, 0x74, 0x65, 0x72, 0x6e, 0x61, 0x6c, 0x28, 
    0x74, 0x69, 0x74, 0x6c, 0x65, 0x2c, 0x20, 0x68, 0x74, 0x6d, 0x6c, 0x43, 0x6f, 0x6e, 0x74, 0x65, 
    0x6e, 0x74, 0x2c, 0x20, 0x6e, 0x69, 0x6c, 0x29, 0x0a, 0x7d, 0x0a, 0x0a, 0x2f, 0x2f, 0x20, 0x43, 
    0x72, 0x65, 0x61, 0x74, 0x65, 0x20, 0x61, 0x70, 0x70, 0x20, 0x66, 0x72, 0x6f, 0x6d, 0x20, 0x64, 
    0x69, 0x73, 0x74, 0x20, 0x66, 0x6f, 0x6c, 0x64, 0x65, 0x72, 0x20, 0x77, 0x69, 0x74, 0x68, 0x20, 
    0x69, 0x6e, 0x64, 0x65, 0x78, 0x2e, 0x68, 0x74, 0x6d, 0x6c, 0x0a, 0x66, 0x6e, 0x20, 0x72, 0x75, 
    0x6e, 0x57, 0x65, 0x62, 0x56, 0x69, 0x65, 0x77, 0x41, 0x70, 0x70, 0x46, 0x72, 0x6f, 0x6d, 0x44, 
    0x69, 0x73, 0x74, 0x28, 0x74, 0x69, 0x74, 0x6c, 0x65, 0x2c, 0x20, 0x64, 0x69, 0x73, 0x74, 0x46, 
    0x6f, 0x6c, 0x64, 0x65, 0x72, 0x29, 0x20, 0x7b, 0x0a, 0x20, 0x20, 0x20, 0x20, 0x5f, 0x72, 0x75, 
    0x6e, 0x57, 0x65, 0x62, 0x56, 0x69, 0x65, 0x77, 0x41, 0x70, 0x70, 0x49, 0x6e, 0x74, 0x65, 0x72, 
    0x6e, 0x61, 0x6c, 0x28, 0x74, 0x69, 0x74, 0x6c, 0x65, 0x2c, 0x20, 0x6e, 0x69, 0x6c, 0x2c, 0x20, 
    0x64, 0x69, 0x73, 0x74, 0x46, 0x6f, 0x6c, 0x64, 0x65, 0x72, 0x2c, 0x20, 0x66, 0x61, 0x6c, 0x73, 
    0x65, 0x29, 0x0a, 0x7d, 0x0a, 0x0a, 0x2f, 0x2f, 0x20, 0x43, 0x72, 0x65, 0x61, 0x74, 0x65, 0x20, 
    0x61, 0x70, 0x70, 0x20, 0x66, 0x72, 0x6f, 0x6d, 0x20, 0x65, 0x6d, 0x62, 0x65, 0x64, 0x64, 0x65, 
    0x64, 0x20, 0x72, 0x65, 0x73, 0x6f, 0x75, 0x72, 0x63, 0x65, 0x73, 0x20, 0x28, 0x68, 0x65, 0x61, 
    0x70, 0x66, 0x73, 0x29, 0x0a, 0x66, 0x6e, 0x20, 0x72, 0x75, 0x6e, 0x57, 0x65, 0x62, 0x56, 0x69, 
    0x65, 0x77, 0x41, 0x70, 0x70, 0x46, 0x72, 0x6f, 0x6d, 0x48, 0x65, 0x61, 0x70, 0x46, 0x53, 0x28, 
    0x74, 0x69, 0x74, 0x6c, 0x65, 0x29, 0x20, 0x7b, 0x0a, 0x20, 0x20, 0x20, 0x20, 0x5f, 0x72, 0x75, 
    0x6e, 0x57, 0x65, 0x62, 0x56, 0x69, 0x65, 0x77, 0x41, 0x70, 0x70, 0x49, 0x6e, 0x74, 0x65, 0x72, 
    0x6e, 0x61, 0x6c, 0x28, 0x74, 0x69, 0x74, 0x6c, 0x65, 0x2c, 0x20, 0x6e, 0x69, 0x6c, 0x2c, 0x20, 
    0x6e, 0x69, 0x6c, 0x2c, 0x20, 0x74, 0x72, 0x75, 0x65, 0x29, 0x0a, 0x7d, 0x0a, 0x0a, 0x2f, 0x2f, 
    0x20, 0x49, 0x6e, 0x74, 0x65, 0x72, 0x6e, 0x61, 0x6c, 0x3a, 0x20, 0x4d, 0x61, 0x69, 0x6e, 0x20, 
    0x61, 0x70, 0x70, 0x20, 0x72, 0x75, 0x6e, 0x6e, 0x65, 0x72, 0x0a, 0x66, 0x6e, 0x20, 0x5f, 0x72, 
    0x75, 0x6e, 0x57, 0x65, 0x62, 0x56, 0x69, 0x65, 0x77, 0x41, 0x70, 0x70, 0x49, 0x6e, 0x74, 0x65, 
    0x72, 0x6e, 0x61, 0x6c, 0x28, 0x74, 0x69, 0x74, 0x6c, 0x65, 0x2c, 0x20, 0x68, 0x74, 0x6d, 0x6c, 
    0x43, 0x6f, 0x6e, 0x74, 0x65, 0x6e, 0x74, 0x2c, 0x20, 0x64, 0x69, 0x73, 0x74, 0x46, 0x6f, 0x6c, 
    0x64, 0x65, 0x72, 0x2c, 0x20, 0x75, 0x73, 0x65, 0x48, 0x65, 0x61, 0x70, 0x46, 0x53, 0x29, 0x20, 
    0x7b, 0x0a, 0x20, 0x20, 0x20, 0x20, 0x70, 0x72, 0x69, 0x6e, 0x74, 0x28, 0x22, 0x5b, 0x46, 0x72, 
    0x61, 0x6d, 0x65, 0x77, 0x6f, 0x72, 0x6b, 0x5d, 0x20, 0x53, 0x74, 0x61, 0x72, 0x74, 0x69, 0x6e, 
    0x67, 0x3a, 0x20, 0x22, 0x20, 0x2b, 0x20, 0x74, 0x69, 0x74, 0x6c, 0x65, 0x29, 0x0a, 0x20, 0x20, 
    0x20, 0x20, 0x0a, 0x20, 0x20, 0x20, 0x20, 0x2f, 0x2f, 0x20, 0x49, 0x6e, 0x69, 0x74, 0x69, 0x61, 
    0x6c, 0x69, 0x7a, 0x65, 0x20, 0x77, 0x65, 0x62, 0x76, 0x69, 0x65, 0x77, 0x0a, 0x20, 0x20, 0x20, 
    0x20, 0x70, 0x72, 0x69, 0x6e, 0x74, 0x28, 0x22, 0x5b, 0x46, 0x72, 0x61, 0x6d, 0x65, 0x77, 0x6f, 
    0x72, 0x6b, 0x5d, 0x20, 0x44, 0x65, 0x62, 0x75, 0x67, 0x3a, 0x20, 0x69, 0x6e, 0x69, 0x74, 0x28, 
    0x29, 0x22, 0x29, 0x0a, 0x20, 0x20, 0x20, 0x20, 0x6c, 0x65, 0x74, 0x20, 0x69, 0x6e, 0x69, 0x74, 
    0x52, 0x65, 0x73, 0x75, 0x6c, 0x74, 0x20, 0x3d, 0x20, 0x69, 0x6e, 0x69, 0x74, 0x28, 0x29, 0x0a, 
    0x20, 0x20, 0x20, 0x20, 0x70, 0x72, 0x69, 0x6e, 0x74, 0x28, 0x22, 0x5b, 0x46, 0x72, 0x61, 0x6d, 
    0x65, 0x77, 0x6f, 0x72, 0x6b, 0x5d, 0x20, 0x44, 0x65, 0x62, 0x75, 0x67, 0x3a, 0x20, 0x69, 0x6e, 
    0x69, 0x74, 0x28, 0x29, 0x20, 0x3d, 0x20, 0x22, 0x20, 0x2b, 0x20, 0x69, 0x6e, 0x69, 0x74, 0x52, 
    0x65, 0x73, 0x75, 0x6c, 0x74, 0x29, 0x0a, 0x20, 0x20, 0x20, 0x20, 0x70, 0x72, 0x69, 0x6e, 0x74, 
    0x28, 0x22, 0x5b, 0x46, 0x72, 0x61, 0x6d, 0x65, 0x77, 0x6f, 0x72, 0x6b, 0x5d, 0x20, 0x44, 0x65, 
    0x62, 0x75, 0x67, 0x3a, 0x20, 0x63, 0x72, 0x65, 0x61, 0x74, 0x65, 0x44, 0x65, 0x66, 0x61, 0x75, 
    0x6c, 0x74, 0x53, 0x65, 0x74, 0x74, 0x69, 0x6e, 0x67, 0x73, 0x28, 0x29, 0x22, 0x29, 0x0a, 0x20, 
    0x20, 0x20, 0x20, 0x6c, 0x65, 0x74, 0x20, 0x73, 0x65, 0x74, 0x74, 0x69, 0x6e, 0x67, 0x73, 0x20, 
    0x3d, 0x20, 0x63, 0x72, 0x65, 0x61, 0x74, 0x65, 0x44, 0x65, 0x66, 0x61, 0x75, 0x6c, 0x74, 0x53, 
    0x65, 0x74, 0x74, 0x69, 0x6e, 0x67, 0x73, 0x28, 0x29, 0x0a, 0x20, 0x20, 0x20, 0x20, 0x70, 0x72, 
    0x69, 0x6e, 0x74, 0x28, 0x22, 0x5b, 0x46, 0x72, 0x61, 0x6d, 0x65, 0x77, 0x6f, 0x72, 0x6b, 0x5d, 
    0x20, 0x44, 0x65, 0x62, 0x75, 0x67, 0x3a, 0x20, 0x73, 0x65, 0x74, 0x74, 0x69, 0x6e, 0x67, 0x73, 
    0x20, 0x3d, 0x20, 0x22, 0x20, 0x2b, 0x20, 0x73, 0x65, 0x74, 0x74, 0x69, 0x6e, 0x67, 0x73, 0x29, 
    0x0a, 0x20, 0x20, 0x20, 0x20, 0x70, 0x72, 0x69, 0x6e, 0x74, 0x28, 0x22, 0x5b, 0x46, 0x72, 0x61, 
    0x6d, 0x65, 0x77, 0x6f, 0x72, 0x6b, 0x5d, 0x20, 0x44, 0x65, 0x62, 0x75, 0x67, 0x3a, 0x20, 0x63, 
    0x72, 0x65, 0x61, 0x74, 0x65, 0x28, 0x29, 0x22, 0x29, 0x0a, 0x20, 0x20, 0x20, 0x20, 0x67, 0x5f, 
    0x61, 0x70, 0x70, 0x5f, 0x77, 0x69, 0x6e, 0x64, 0x6f, 0x77, 0x20, 0x3d, 0x20, 0x63, 0x72, 0x65, 
    0x61, 0x74, 0x65, 0x28, 0x74, 0x69, 0x74, 0x6c, 0x65, 0x2c, 0x20, 0x73, 0x65, 0x74, 0x74, 0x69, 
    0x6e, 0x67, 0x73, 0x29, 0x0a, 0x20, 0x20, 0x20, 0x20, 0x70, 0x72, 0x69, 0x6e, 0x74, 0x28, 0x22, 
    0x5b, 0x46, 0x72, 0x61, 0x6d, 0x65, 0x77, 0x6f, 0x72, 0x6b, 0x5d, 0x20, 0x44, 0x65, 0x62, 0x75, 
    0x67, 0x3a, 0x20, 0x77, 0x69, 0x6e, 0x64, 0x6f, 0x77, 0x20, 0x63, 0x72, 0x65, 0x61, 0x74, 0x65, 
    0x64, 0x20, 0x3d, 0x20, 0x22, 0x20, 0x2b, 0x20, 0x67, 0x5f, 0x61, 0x70, 0x70, 0x5f, 0x77, 0x69, 
    0x6e, 0x64, 0x6f, 0x77, 0x29, 0x0a, 0x20, 0x20, 0x20, 0x20, 0x0a, 0x20, 0x20, 0x20, 0x20, 0x2f, 
    0x2f, 0x20, 0x4c, 0x6f, 0x61, 0x64, 0x20, 0x63, 0x6f, 0x6e, 0x74, 0x65, 0x6e, 0x74, 0x20, 0x2d, 
    0x20, 0x64, 0x65, 0x74, 0x65, 0x72, 0x6d, 0x69, 0x6e, 0x65, 0x20, 0x74, 0x68, 0x65, 0x20, 0x73, 
    0x74, 0x72, 0x61, 0x74, 0x65, 0x67, 0x79, 0x0a, 0x20, 0x20, 0x20, 0x20, 0x6c, 0x65, 0x74, 0x20, 
    0x66, 0x69, 0x6e, 0x61, 0x6c, 0x48, 0x74, 0x6d, 0x6c, 0x20, 0x3d, 0x20, 0x68, 0x74, 0x6d, 0x6c, 
    0x43, 0x6f, 0x6e, 0x74, 0x65, 0x6e, 0x74, 0x0a, 0x20, 0x20, 0x20, 0x20, 0x0a, 0x20, 0x20, 0x20, 
    0x20, 0x69, 0x66, 0x20, 0x75, 0x73, 0x65, 0x48, 0x65, 0x61, 0x70, 0x46, 0x53, 0x20, 0x7b, 0x0a, 
    0x20, 0x20, 0x20, 0x20, 0x20, 0x20, 0x20, 0x20, 0x2f, 0x2f, 0x20, 0x55, 0x73, 0x65, 0x20, 0x61, 
    0x70, 0x70, 0x2d, 0x68, 0x65, 0x61, 0x70, 0x66, 0x73, 0x3a, 0x2f, 0x2f, 0x20, 0x55, 0x52, 0x49, 
    0x20, 0x73, 0x63, 0x68, 0x65, 0x6d, 0x65, 0x20, 0x66, 0x6f, 0x72, 0x20, 0x65, 0x6d, 0x62, 0x65, 
    0x64, 0x64, 0x65, 0x64, 0x20, 0x72, 0x65, 0x73, 0x6f, 0x75, 0x72, 0x63, 0x65, 0x73, 0x0a, 0x20, 
    0x20, 0x20, 0x20, 0x20, 0x20, 0x20, 0x20, 0x70, 0x72, 0x69, 0x6e, 0x74, 0x28, 0x22, 0x5b, 0x46, 
    0x72, 0x61, 0x6d, 0x65, 0x77, 0x6f, 0x72, 0x6b, 0x5d, 0x20, 0x55, 0x73, 0x69, 0x6e, 0x67, 0x20, 
    0x65, 0x6d, 0x62, 0x65, 0x64, 0x64, 0x65, 0x64, 0x20, 0x72, 0x65, 0x73, 0x6f, 0x75, 0x72, 0x63, 
    0x65, 0x73, 0x20, 0x76, 0x69, 0x61, 0x20, 0x61, 0x70, 0x70, 0x2d, 0x68, 0x65, 0x61, 0x70, 0x66, 
    0x73, 0x3a, 0x2f, 0x2f, 0x20, 0x73, 0x63, 0x68, 0x65, 0x6d, 0x65, 0x22, 0x29, 0x0a, 0x20, 0x20, 
    0x20, 0x20, 0x20, 0x20, 0x20, 0x20, 0x66, 0x69, 0x6e, 0x61, 0x6c, 0x48, 0x74, 0x6d, 0x6c, 0x20, 
    0x3d, 0x20, 0x60, 0x3c, 0x21, 0x44, 0x4f, 0x43, 0x54, 0x59, 0x50, 0x45, 0x20, 0x68, 0x74, 0x6d, 
    0x6c, 0x3e, 0x0a, 0x3c, 0x68, 0x74, 0x6d, 0x6c, 0x3e, 0x0a, 0x3c, 0x68, 0x65, 0x61, 0x64, 0x3e, 
    0x0a, 0x20, 0x20, 0x20, 0x20, 0x3c, 0x6d, 0x65, 0x74, 0x61, 0x20, 0x63, 0x68, 0x61, 0x72, 0x73, 
    0x65, 0x74, 0x3d, 0x22, 0x55, 0x54, 0x46, 0x2d, 0x38, 0x22, 0x3e, 0x0a, 0x20, 0x20, 0x20, 0x20, 
    0x3c, 0x74, 0x69, 0x74, 0x6c, 0x65, 0x3e, 0x60, 0x20, 0x2b, 0x20, 0x74, 0x69, 0x74, 0x6c, 0x65, 
    0x20, 0x2b, 0x20, 0x60, 0x3c, 0x2f, 0x74, 0x69, 0x74, 0x6c, 0x65, 0x3e, 0x0a, 0x20, 0x20, 0x20, 
    0x20, 0x3c, 0x6c, 0x69, 0x6e, 0x6b, 0x20, 0x72, 0x65, 0x6c, 0x3d, 0x22, 0x73, 0x74, 0x79, 0x6c, 
    0x65, 0x73, 0x68, 0x65, 0x65, 0x74, 0x22, 0x20, 0x68, 0x72, 0x65, 0x66, 0x3d, 0x22, 0x61, 0x70, 
    0x70, 0x2d, 0x68, 0x65, 0x61, 0x70, 0x66, 0x73, 0x3a, 0x2f, 0x2f, 0x73, 0x74, 0x79, 0x6c, 0x65, 
    0x2e, 0x63, 0x73, 0x73, 0x22, 0x3e, 0x0a, 0x3c, 0x2f, 0x68, 0x65, 0x61, 0x64, 0x3e, 0x0a, 0x3c, 
    0x62, 0x6f, 0x64, 0x79, 0x3e, 0x0a, 0x20, 0x20, 0x20, 0x20, 0x3c, 0x64, 0x69, 0x76, 0x20, 0x69, 
    0x64, 0x3d, 0x22, 0x72, 0x6f, 0x6f, 0x74, 0x22, 0x3e, 0x3c, 0x2f, 0x64, 0x69, 0x76, 0x3e, 0x0a, 
    0x20, 0x20, 0x20, 0x20, 0x3c, 0x73, 0x63, 0x72, 0x69, 0x70, 0x74, 0x20, 0x73, 0x72, 0x63, 0x3d, 
    0x22, 0x61, 0x70, 0x70, 0x2d, 0x68, 0x65, 0x61, 0x70, 0x66, 0x73, 0x3a, 0x2f, 0x2f, 0x61, 0x70, 
    0x70, 0x2e, 0x6a, 0x73, 0x22, 0x3e, 0x3c, 0x2f, 0x73, 0x63, 0x72, 0x69, 0x70, 0x74, 0x3e, 0x0a, 
    0x3c, 0x2f, 0x62, 0x6f, 0x64, 0x79, 0x3e, 0x0a, 0x3c, 0x2f, 0x68, 0x74, 0x6d, 0x6c, 0x3e, 0x60, 
    0x0a, 0x20, 0x20, 0x20, 0x20, 0x7d, 0x20, 0x65, 0x6c, 0x73, 0x65, 0x20, 0x69, 0x66, 0x20, 0x64, 
    0x69, 0x73, 0x74, 0x46, 0x6f, 0x6c, 0x64, 0x65, 0x72, 0x20, 0x21, 0x3d, 0x20, 0x6e, 0x69, 0x6c, 
    0x20, 0x7b, 0x0a, 0x20, 0x20, 0x20, 0x20, 0x20, 0x20, 0x20, 0x20, 0x2f, 0x2f, 0x20, 0x43, 0x68, 
    0x65, 0x63, 0x6b, 0x20, 0x69, 0x66, 0x20, 0x75, 0x73, 0x69, 0x6e, 0x67, 0x20, 0x63, 0x75, 0x73, 
    0x74, 0x6f, 0x6d, 0x20, 0x48, 0x54, 0x4d, 0x4c, 0x20, 0x77, 0x69, 0x74, 0x68, 0x20, 0x65, 0x6d, 
    0x62, 0x65, 0x64, 0x64, 0x65, 0x64, 0x20, 0x72, 0x65, 0x73, 0x6f, 0x75, 0x72, 0x63, 0x65, 0x73, 
    0x20, 0x6f, 0x72, 0x20, 0x6c, 0x6f, 0x61, 0x64, 0x69, 0x6e, 0x67, 0x20, 0x66, 0x72, 0x6f, 0x6d, 
    0x20, 0x64, 0x69, 0x73, 0x6b, 0x0a, 0x20, 0x20, 0x20, 0x20, 0x20, 0x20, 0x20, 0x20, 0x69, 0x66, 
    0x20, 0x68, 0x65, 0x61, 0x70, 0x66, 0x73, 0x5f, 0x65, 0x78, 0x69, 0x73, 0x74, 0x73, 0x28, 0x22, 
    0x69, 0x6e, 0x64, 0x65, 0x78, 0x2e, 0x68, 0x74, 0x6d, 0x6c, 0x22, 0x29, 0x20, 0x7b, 0x0a, 0x20, 
    0x20, 0x20, 0x20, 0x20, 0x20, 0x20, 0x20, 0x20, 0x20, 0x20, 0x20, 0x70, 0x72, 0x69, 0x6e, 0x74, 
    0x28, 0x22, 0x5b, 0x46, 0x72, 0x61, 0x6d, 0x65, 0x77, 0x6f, 0x72, 0x6b, 0x5d, 0x20, 0x4c, 0x6f, 
    0x61, 0x64, 0x69, 0x6e, 0x67, 0x20, 0x69, 0x6e, 0x64, 0x65, 0x78, 0x2e, 0x68, 0x74, 0x6d, 0x6c, 
    0x20, 0x66, 0x72, 0x6f, 0x6d, 0x20, 0x65, 0x6d, 0x62, 0x65, 0x64, 0x64, 0x65, 0x64, 0x20, 0x72, 
    0x65, 0x73, 0x6f, 0x75, 0x72, 0x63, 0x65, 0x73, 0x22, 0x29, 0x0a, 0x20, 0x20, 0x20, 0x20, 0x20, 
    0x20, 0x20, 0x20, 0x20, 0x20, 0x20, 0x20, 0x6c, 0x65, 0x74, 0x20, 0x69, 0x6e, 0x66, 0x6f, 0x20, 
    0x3d, 0x20, 0x68, 0x65, 0x61, 0x70, 0x66, 0x73, 0x5f, 0x69, 0x6e, 0x66, 0x6f, 0x28, 0x22, 0x69, 
    0x6e, 0x64, 0x65, 0x78, 0x2e, 0x68, 0x74, 0x6d, 0x6c, 0x22, 0x29, 0x0a, 0x20, 0x20, 0x20, 0x20, 
    0x20, 0x20, 0x20, 0x20, 0x20, 0x20, 0x20, 0x20, 0x66, 0x69, 0x6e, 0x61, 0x6c, 0x48, 0x74, 0x6d, 
    0x6c, 0x20, 0x3d, 0x20, 0x73, 0x74, 0x72, 0x5f, 0x62, 0x79, 0x74, 0x65, 0x73, 0x54, 0x6f, 0x53, 
    0x74, 0x72, 0x69, 0x6e, 0x67, 0x28, 0x69, 0x6e, 0x66, 0x6f, 0x2e, 0x64, 0x61, 0x74, 0x61, 0x29, 
    0x0a, 0x20, 0x20, 0x20, 0x20, 0x20, 0x20, 0x20, 0x20, 0x20, 0x20, 0x20, 0x20, 0x2f, 0x2f, 0x20, 
    0x52, 0x65, 0x70, 0x6c, 0x61, 0x63, 0x65, 0x20, 0x72, 0x65, 0x6c, 0x61, 0x74, 0x69, 0x76, 0x65, 
    0x20, 0x70, 0x61, 0x74, 0x68, 0x73, 0x20, 0x77, 0x69, 0x74, 0x68, 0x20, 0x61, 0x70, 0x70, 0x2d, 
    0x68, 0x65, 0x61, 0x70, 0x66, 0x73, 0x3a, 0x2f, 0x2f, 0x20, 0x55, 0x52, 0x49, 0x73, 0x0a, 0x20, 
    0x20, 0x20, 0x20, 0x20, 0x20, 0x20, 0x20, 0x20, 0x20, 0x20, 0x20, 0x66, 0x69, 0x6e, 0x61, 0x6c, 
    0x48, 0x74, 0x6d, 0x6c, 0x20, 0x3d, 0x20, 0x73, 0x74, 0x72, 0x5f, 0x72, 0x65, 0x70, 0x6c, 0x61, 
    0x63, 0x65, 0x28, 0x66, 0x69, 0x6e, 0x61, 0x6c, 0x48, 0x74, 0x6d, 0x6c, 0x2c, 0x20, 0x22, 0x68, 
    0x72, 0x65, 0x66, 0x3d, 0x5c, 0x22, 0x73, 0x74, 0x79, 0x6c, 0x65, 0x2e, 0x63, 0x73, 0x73, 0x5c, 
    0x22, 0x22, 0x2c, 0x20, 0x22, 0x68, 0x72, 0x65, 0x66, 0x3d, 0x5c, 0x22, 0x61, 0x70, 0x70, 0x2d, 
    0x68, 0x65, 0x61, 0x70, 0x66, 0x73, 0x3a, 0x2f, 0x2f, 0x73, 0x74, 0x79, 0x6c, 0x65, 0x2e, 0x63, 
    0x73, 0x73, 0x5c, 0x22, 0x22, 0x29, 0x0a, 0x20, 0x20, 0x20, 0x20, 0x20, 0x20, 0x20, 0x20, 0x20, 
    0x20, 0x20, 0x20, 0x66, 0x69, 0x6e, 0x61, 0x6c, 0x48, 0x74, 0x6d, 0x6c, 0x20, 0x3d, 0x20, 0x73, 
    0x74, 0x72, 0x5f, 0x72, 0x65, 0x70, 0x6c, 0x61, 0x63, 0x65, 0x28, 0x66, 0x69, 0x6e, 0x61, 0x6c, 
    0x48, 0x74, 0x6d, 0x6c, 0x2c, 0x20, 0x22, 0x73, 0x72, 0x63, 0x3d, 0x5c, 0x22, 0x61, 0x70, 0x70, 
    0x2e, 0x6a, 0x73, 0x5c, 0x22, 0x22, 0x2c, 0x20, 0x22, 0x73, 0x72, 0x63, 0x3d, 0x5c, 0x22, 0x61, 
    0x70, 0x70, 0x2d, 0x68, 0x65, 0x61, 0x70, 0x66, 0x73, 0x3a, 0x2f, 0x2f, 0x61, 0x70, 0x70, 0x2e, 
    0x6a, 0x73, 0x5c, 0x22, 0x22, 0x29, 0x0a, 0x20, 0x20, 0x20, 0x20, 0x20, 0x20, 0x20, 0x20, 0x7d, 
    0x20, 0x65, 0x6c, 0x73, 0x65, 0x20, 0x7b, 0x0a, 0x20, 0x20, 0x20, 0x20, 0x20, 0x20, 0x20, 0x20, 
    0x20, 0x20, 0x20, 0x20, 0x2f, 0x2f, 0x20, 0x4c, 0x6f, 0x61, 0x64, 0x20, 0x66, 0x72, 0x6f, 0x6d, 
    0x20, 0x6c, 0x6f, 0x63, 0x61, 0x6c, 0x20, 0x66, 0x69, 0x6c, 0x65, 0x73, 0x79, 0x73, 0x74, 0x65, 
    0x6d, 0x20, 0x75, 0x73, 0x69, 0x6e, 0x67, 0x20, 0x61, 0x70, 0x70, 0x2d, 0x6c, 0x6f, 0x63, 0x61, 
    0x6c, 0x66, 0x73, 0x3a, 0x2f, 0x2f, 0x20, 0x73, 0x63, 0x68, 0x65, 0x6d, 0x65, 0x0a, 0x20, 0x20, 
    0x20, 0x20, 0x20, 0x20, 0x20, 0x20, 0x20, 0x20, 0x20, 0x20, 0x70, 0x72, 0x69, 0x6e, 0x74, 0x28, 
    0x22, 0x5b, 0x46, 0x72, 0x61, 0x6d, 0x65, 0x77, 0x6f, 0x72, 0x6b, 0x5d, 0x20, 0x4c, 0x6f, 0x61, 
    0x64, 0x69, 0x6e, 0x67, 0x20, 0x66, 0x72, 0x6f, 0x6d, 0x20, 0x64, 0x69, 0x73, 0x74, 0x3a, 0x20, 
    0x22, 0x20, 0x2b, 0x20, 0x64, 0x69, 0x73, 0x74, 0x46, 0x6f, 0x6c, 0x64, 0x65, 0x72, 0x29, 0x0a, 
    0x20, 0x20, 0x20, 0x20, 0x20, 0x20, 0x20, 0x20, 0x20, 0x20, 0x20, 0x20, 0x6c, 0x65, 0x74, 0x20, 
    0x69, 0x6e, 0x64, 0x65, 0x78, 0x50, 0x61, 0x74, 0x68, 0x20, 0x3d, 0x20, 0x64, 0x69, 0x73, 0x74, 
    0x46, 0x6f, 0x6c, 0x64, 0x65, 0x72, 0x20, 0x2b, 0x20, 0x22, 0x2f, 0x69, 0x6e, 0x64, 0x65, 0x78, 
    0x2e, 0x68, 0x74, 0x6d, 0x6c, 0x22, 0x0a, 0x20, 0x20, 0x20, 0x20, 0x20, 0x20, 0x20, 0x20, 0x20, 
    0x20, 0x20, 0x20, 0x0a, 0x20, 0x20, 0x20, 0x20, 0x20, 0x20, 0x20, 0x20, 0x20, 0x20, 0x20, 0x20, 
    0x2f, 0x2f, 0x20, 0x43, 0x68, 0x65, 0x63, 0x6b, 0x20, 0x69, 0x66, 0x20, 0x66, 0x69, 0x6c, 0x65, 
    0x20, 0x65, 0x78, 0x69, 0x73, 0x74, 0x73, 0x0a, 0x20, 0x20, 0x20, 0x20, 0x20, 0x20, 0x20, 0x20, 
    0x20, 0x20, 0x20, 0x20, 0x6c, 0x65, 0x74, 0x20, 0x66, 0x69, 0x6c, 0x65, 0x53, 0x69, 0x7a, 0x65, 
    0x20, 0x3d, 0x20, 0x66, 0x69, 0x6c, 0x65, 0x5f, 0x73, 0x69, 0x7a, 0x65, 0x28, 0x69, 0x6e, 0x64, 
    0x65, 0x78, 0x50, 0x61, 0x74, 0x68, 0x29, 0x0a, 0x20, 0x20, 0x20, 0x20, 0x20, 0x20, 0x20, 0x20, 
    0x20, 0x20, 0x20, 0x20, 0x69, 0x66, 0x20, 0x66, 0x69, 0x6c, 0x65, 0x53, 0x69, 0x7a, 0x65, 0x20, 
    0x3e, 0x20, 0x30, 0x20, 0x7b, 0x0a, 0x20, 0x20, 0x20, 0x20, 0x20, 0x20, 0x20, 0x20, 0x20, 0x20, 
    0x20, 0x20, 0x20, 0x20, 0x20, 0x20, 0x70, 0x72, 0x69, 0x6e, 0x74, 0x28, 0x22, 0x5b, 0x46, 0x72, 
    0x61, 0x6d, 0x65, 0x77, 0x6f, 0x72, 0x6b, 0x5d, 0x20, 0x46, 0x6f, 0x75, 0x6e, 0x64, 0x20, 0x69, 
    0x6e, 0x64, 0x65, 0x78, 0x2e, 0x68, 0x74, 0x6d, 0x6c, 0x20, 0x28, 0x22, 0x20, 0x2b, 0x20, 0x66, 
    0x69, 0x6c, 0x65, 0x53, 0x69, 0x7a, 0x65, 0x20, 0x2b, 0x20, 0x22, 0x20, 0x62, 0x79, 0x74, 0x65, 
    0x73, 0x29, 0x22, 0x29, 0x0a, 0x20, 0x20, 0x20, 0x20, 0x20, 0x20, 0x20, 0x20, 0x20, 0x20, 0x20, 
    0x20, 0x20, 0x20, 0x20, 0x20, 0x6c, 0x65, 0x74, 0x20, 0x63, 0x6f, 0x6e, 0x74, 0x65, 0x6e, 0x74, 
    0x20, 0x3d, 0x20, 0x66, 0x69, 0x6c, 0x65, 0x5f, 0x72, 0x65, 0x61, 0x64, 0x54, 0x65, 0x78, 0x74, 
    0x28, 0x69, 0x6e, 0x64, 0x65, 0x78, 0x50, 0x61, 0x74, 0x68, 0x29, 0x0a, 0x20, 0x20, 0x20, 0x20, 
    0x20, 0x20, 0x20, 0x20, 0x20, 0x20, 0x20, 0x20, 0x20, 0x20, 0x20, 0x20, 0x69, 0x66, 0x20, 0x63, 
    0x6f, 0x6e, 0x74, 0x65, 0x6e, 0x74, 0x20, 0x21, 0x3d, 0x20, 0x6e, 0x69, 0x6c, 0x20, 0x7b, 0x0a, 
    0x20, 0x20, 0x20, 0x20, 0x20, 0x20, 0x20, 0x20, 0x20, 0x20, 0x20, 0x20, 0x20, 0x20, 0x20, 0x20, 
    0x20, 0x20, 0x20, 0x20, 0x66, 0x69, 0x6e, 0x61, 0x6c, 0x48, 0x74, 0x6d, 0x6c, 0x20, 0x3d, 0x20, 
    0x63, 0x6f, 0x6e, 0x74, 0x65, 0x6e, 0x74, 0x0a, 0x20, 0x20, 0x20, 0x20, 0x20, 0x20, 0x20, 0x20, 
    0x20, 0x20, 0x20, 0x20, 0x20, 0x20, 0x20, 0x20, 0x20, 0x20, 0x20, 0x20, 0x2f, 0x2f, 0x20, 0x52, 
    0x65, 0x70, 0x6c, 0x61, 0x63, 0x65, 0x20, 0x72, 0x65, 0x6c, 0x61, 0x74, 0x69, 0x76, 0x65, 0x20, 
    0x70, 0x61, 0x74, 0x68, 0x73, 0x20, 0x77, 0x69, 0x74, 0x68, 0x20, 0x61, 0x70, 0x70, 0x2d, 0x6c, 
    0x6f, 0x63, 0x61, 0x6c, 0x66, 0x73, 0x3a, 0x2f, 0x2f, 0x20, 0x55, 0x52, 0x49, 0x73, 0x0a, 0x20, 
    0x20, 0x20, 0x20, 0x20, 0x20, 0x20, 0x20, 0x20, 0x20, 0x20, 0x20, 0x20, 0x20, 0x20, 0x20, 0x20, 
    0x20, 0x20, 0x20, 0x66, 0x69, 0x6e, 0x61, 0x6c, 0x48, 0x74, 0x6d, 0x6c, 0x20, 0x3d, 0x20, 0x73, 
    0x74, 0x72, 0x5f, 0x72, 0x65, 0x70, 0x6c, 0x61, 0x63, 0x65, 0x28, 0x66, 0x69, 0x6e, 0x61, 0x6c, 
    0x48, 0x74, 0x6d, 0x6c, 0x2c, 0x20, 0x22, 0x68, 0x72, 0x65, 0x66, 0x3d, 0x5c, 0x22, 0x73, 0x74, 
    0x79, 0x6c, 0x65, 0x2e, 0x63, 0x73, 0x73, 0x5c, 0x22, 0x22, 0x2c, 0x20, 0x22, 0x68, 0x72, 0x65, 
    0x66, 0x3d, 0x5c, 0x22, 0x61, 0x70, 0x70, 0x2d, 0x6c, 0x6f, 0x63, 0x61, 0x6c, 0x66, 0x73, 0x3a, 
    0x2f, 0x2f, 0x22, 0x20, 0x2b, 0x20, 0x64, 0x69, 0x73, 0x74, 0x46, 0x6f, 0x6c, 0x64, 0x65, 0x72, 
    0x20, 0x2b, 0x20, 0x22, 0x2f, 0x73, 0x74, 0x79, 0x6c, 0x65, 0x2e, 0x63, 0x73, 0x73, 0x5c, 0x22, 
    0x22, 0x29, 0x0a, 0x20, 0x20, 0x20, 0x20, 0x20, 0x20, 0x20, 0x20, 0x20, 0x20, 0x20, 0x20, 0x20, 
    0x20, 0x20, 0x20, 0x20, 0x20, 0x20, 0x20, 0x66, 0x69, 0x6e, 0x61, 0x6c, 0x48, 0x74, 0x6d, 0x6c, 
    0x20, 0x3d, 0x20, 0x73, 0x74, 0x72, 0x5f, 0x72, 0x65, 0x70, 0x6c, 0x61, 0x63, 0x65, 0x28, 0x66, 
    0x69, 0x6e, 0x61, 0x6c, 0x48, 0x74, 0x6d, 0x6c, 0x2c, 0x20, 0x22, 0x73, 0x72, 0x63, 0x3d, 0x5c, 
    0x22, 0x61, 0x70, 0x70, 0x2e, 0x6a, 0x73, 0x5c, 0x22, 0x22, 0x2c, 0x20, 0x22, 0x73, 0x72, 0x63, 
    0x3d, 0x5c, 0x22, 0x61, 0x70, 0x70, 0x2d, 0x6c, 0x6f, 0x63, 0x61, 0x6c, 0x66, 0x73, 0x3a, 0x2f, 
    0x2f, 0x22, 0x20, 0x2b, 0x20, 0x64, 0x69, 0x73, 0x74, 0x46, 0x6f, 0x6c, 0x64, 0x65, 0x72, 0x20, 
    0x2b, 0x20, 0x22, 0x2f, 0x61, 0x70, 0x70, 0x2e, 0x6a, 0x73, 0x5c, 0x22, 0x22, 0x29, 0x0a, 0x20, 
    0x20, 0x20, 0x20, 0x20, 0x20, 0x20, 0x20, 0x20, 0x20, 0x20, 0x20, 0x20, 0x20, 0x20, 0x20, 0x20, 
    0x20, 0x20, 0x20, 0x70, 0x72, 0x69, 0x6e, 0x74, 0x28, 0x22, 0x5b, 0x46, 0x72, 0x61, 0x6d, 0x65, 
    0x77, 0x6f, 0x72, 0x6b, 0x5d, 0x20, 0x4c, 0x6f, 0x61, 0x64, 0x65, 0x64, 0x20, 0x63, 0x6f, 0x6e, 
    0x74, 0x65, 0x6e, 0x74, 0x20, 0x77, 0x69, 0x74, 0x68, 0x20, 0x61, 0x70, 0x70, 0x2d, 0x6c, 0x6f, 
    0x63, 0x61, 0x6c, 0x66, 0x73, 0x3a, 0x2f, 0x2f, 0x20, 0x55, 0x52, 0x49, 0x73, 0x22, 0x29, 0x0a, 
    0x20, 0x20, 0x20, 0x20, 0x20, 0x20, 0x20, 0x20, 0x20, 0x20, 0x20, 0x20, 0x20, 0x20, 0x20, 0x20, 
    0x7d, 0x20, 0x65, 0x6c, 0x73, 0x65, 0x20, 0x7b, 0x0a, 0x20, 0x20, 0x20, 0x20, 0x20, 0x20, 0x20, 
    0x20, 0x20, 0x20, 0x20, 0x20, 0x20, 0x20, 0x20, 0x20, 0x20, 0x20, 0x20, 0x20, 0x70, 0x72, 0x69, 
    0x6e, 0x74, 0x28, 0x22, 0x5b, 0x46, 0x72, 0x61, 0x6d, 0x65, 0x77, 0x6f, 0x72, 0x6b, 0x5d, 0x20, 
    0x57, 0x61, 0x72, 0x6e, 0x69, 0x6e, 0x67, 0x3a, 0x20, 0x43, 0x6f, 0x75, 0x6c, 0x64, 0x20, 0x6e, 
    0x6f, 0x74, 0x20, 0x72, 0x65, 0x61, 0x64, 0x20, 0x66, 0x69, 0x6c, 0x65, 0x20, 0x63, 0x6f, 0x6e, 
    0x74, 0x65, 0x6e, 0x74, 0x22, 0x29, 0x0a, 0x20, 0x20, 0x20, 0x20, 0x20, 0x20, 0x20, 0x20, 0x20, 
    0x20, 0x20, 0x20, 0x20, 0x20, 0x20, 0x20, 0x20, 0x20, 0x20, 0x20, 0x69, 0x66, 0x20, 0x68, 0x74, 
    0x6d, 0x6c, 0x43, 0x6f, 0x6e, 0x74, 0x65, 0x6e, 0x74, 0x20, 0x3d, 0x3d, 0x20, 0x6e, 0x69, 0x6c, 
    0x20, 0x7b, 0x0a, 0x20, 0x20, 0x20, 0x20, 0x20, 0x20, 0x20, 0x20, 0x20, 0x20, 0x20, 0x20, 0x20, 
    0x20, 0x20, 0x20, 0x20, 0x20, 0x20, 0x20, 0x20, 0x20, 0x20, 0x20, 0x66, 0x69, 0x6e, 0x61, 0x6c, 
    0x48, 0x74, 0x6d, 0x6c, 0x20, 0x3d, 0x20, 0x22, 0x3c, 0x68, 0x74, 0x6d, 0x6c, 0x3e, 0x3c, 0x62, 
    0x6f, 0x64, 0x79, 0x3e, 0x3c, 0x68, 0x31, 0x3e, 0x45, 0x72, 0x72, 0x6f, 0x72, 0x3a, 0x20, 0x43, 
    0x6f, 0x75, 0x6c, 0x64, 0x20, 0x6e, 0x6f, 0x74, 0x20, 0x72, 0x65, 0x61, 0x64, 0x20, 0x48, 0x54, 
    0x4d, 0x4c, 0x3c, 0x2f, 0x68, 0x31, 0x3e, 0x3c, 0x2f, 0x62, 0x6f, 0x64, 0x79, 0x3e, 0x3c, 0x2f, 
    0x68, 0x74, 0x6d, 0x6c, 0x3e, 0x22, 0x0a, 0x20, 0x20, 0x20, 0x20, 0x20, 0x20, 0x20, 0x20, 0x20, 
    0x20, 0x20, 0x20, 0x20, 0x20, 0x20, 0x20, 0x20, 0x20, 0x20, 0x20, 0x7d, 0x0a, 0x20, 0x20, 0x20, 
    0x20, 0x20, 0x20, 0x20, 0x20, 0x20, 0x20, 0x20, 0x20, 0x20, 0x20, 0x20, 0x20, 0x7d, 0x0a, 0x20, 
    0x20, 0x20, 0x20, 0x20, 0x20, 0x20, 0x20, 0x20, 0x20, 0x20, 0x20, 0x7d, 0x20, 0x65, 0x6c, 0x73, 
    0x65, 0x20, 0x7b, 0x0a, 0x20, 0x20, 0x20, 0x20, 0x20, 0x20, 0x20, 0x20, 0x20, 0x20, 0x20, 0x20, 
    0x20, 0x20, 0x20, 0x20, 0x70, 0x72, 0x69, 0x6e, 0x74, 0x28, 0x22, 0x5b, 0x46, 0x72, 0x61, 0x6d, 
    0x65, 0x77, 0x6f, 0x72, 0x6b, 0x5d, 0x20, 0x57, 0x61, 0x72, 0x6e, 0x69, 0x6e, 0x67, 0x3a, 0x20, 
    0x69, 0x6e, 0x64, 0x65, 0x78, 0x2e, 0x68, 0x74, 0x6d, 0x6c, 0x20, 0x6e, 0x6f, 0x74, 0x20, 0x66, 
    0x6f, 0x75, 0x6e, 0x64, 0x20, 0x69, 0x6e, 0x20, 0x22, 0x20, 0x2b, 0x20, 0x64, 0x69, 0x73, 0x74, 
    0x46, 0x6f, 0x6c, 0x64, 0x65, 0x72, 0x29, 0x0a, 0x20, 0x20, 0x20, 0x20, 0x20, 0x20, 0x20, 0x20, 
    0x20, 0x20, 0x20, 0x20, 0x20, 0x20, 0x20, 0x20, 0x69, 0x66, 0x20, 0x68, 0x74, 0x6d, 0x6c, 0x43, 
    0x6f, 0x6e, 0x74, 0x65, 0x6e, 0x74, 0x20, 0x3d, 0x3d, 0x20, 0x6e, 0x69, 0x6c, 0x20, 0x7b, 0x0a, 
    0x20, 0x20, 0x20, 0x20, 0x20, 0x20, 0x20, 0x20, 0x20, 0x20, 0x20, 0x20, 0x20, 0x20, 0x20, 0x20, 
    0x20, 0x20, 0x20, 0x20, 0x66, 0x69, 0x6e, 0x61, 0x6c, 0x48, 0x74, 0x6d, 0x6c, 0x20, 0x3d, 0x20, 
    0x22, 0x3c, 0x68, 0x74, 0x6d, 0x6c, 0x3e, 0x3c, 0x62, 0x6f, 0x64, 0x79, 0x3e, 0x3c, 0x68, 0x31, 
    0x3e, 0x45, 0x72, 0x72, 0x6f, 0x72, 0x3a, 0x20, 0x69, 0x6e, 0x64, 0x65, 0x78, 0x2e, 0x68, 0x74, 
    0x6d, 0x6c, 0x20, 0x6e, 0x6f, 0x74, 0x20, 0x66, 0x6f, 0x75, 0x6e, 0x64, 0x3c, 0x2f, 0x68, 0x31, 
    0x3e, 0x3c, 0x2f, 0x62, 0x6f, 0x64, 0x79, 0x3e, 0x3c, 0x2f, 0x68, 0x74, 0x6d, 0x6c, 0x3e, 0x22, 
    0x0a, 0x20, 0x20, 0x20, 0x20, 0x20, 0x20, 0x20, 0x20, 0x20, 0x20, 0x20, 0x20, 0x20, 0x20, 0x20, 
    0x20, 0x7d, 0x0a, 0x20, 0x20, 0x20, 0x20, 0x20, 0x20, 0x20, 0x20, 0x20, 0x20, 0x20, 0x20, 0x7d, 
    0x0a, 0x20, 0x20, 0x20, 0x20, 0x20, 0x20, 0x20, 0x20, 0x7d, 0x0a, 0x20, 0x20, 0x20, 0x20, 0x7d, 
    0x0a, 0x20, 0x20, 0x20, 0x20, 0x0a, 0x20, 0x20, 0x20, 0x20, 0x2f, 0x2f, 0x20, 0x49, 0x6e, 0x6a, 
    0x65, 0x63, 0x74, 0x20, 0x66, 0x72, 0x61, 0x6d, 0x65, 0x77, 0x6f, 0x72, 0x6b, 0x20, 0x4a, 0x61, 
    0x76, 0x61, 0x53, 0x63, 0x72, 0x69, 0x70, 0x74, 0x0a, 0x20, 0x20, 0x20, 0x20, 0x70, 0x72, 0x69, 
    0x6e, 0x74, 0x28, 0x22, 0x5b, 0x46, 0x72, 0x61, 0x6d, 0x65, 0x77, 0x6f, 0x72, 0x6b, 0x5d, 0x20, 
    0x44, 0x65, 0x62, 0x75, 0x67, 0x3a, 0x20, 0x69, 0x6e, 0x6a, 0x65, 0x63, 0x74, 0x69, 0x6e, 0x67, 
    0x20, 0x4a, 0x53, 0x22, 0x29, 0x0a, 0x20, 0x20, 0x20, 0x20, 0x6c, 0x65, 0x74, 0x20, 0x65, 0x6e, 
    0x68, 0x61, 0x6e, 0x63, 0x65, 0x64, 0x20, 0x3d, 0x20, 0x5f, 0x69, 0x6e, 0x6a, 0x65, 0x63, 0x74, 
    0x46, 0x72, 0x61, 0x6d, 0x65, 0x77, 0x6f, 0x72, 0x6b, 0x4a, 0x53, 0x28, 0x66, 0x69, 0x6e, 0x61, 
    0x6c, 0x48, 0x74, 0x6d, 0x6c, 0x29, 0x0a, 0x20, 0x20, 0x20, 0x20, 0x70, 0x72, 0x69, 0x6e, 0x74, 
    0x28, 0x22, 0x5b, 0x46, 0x72, 0x61, 0x6d, 0x65, 0x77, 0x6f, 0x72, 0x6b, 0x5d, 0x20, 0x44, 0x65, 
    0x62, 0x75, 0x67, 0x3a, 0x20, 0x65, 0x6e, 0x68, 0x61, 0x6e, 0x63, 0x65, 0x64, 0x20, 0x48, 0x54, 
    0x4d, 0x4c, 0x20, 0x6c, 0x65, 0x6e, 0x67, 0x74, 0x68, 0x20, 0x3d, 0x20, 0x22, 0x20, 0x2b, 0x20, 
    0x73, 0x74, 0x72, 0x5f, 0x6c, 0x65, 0x6e, 0x67, 0x74, 0x68, 0x28, 0x65, 0x6e, 0x68, 0x61, 0x6e, 
    0x63, 0x65, 0x64, 0x29, 0x29, 0x0a, 0x20, 0x20, 0x20, 0x20, 0x70, 0x72, 0x69, 0x6e, 0x74, 0x28, 
    0x22, 0x5b, 0x46, 0x72, 0x61, 0x6d, 0x65, 0x77, 0x6f, 0x72, 0x6b, 0x5d, 0x20, 0x44, 0x65, 0x62, 
    0x75, 0x67, 0x3a, 0x20, 0x6c, 0x6f, 0x61, 0x64, 0x48, 0x74, 0x6d, 0x6c, 0x28, 0x29, 0x22, 0x29, 
    0x0a, 0x20, 0x20, 0x20, 0x20, 0x6c, 0x6f, 0x61, 0x64, 0x48, 0x74, 0x6d, 0x6c, 0x28, 0x67, 0x5f, 
    0x61, 0x70, 0x70, 0x5f, 0x77, 0x69, 0x6e, 0x64, 0x6f, 0x77, 0x2c, 0x20, 0x65, 0x6e, 0x68, 0x61, 
    0x6e, 0x63, 0x65, 0x64, 0x29, 0x0a, 0x20, 0x20, 0x20, 0x20, 0x0a, 0x20, 0x20, 0x20, 0x20, 0x2f, 
    0x2f, 0x20, 0x57, 0x61, 0x69, 0x74, 0x20, 0x66, 0x6f, 0x72, 0x20, 0x70, 0x61, 0x67, 0x65, 0x20, 
    0x6c, 0x6f, 0x61, 0x64, 0x0a, 0x20, 0x20, 0x20, 0x20, 0x70, 0x72, 0x69, 0x6e, 0x74, 0x28, 0x22, 
    0x5b, 0x46, 0x72, 0x61, 0x6d, 0x65, 0x77, 0x6f, 0x72, 0x6b, 0x5d, 0x20, 0x44, 0x65, 0x62, 0x75, 
    0x67, 0x3a, 0x20, 0x77, 0x61, 0x69, 0x74, 0x69, 0x6e, 0x67, 0x20, 0x66, 0x6f, 0x72, 0x20, 0x6c, 
    0x6f, 0x61, 0x64, 0x2e, 0x2e, 0x2e, 0x22, 0x29, 0x0a, 0x20, 0x20, 0x20, 0x20, 0x6c, 0x65, 0x74, 
    0x20, 0x69, 0x20, 0x3d, 0x20, 0x30, 0x0a, 0x20, 0x20, 0x20, 0x20, 0x77, 0x68, 0x69, 0x6c, 0x65, 
    0x20, 0x69, 0x20, 0x3c, 0x20, 0x33, 0x30, 0x20, 0x7b, 0x0a, 0x20, 0x20, 0x20, 0x20, 0x20, 0x20, 
    0x20, 0x20, 0x73, 0x74, 0x65, 0x70, 0x28, 0x67, 0x5f, 0x61, 0x70, 0x70, 0x5f, 0x77, 0x69, 0x6e, 
    0x64, 0x6f, 0x77, 0x29, 0x0a, 0x20, 0x20, 0x20, 0x20, 0x20, 0x20, 0x20, 0x20, 0x73, 0x6c, 0x65, 
    0x65, 0x70, 0x28, 0x31, 0x30, 0x29, 0x0a, 0x20, 0x20, 0x20, 0x20, 0x20, 0x20, 0x20, 0x20, 0x69, 
    0x2b, 0x2b, 0x0a, 0x20, 0x20, 0x20, 0x20, 0x7d, 0x0a, 0x20, 0x20, 0x20, 0x20, 0x0a, 0x20, 0x20, 
    0x20, 0x20, 0x2f, 0x2f, 0x20, 0x42, 0x69, 0x6e, 0x64, 0x20, 0x75, 0x6e, 0x69, 0x76, 0x65, 0x72, 
    0x73, 0x61, 0x6c, 0x20, 0x62, 0x72, 0x69, 0x64, 0x67, 0x65, 0x0a, 0x20, 0x20, 0x20, 0x20, 0x70, 
    0x72, 0x69, 0x6e, 0x74, 0x28, 0x22, 0x5b, 0x46, 0x72, 0x61, 0x6d, 0x65, 0x77, 0x6f, 0x72, 0x6b, 
    0x5d, 0x20, 0x44, 0x65, 0x62, 0x75, 0x67, 0x3a, 0x20, 0x62, 0x69, 0x6e, 0x64, 0x69, 0x6e, 0x67, 
    0x20, 0x62, 0x72, 0x69, 0x64, 0x67, 0x65, 0x22, 0x29, 0x0a, 0x20, 0x20, 0x20, 0x20, 0x62, 0x69, 
    0x6e, 0x64, 0x28, 0x67, 0x5f, 0x61, 0x70, 0x70, 0x5f, 0x77, 0x69, 0x6e, 0x64, 0x6f, 0x77, 0x2c, 
    0x20, 0x22, 0x5f, 0x5f, 0x6b, 0x75, 0x79, 0x69, 0x6c, 0x42, 0x72, 0x69, 0x64, 0x67, 0x65, 0x22, 
    0x2c, 0x20, 0x5f, 0x75, 0x6e, 0x69, 0x76, 0x65, 0x72, 0x73, 0x61, 0x6c, 0x42, 0x72, 0x69, 0x64, 
    0x67, 0x65, 0x29, 0x0a, 0x20, 0x20, 0x20, 0x20, 0x0a, 0x20, 0x20, 0x20, 0x20, 0x2f, 0x2f, 0x20, 
    0x42, 0x69, 0x6e, 0x64, 0x20, 0x63, 0x6f, 0x6e, 0x73, 0x6f, 0x6c, 0x65, 0x20, 0x6c, 0x6f, 0x67, 
    0x20, 0x66, 0x6f, 0x72, 0x77, 0x61, 0x72, 0x64, 0x65, 0x72, 0x0a, 0x20, 0x20, 0x20, 0x20, 0x62, 
    0x69, 0x6e, 0x64, 0x28, 0x67, 0x5f, 0x61, 0x70, 0x70, 0x5f, 0x77, 0x69, 0x6e, 0x64, 0x6f, 0x77, 
    0x2c, 0x20, 0x22, 0x5f, 0x5f, 0x6b, 0x75, 0x79, 0x69, 0x6c, 0x43, 0x6f, 0x6e, 0x73, 0x6f, 0x6c, 
    0x65, 0x22, 0x2c, 0x20, 0x5f, 0x63, 0x6f, 0x6e, 0x73, 0x6f, 0x6c, 0x65, 0x46, 0x6f, 0x72, 0x77, 
    0x61, 0x72, 0x64, 0x65, 0x72, 0x29, 0x0a, 0x20, 0x20, 0x20, 0x20, 0x0a, 0x20, 0x20, 0x20, 0x20, 
    0x70, 0x72, 0x69, 0x6e, 0x74, 0x28, 0x22, 0x5b, 0x46, 0x72, 0x61, 0x6d, 0x65, 0x77, 0x6f, 0x72, 
    0x6b, 0x5d, 0x20, 0x44, 0x65, 0x62, 0x75, 0x67, 0x3a, 0x20, 0x65, 0x6e, 0x61, 0x62, 0x6c, 0x69, 
    0x6e, 0x67, 0x20, 0x44, 0x65, 0x76, 0x54, 0x6f, 0x6f, 0x6c, 0x73, 0x22, 0x29, 0x0a, 0x20, 0x20, 
    0x20, 0x20, 0x65, 0x6e, 0x61, 0x62, 0x6c, 0x65, 0x44, 0x65, 0x76, 0x54, 0x6f, 0x6f, 0x6c, 0x73, 
    0x28, 0x67, 0x5f, 0x61, 0x70, 0x70, 0x5f, 0x77, 0x69, 0x6e, 0x64, 0x6f, 0x77, 0x2c, 0x20, 0x74, 
    0x72, 0x75, 0x65, 0x29, 0x0a, 0x20, 0x20, 0x20, 0x20, 0x0a, 0x20, 0x20, 0x20, 0x20, 0x70, 0x72, 
    0x69, 0x6e, 0x74, 0x28, 0x22, 0x5b, 0x46, 0x72, 0x61, 0x6d, 0x65, 0x77, 0x6f, 0x72, 0x6b, 0x5d, 
    0x20, 0x44, 0x65, 0x62, 0x75, 0x67, 0x3a, 0x20, 0x73, 0x68, 0x6f, 0x77, 0x28, 0x29, 0x22, 0x29, 
    0x0a, 0x20, 0x20, 0x20, 0x20, 0x73, 0x68, 0x6f, 0x77, 0x28, 0x67, 0x5f, 0x61, 0x70, 0x70, 0x5f, 
    0x77, 0x69, 0x6e, 0x64, 0x6f, 0x77, 0x29, 0x0a, 0x20, 0x20, 0x20, 0x20, 0x70, 0x72, 0x69, 0x6e, 
    0x74, 0x28, 0x22, 0x5b, 0x46, 0x72, 0x61, 0x6d, 0x65, 0x77, 0x6f, 0x72, 0x6b, 0x5d, 0x20, 0x52, 
    0x75, 0x6e, 0x6e, 0x69, 0x6e, 0x67, 0x5c, 0x6e, 0x22, 0x29, 0x0a, 0x20, 0x20, 0x20, 0x20, 0x0a, 
    0x20, 0x20, 0x20, 0x20, 0x2f, 0x2f, 0x20, 0x45, 0x76, 0x65, 0x6e, 0x74, 0x20, 0x6c, 0x6f, 0x6f, 
    0x70, 0x20, 0x2d, 0x20, 0x6c, 0x69, 0x6b, 0x65, 0x20, 0x77, 0x6f, 0x72, 0x6b, 0x69, 0x6e, 0x67, 
    0x20, 0x62, 0x72, 0x69, 0x64, 0x67, 0x65, 0x0a, 0x20, 0x20, 0x20, 0x20, 0x77, 0x68, 0x69, 0x6c, 
    0x65, 0x20, 0x69, 0x73, 0x5f, 0x6f, 0x70, 0x65, 0x6e, 0x28, 0x67, 0x5f, 0x61, 0x70, 0x70, 0x5f, 
    0x77, 0x69, 0x6e, 0x64, 0x6f, 0x77, 0x29, 0x20, 0x7b, 0x0a, 0x20, 0x20, 0x20, 0x20, 0x20, 0x20, 
    0x20, 0x20, 0x73, 0x74, 0x65, 0x70, 0x28, 0x67, 0x5f, 0x61, 0x70, 0x70, 0x5f, 0x77, 0x69, 0x6e, 
    0x64, 0x6f, 0x77, 0x29, 0x0a, 0x20, 0x20, 0x20, 0x20, 0x20, 0x20, 0x20, 0x20, 0x70, 0x72, 0x6f, 
    0x63, 0x65, 0x73, 0x73, 0x41, 0x76, 0x61, 0x74, 0x61, 0x72, 0x43, 0x6f, 0x6d, 0x70, 0x6c, 0x65, 
    0x74, 0x69, 0x6f, 0x6e, 0x73, 0x28, 0x31, 0x30, 0x29, 0x0a, 0x20, 0x20, 0x20, 0x20, 0x20, 0x20, 
    0x20, 0x20, 0x0a, 0x20, 0x20, 0x20, 0x20, 0x20, 0x20, 0x20, 0x20, 0x2f, 0x2f, 0x20, 0x43, 0x68, 
    0x65, 0x63, 0x6b, 0x20, 0x69, 0x66, 0x20, 0x74, 0x68, 0x65, 0x72, 0x65, 0x27, 0x73, 0x20, 0x61, 
    0x20, 0x70, 0x65, 0x6e, 0x64, 0x69, 0x6e, 0x67, 0x20, 0x72, 0x65, 0x71, 0x75, 0x65, 0x73, 0x74, 
    0x20, 0x74, 0x6f, 0x20, 0x73, 0x70, 0x61, 0x77, 0x6e, 0x20, 0x61, 0x76, 0x61, 0x74, 0x61, 0x72, 
    0x20, 0x66, 0x6f, 0x72, 0x0a, 0x20, 0x20, 0x20, 0x20, 0x20, 0x20, 0x20, 0x20, 0x69, 0x66, 0x20, 
    0x28, 0x67, 0x5f, 0x70, 0x65, 0x6e, 0x64, 0x69, 0x6e, 0x67, 0x5f, 0x72, 0x65, 0x71, 0x75, 0x65, 
    0x73, 0x74, 0x5f, 0x69, 0x64, 0x20, 0x21, 0x3d, 0x20, 0x22, 0x22, 0x29, 0x20, 0x7b, 0x0a, 0x20, 
    0x20, 0x20, 0x20, 0x20, 0x20, 0x20, 0x20, 0x20, 0x20, 0x20, 0x20, 0x70, 0x72, 0x69, 0x6e, 0x74, 
    0x28, 0x22, 0x5b, 0x46, 0x72, 0x61, 0x6d, 0x65, 0x77, 0x6f, 0x72, 0x6b, 0x5d, 0x20, 0x53, 0x70, 
    0x61, 0x77, 0x6e, 0x69, 0x6e, 0x67, 0x20, 0x61, 0x76, 0x61, 0x74, 0x61, 0x72, 0x20, 0x66, 0x6f, 
    0x72, 0x3a, 0x20, 0x22, 0x20, 0x2b, 0x20, 0x67, 0x5f, 0x70, 0x65, 0x6e, 0x64, 0x69, 0x6e, 0x67, 
    0x5f, 0x72, 0x65, 0x71, 0x75, 0x65, 0x73, 0x74, 0x5f, 0x69, 0x64, 0x29, 0x0a, 0x20, 0x20, 0x20, 
    0x20, 0x20, 0x20, 0x20, 0x20, 0x20, 0x20, 0x20, 0x20, 0x0a, 0x20, 0x20, 0x20, 0x20, 0x20, 0x20, 
    0x20, 0x20, 0x20, 0x20, 0x20, 0x20, 0x2f, 0x2f, 0x20, 0x46, 0x69, 0x6e, 0x64, 0x20, 0x77, 0x6f, 
    0x72, 0x6b, 0x65, 0x72, 0x0a, 0x20, 0x20, 0x20, 0x20, 0x20, 0x20, 0x20, 0x20, 0x20, 0x20, 0x20, 
    0x20, 0x6c, 0x65, 0x74, 0x20, 0x69, 0x64, 0x78, 0x20, 0x3d, 0x20, 0x2d, 0x31, 0x0a, 0x20, 0x20, 
    0x20, 0x20, 0x20, 0x20, 0x20, 0x20, 0x20, 0x20, 0x20, 0x20, 0x6c, 0x65, 0x74, 0x20, 0x69, 0x20, 
    0x3d, 0x20, 0x30, 0x0a, 0x20, 0x20, 0x20, 0x20, 0x20, 0x20, 0x20, 0x20, 0x20, 0x20, 0x20, 0x20, 
    0x77, 0x68, 0x69, 0x6c, 0x65, 0x20, 0x69, 0x20, 0x3c, 0x20, 0x67, 0x5f, 0x68, 0x61, 0x6e, 0x64, 
    0x6c, 0x65, 0x72, 0x5f, 0x6e, 0x61, 0x6d, 0x65, 0x73, 0x2e, 0x6c, 0x65, 0x6e, 0x67, 0x74, 0x68, 
    0x20, 0x7b, 0x0a, 0x20, 0x20, 0x20, 0x20, 0x20, 0x20, 0x20, 0x20, 0x20, 0x20, 0x20, 0x20, 0x20, 
    0x20, 0x20, 0x20, 0x69, 0x66, 0x20, 0x67, 0x5f, 0x68, 0x61, 0x6e, 0x64, 0x6c, 0x65, 0x72, 0x5f, 
    0x6e, 0x61, 0x6d, 0x65, 0x73, 0x5b, 0x69, 0x5d, 0x20, 0x3d, 0x3d, 0x20, 0x67, 0x5f, 0x70, 0x65, 
    0x6e, 0x64, 0x69, 0x6e, 0x67, 0x5f, 0x68, 0x61, 0x6e, 0x64, 0x6c, 0x65, 0x72, 0x5f, 0x6e, 0x61, 
    0x6d, 0x65, 0x20, 0x7b, 0x0a, 0x20, 0x20, 0x20, 0x20, 0x20, 0x20, 0x20, 0x20, 0x20, 0x20, 0x20, 
    0x20, 0x20, 0x20, 0x20, 0x20, 0x20, 0x20, 0x20, 0x20, 0x69, 0x64, 0x78, 0x20, 0x3d, 0x20, 0x69, 
    0x0a, 0x20, 0x20, 0x20, 0x20, 0x20, 0x20, 0x20, 0x20, 0x20, 0x20, 0x20, 0x20, 0x20, 0x20, 0x20, 
    0x20, 0x7d, 0x0a, 0x20, 0x20, 0x20, 0x20, 0x20, 0x20, 0x20, 0x20, 0x20, 0x20, 0x20, 0x20, 0x20, 
    0x20, 0x20, 0x20, 0x69, 0x2b, 0x2b, 0x0a, 0x20, 0x20, 0x20, 0x20, 0x20, 0x20, 0x20, 0x20, 0x20, 
    0x20, 0x20, 0x20, 0x7d, 0x0a, 0x20, 0x20, 0x20, 0x20, 0x20, 0x20, 0x20, 0x20, 0x20, 0x20, 0x20, 
    0x20, 0x0a, 0x20, 0x20, 0x20, 0x20, 0x20, 0x20, 0x20, 0x20, 0x20, 0x20, 0x20, 0x20, 0x69, 0x66, 
    0x20, 0x69, 0x64, 0x78, 0x20, 0x21, 0x3d, 0x20, 0x2d, 0x31, 0x20, 0x7b, 0x0a, 0x20, 0x20, 0x20, 
    0x20, 0x20, 0x20, 0x20, 0x20, 0x20, 0x20, 0x20, 0x20, 0x20, 0x20, 0x20, 0x20, 0x6c, 0x65, 0x74, 
    0x20, 0x77, 0x6f, 0x72, 0x6b, 0x65, 0x72, 0x20, 0x3d, 0x20, 0x67, 0x5f, 0x77, 0x6f, 0x72, 0x6b, 
    0x65, 0x72, 0x73, 0x5b, 0x69, 0x64, 0x78, 0x5d, 0x0a, 0x20, 0x20, 0x20, 0x20, 0x20, 0x20, 0x20, 
    0x20, 0x20, 0x20, 0x20, 0x20, 0x20, 0x20, 0x20, 0x20, 0x67, 0x5f, 0x70, 0x65, 0x6e, 0x64, 0x69, 
    0x6e, 0x67, 0x5f, 0x61, 0x76, 0x61, 0x74, 0x61, 0x72, 0x5f, 0x68, 0x61, 0x6e, 0x64, 0x6c, 0x65, 
    0x20, 0x3d, 0x20, 0x61, 0x76, 0x61, 0x74, 0x61, 0x72, 0x20, 0x77, 0x6f, 0x72, 0x6b, 0x65, 0x72, 
    0x28, 0x67, 0x5f, 0x70, 0x65, 0x6e, 0x64, 0x69, 0x6e, 0x67, 0x5f, 0x61, 0x72, 0x67, 0x73, 0x5f, 
    0x6a, 0x73, 0x6f, 0x6e, 0x29, 0x0a, 0x20, 0x20, 0x20, 0x20, 0x20, 0x20, 0x20, 0x20, 0x20, 0x20, 
    0x20, 0x20, 0x20, 0x20, 0x20, 0x20, 0x67, 0x5f, 0x70, 0x65, 0x6e, 0x64, 0x69, 0x6e, 0x67, 0x5f, 
    0x61, 0x76, 0x61, 0x74, 0x61, 0x72, 0x5f, 0x69, 0x64, 0x20, 0x3d, 0x20, 0x67, 0x5f, 0x70, 0x65, 
    0x6e, 0x64, 0x69, 0x6e, 0x67, 0x5f, 0x72, 0x65, 0x71, 0x75, 0x65, 0x73, 0x74, 0x5f, 0x69, 0x64, 
    0x0a, 0x20, 0x20, 0x20, 0x20, 0x20, 0x20, 0x20, 0x20, 0x20, 0x20, 0x20, 0x20, 0x20, 0x20, 0x20, 
    0x20, 0x70, 0x72, 0x69, 0x6e, 0x74, 0x28, 0x22, 0x5b, 0x46, 0x72, 0x61, 0x6d, 0x65, 0x77, 0x6f, 
    0x72, 0x6b, 0x5d, 0x20, 0x41, 0x76, 0x61, 0x74, 0x61, 0x72, 0x20, 0x73, 0x70, 0x61, 0x77, 0x6e, 
    0x65, 0x64, 0x20, 0x77, 0x69, 0x74, 0x68, 0x20, 0x68, 0x61, 0x6e, 0x64, 0x6c, 0x65, 0x3a, 0x20, 
    0x22, 0x20, 0x2b, 0x20, 0x67, 0x5f, 0x70, 0x65, 0x6e, 0x64, 0x69, 0x6e, 0x67, 0x5f, 0x61, 0x76, 
    0x61, 0x74, 0x61, 0x72, 0x5f, 0x68, 0x61, 0x6e, 0x64, 0x6c, 0x65, 0x29, 0x0a, 0x20, 0x20, 0x20, 
    0x20, 0x20, 0x20, 0x20, 0x20, 0x20, 0x20, 0x20, 0x20, 0x7d, 0x20, 0x65, 0x6c, 0x73, 0x65, 0x20, 
    0x7b, 0x0a, 0x20, 0x20, 0x20, 0x20, 0x20, 0x20, 0x20, 0x20, 0x20, 0x20, 0x20, 0x20, 0x20, 0x20, 
    0x20, 0x20, 0x70, 0x72, 0x69, 0x6e, 0x74, 0x28, 0x22, 0x5b, 0x46, 0x72, 0x61, 0x6d, 0x65, 0x77, 
    0x6f, 0x72, 0x6b, 0x5d, 0x20, 0x45, 0x52, 0x52, 0x4f, 0x52, 0x3a, 0x20, 0x48, 0x61, 0x6e, 0x64, 
    0x6c, 0x65, 0x72, 0x20, 0x6e, 0x6f, 0x74, 0x20, 0x66, 0x6f, 0x75, 0x6e, 0x64, 0x3a, 0x20, 0x22, 
    0x20, 0x2b, 0x20, 0x67, 0x5f, 0x70, 0x65, 0x6e, 0x64, 0x69, 0x6e, 0x67, 0x5f, 0x68, 0x61, 0x6e, 
    0x64, 0x6c, 0x65, 0x72, 0x5f, 0x6e, 0x61, 0x6d, 0x65, 0x29, 0x0a, 0x20, 0x20, 0x20, 0x20, 0x20, 
    0x20, 0x20, 0x20, 0x20, 0x20, 0x20, 0x20, 0x7d, 0x0a, 0x20, 0x20, 0x20, 0x20, 0x20, 0x20, 0x20, 
    0x20, 0x20, 0x20, 0x20, 0x20, 0x0a, 0x20, 0x20, 0x20, 0x20, 0x20, 0x20, 0x20, 0x20, 0x20, 0x20, 
    0x20, 0x20, 0x2f, 0x2f, 0x20, 0x43, 0x6c, 0x65, 0x61, 0x72, 0x20, 0x72, 0x65, 0x71, 0x75, 0x65, 
    0x73, 0x74, 0x20, 0x66, 0x6c, 0x61, 0x67, 0x73, 0x0a, 0x20, 0x20, 0x20, 0x20, 0x20, 0x20, 0x20, 
    0x20, 0x20, 0x20, 0x20, 0x20, 0x67, 0x5f, 0x70, 0x65, 0x6e, 0x64, 0x69, 0x6e, 0x67, 0x5f, 0x72, 
    0x65, 0x71, 0x75, 0x65, 0x73, 0x74, 0x5f, 0x69, 0x64, 0x20, 0x3d, 0x20, 0x22, 0x22, 0x0a, 0x20, 
    0x20, 0x20, 0x20, 0x20, 0x20, 0x20, 0x20, 0x20, 0x20, 0x20, 0x20, 0x67, 0x5f, 0x70, 0x65, 0x6e, 
    0x64, 0x69, 0x6e, 0x67, 0x5f, 0x68, 0x61, 0x6e, 0x64, 0x6c, 0x65, 0x72, 0x5f, 0x6e, 0x61, 0x6d, 
    0x65, 0x20, 0x3d, 0x20, 0x22, 0x22, 0x0a, 0x20, 0x20, 0x20, 0x20, 0x20, 0x20, 0x20, 0x20, 0x20, 
    0x20, 0x20, 0x20, 0x67, 0x5f, 0x70, 0x65, 0x6e, 0x64, 0x69, 0x6e, 0x67, 0x5f, 0x61, 0x72, 0x67, 
    0x73, 0x5f, 0x6a, 0x73, 0x6f, 0x6e, 0x20, 0x3d, 0x20, 0x22, 0x22, 0x0a, 0x20, 0x20, 0x20, 0x20, 
    0x20, 0x20, 0x20, 0x20, 0x7d, 0x0a, 0x20, 0x20, 0x20, 0x20, 0x20, 0x20, 0x20, 0x20, 0x0a, 0x20, 
    0x20, 0x20, 0x20, 0x20, 0x20, 0x20, 0x20, 0x2f, 0x2f, 0x20, 0x43, 0x68, 0x65, 0x63, 0x6b, 0x20, 
    0x69, 0x66, 0x20, 0x61, 0x76, 0x61, 0x74, 0x61, 0x72, 0x20, 0x63, 0x6f, 0x6d, 0x70, 0x6c, 0x65, 
    0x74, 0x65, 0x64, 0x20, 0x28, 0x6e, 0x6f, 0x6e, 0x2d, 0x62, 0x6c, 0x6f, 0x63, 0x6b, 0x69, 0x6e, 
    0x67, 0x20, 0x61, 0x77, 0x61, 0x69, 0x74, 0x29, 0x0a, 0x20, 0x20, 0x20, 0x20, 0x20, 0x20, 0x20, 
    0x20, 0x69, 0x66, 0x20, 0x28, 0x67, 0x5f, 0x70, 0x65, 0x6e, 0x64, 0x69, 0x6e, 0x67, 0x5f, 0x61, 
    0x76, 0x61, 0x74, 0x61, 0x72, 0x5f, 0x68, 0x61, 0x6e, 0x64, 0x6c, 0x65, 0x20, 0x21, 0x3d, 0x20, 
    0x6e, 0x69, 0x6c, 0x29, 0x20, 0x7b, 0x0a, 0x20, 0x20, 0x20, 0x20, 0x20, 0x20, 0x20, 0x20, 0x20, 
    0x20, 0x20, 0x20, 0x6c, 0x65, 0x74, 0x20, 0x72, 0x65, 0x73, 0x75, 0x6c, 0x74, 0x20, 0x3d, 0x20, 
    0x61, 0x77, 0x61, 0x69, 0x74, 0x20, 0x67, 0x5f, 0x70, 0x65, 0x6e, 0x64, 0x69, 0x6e, 0x67, 0x5f, 
    0x61, 0x76, 0x61, 0x74, 0x61, 0x72, 0x5f, 0x68, 0x61, 0x6e, 0x64, 0x6c, 0x65, 0x0a, 0x20, 0x20, 
    0x20, 0x20, 0x20, 0x20, 0x20, 0x20, 0x20, 0x20, 0x20, 0x20, 0x70, 0x72, 0x69, 0x6e, 0x74, 0x28, 
    0x22, 0x5b, 0x46, 0x72, 0x61, 0x6d, 0x65, 0x77, 0x6f, 0x72, 0x6b, 0x5d, 0x20, 0x41, 0x76, 0x61, 
    0x74, 0x61, 0x72, 0x20, 0x63, 0x6f, 0x6d, 0x70, 0x6c, 0x65, 0x74, 0x65, 0x64, 0x3a, 0x20, 0x22, 
    0x20, 0x2b, 0x20, 0x67, 0x5f, 0x70, 0x65, 0x6e, 0x64, 0x69, 0x6e, 0x67, 0x5f, 0x61, 0x76, 0x61, 
    0x74, 0x61, 0x72, 0x5f, 0x69, 0x64, 0x20, 0x2b, 0x20, 0x22, 0x20, 0x3d, 0x20, 0x22, 0x20, 0x2b, 
    0x20, 0x72, 0x65, 0x73, 0x75, 0x6c, 0x74, 0x29, 0x0a, 0x20, 0x20, 0x20, 0x20, 0x20, 0x20, 0x20, 
    0x20, 0x20, 0x20, 0x20, 0x20, 0x0a, 0x20, 0x20, 0x20, 0x20, 0x20, 0x20, 0x20, 0x20, 0x20, 0x20, 
    0x20, 0x20, 0x2f, 0x2f, 0x20, 0x50, 0x75, 0x73, 0x68, 0x20, 0x72, 0x65, 0x73, 0x70, 0x6f, 0x6e, 
    0x73, 0x65, 0x20, 0x74, 0x6f, 0x20, 0x4a, 0x61, 0x76, 0x61, 0x53, 0x63, 0x72, 0x69, 0x70, 0x74, 
    0x20, 0x69, 0x6d, 0x6d, 0x65, 0x64, 0x69, 0x61, 0x74, 0x65, 0x6c, 0x79, 0x0a, 0x20, 0x20, 0x20, 
    0x20, 0x20, 0x20, 0x20, 0x20, 0x20, 0x20, 0x20, 0x20, 0x6c, 0x65, 0x74, 0x20, 0x6a, 0x73, 0x20, 
    0x3d, 0x20, 0x22, 0x77, 0x69, 0x6e, 0x64, 0x6f, 0x77, 0x2e, 0x68, 0x61, 0x6e, 0x64, 0x6c, 0x65, 
    0x4b, 0x75, 0x79, 0x69, 0x6c, 0x52, 0x65, 0x73, 0x70, 0x6f, 0x6e, 0x73, 0x65, 0x28, 0x27, 0x22, 
    0x20, 0x2b, 0x20, 0x67, 0x5f, 0x70, 0x65, 0x6e, 0x64, 0x69, 0x6e, 0x67, 0x5f, 0x61, 0x76, 0x61, 
    0x74, 0x61, 0x72, 0x5f, 0x69, 0x64, 0x20, 0x2b, 0x20, 0x22, 0x27, 0x2c, 0x27, 0x22, 0x20, 0x2b, 
    0x20, 0x72, 0x65, 0x73, 0x75, 0x6c, 0x74, 0x20, 0x2b, 0x20, 0x22, 0x27, 0x29, 0x3b, 0x22, 0x0a, 
    0x20, 0x20, 0x20, 0x20, 0x20, 0x20, 0x20, 0x20, 0x20, 0x20, 0x20, 0x20, 0x70, 0x72, 0x69, 0x6e, 
    0x74, 0x28, 0x22, 0x5b, 0x46, 0x72, 0x61, 0x6d, 0x65, 0x77, 0x6f, 0x72, 0x6b, 0x5d, 0x20, 0x50, 
    0x75, 0x73, 0x68, 0x69, 0x6e, 0x67, 0x20, 0x74, 0x6f, 0x20, 0x4a, 0x53, 0x3a, 0x20, 0x22, 0x20, 
    0x2b, 0x20, 0x6a, 0x73, 0x29, 0x0a, 0x20, 0x20, 0x20, 0x20, 0x20, 0x20, 0x20, 0x20, 0x20, 0x20, 
    0x20, 0x20, 0x65, 0x76, 0x61, 0x6c, 0x28, 0x67, 0x5f, 0x61, 0x70, 0x70, 0x5f, 0x77, 0x69, 0x6e, 
    0x64, 0x6f, 0x77, 0x2c, 0x20, 0x6a, 0x73, 0x29, 0x0a, 0x20, 0x20, 0x20, 0x20, 0x20, 0x20, 0x20, 
    0x20, 0x20, 0x20, 0x20, 0x20, 0x0a, 0x20, 0x20, 0x20, 0x20, 0x20, 0x20, 0x20, 0x20, 0x20, 0x20, 
    0x20, 0x20, 0x2f, 0x2f, 0x20, 0x43, 0x6c, 0x65, 0x61, 0x72, 0x20, 0x61, 0x76, 0x61, 0x74, 0x61, 
    0x72, 0x20, 0x73, 0x74, 0x61, 0x74, 0x65, 0x0a, 0x20, 0x20, 0x20, 0x20, 0x20, 0x20, 0x20, 0x20, 
    0x20, 0x20, 0x20, 0x20, 0x67, 0x5f, 0x70, 0x65, 0x6e, 0x64, 0x69, 0x6e, 0x67, 0x5f, 0x61, 0x76, 
    0x61, 0x74, 0x61, 0x72, 0x5f, 0x68, 0x61, 0x6e, 0x64, 0x6c, 0x65, 0x20, 0x3d, 0x20, 0x6e, 0x69, 
    0x6c, 0x0a, 0x20, 0x20, 0x20, 0x20, 0x20, 0x20, 0x20, 0x20, 0x20, 0x20, 0x20, 0x20, 0x67, 0x5f, 
    0x70, 0x65, 0x6e, 0x64, 0x69, 0x6e, 0x67, 0x5f, 0x61, 0x76, 0x61, 0x74, 0x61, 0x72, 0x5f, 0x69, 
    0x64, 0x20, 0x3d, 0x20, 0x22, 0x22, 0x0a, 0x20, 0x20, 0x20, 0x20, 0x20, 0x20, 0x20, 0x20, 0x7d, 
    0x0a, 0x20, 0x20, 0x20, 0x20, 0x20, 0x20, 0x20, 0x20, 0x0a, 0x20, 0x20, 0x20, 0x20, 0x20, 0x20, 
    0x20, 0x20, 0x73, 0x6c, 0x65, 0x65, 0x70, 0x28, 0x31, 0x30, 0x29, 0x0a, 0x20, 0x20, 0x20, 0x20, 
    0x7d, 0x0a, 0x20, 0x20, 0x20, 0x20, 0x0a, 0x20, 0x20, 0x20, 0x20, 0x70, 0x72, 0x69, 0x6e, 0x74, 
    0x28, 0x22, 0x5b, 0x46, 0x72, 0x61, 0x6d, 0x65, 0x77, 0x6f, 0x72, 0x6b, 0x5d, 0x20, 0x43, 0x6c, 
    0x6f, 0x73, 0x65, 0x64, 0x22, 0x29, 0x0a, 0x7d, 0x0a, 0x0a, 0x2f, 0x2f, 0x20, 0x52, 0x65, 0x67, 
    0x69, 0x73, 0x74, 0x65, 0x72, 0x20, 0x61, 0x20, 0x68, 0x61, 0x6e, 0x64, 0x6c, 0x65, 0x72, 0x20, 
    0x2d, 0x20, 0x63, 0x61, 0x6c, 0x6c, 0x20, 0x62, 0x65, 0x66, 0x6f, 0x72, 0x65, 0x20, 0x72, 0x75, 
    0x6e, 0x57, 0x65, 0x62, 0x56, 0x69, 0x65, 0x77, 0x41, 0x70, 0x70, 0x0a, 0x66, 0x6e, 0x20, 0x72, 
    0x65, 0x67, 0x69, 0x73, 0x74, 0x65, 0x72, 0x48, 0x61, 0x6e, 0x64, 0x6c, 0x65, 0x72, 0x28, 0x6e, 
    0x61, 0x6d, 0x65, 0x2c, 0x20, 0x77, 0x6f, 0x72, 0x6b, 0x65, 0x72, 0x46, 0x75, 0x6e, 0x63, 0x29, 
    0x20, 0x7b, 0x0a, 0x20, 0x20, 0x20, 0x20, 0x67, 0x5f, 0x68, 0x61, 0x6e, 0x64, 0x6c, 0x65, 0x72, 
    0x5f, 0x6e, 0x61, 0x6d, 0x65, 0x73, 0x20, 0x3d, 0x20, 0x67, 0x5f, 0x68, 0x61, 0x6e, 0x64, 0x6c, 
    0x65, 0x72, 0x5f, 0x6e, 0x61, 0x6d, 0x65, 0x73, 0x20, 0x2b, 0x20, 0x5b, 0x6e, 0x61, 0x6d, 0x65, 
    0x5d, 0x0a, 0x20, 0x20, 0x20, 0x20, 0x67, 0x5f, 0x77, 0x6f, 0x72, 0x6b, 0x65, 0x72, 0x73, 0x20, 
    0x3d, 0x20, 0x67, 0x5f, 0x77, 0x6f, 0x72, 0x6b, 0x65, 0x72, 0x73, 0x20, 0x2b, 0x20, 0x5b, 0x77, 
    0x6f, 0x72, 0x6b, 0x65, 0x72, 0x46, 0x75, 0x6e, 0x63, 0x5d, 0x0a, 0x20, 0x20, 0x20, 0x20, 0x70, 
    0x72, 0x69, 0x6e, 0x74, 0x28, 0x22, 0x5b, 0x46, 0x72, 0x61, 0x6d, 0x65, 0x77, 0x6f, 0x72, 0x6b, 
    0x5d, 0x20, 0x52, 0x65, 0x67, 0x69, 0x73, 0x74, 0x65, 0x72, 0x65, 0x64, 0x3a, 0x20, 0x22, 0x20, 
    0x2b, 0x20, 0x6e, 0x61, 0x6d, 0x65, 0x29, 0x0a, 0x7d, 0x0a, 0x0a, 0x2f, 0x2f, 0x20, 0x49, 0x6e, 
    0x74, 0x65, 0x72, 0x6e, 0x61, 0x6c, 0x3a, 0x20, 0x55, 0x6e, 0x69, 0x76, 0x65, 0x72, 0x73, 0x61, 
    0x6c, 0x20, 0x62, 0x72, 0x69, 0x64, 0x67, 0x65, 0x20, 0x2d, 0x20, 0x73, 0x65, 0x74, 0x73, 0x20, 
    0x66, 0x6c, 0x61, 0x67, 0x73, 0x20, 0x66, 0x6f, 0x72, 0x20, 0x6d, 0x61, 0x69, 0x6e, 0x20, 0x6c, 
    0x6f, 0x6f, 0x70, 0x20, 0x74, 0x6f, 0x20, 0x73, 0x70, 0x61, 0x77, 0x6e, 0x20, 0x61, 0x76, 0x61, 
    0x74, 0x61, 0x72, 0x0a, 0x66, 0x6e, 0x20, 0x5f, 0x75, 0x6e, 0x69, 0x76, 0x65, 0x72, 0x73, 0x61, 
    0x6c, 0x42, 0x72, 0x69, 0x64, 0x67, 0x65, 0x28, 0x63, 0x6f, 0x6d, 0x62, 0x69, 0x6e, 0x65, 0x64, 
    0x29, 0x20, 0x7b, 0x0a, 0x20, 0x20, 0x20, 0x20, 0x6c, 0x65, 0x74, 0x20, 0x70, 0x61, 0x72, 0x74, 
    0x73, 0x20, 0x3d, 0x20, 0x73, 0x74, 0x72, 0x5f, 0x73, 0x70, 0x6c, 0x69, 0x74, 0x28, 0x63, 0x6f, 
    0x6d, 0x62, 0x69, 0x6e, 0x65, 0x64, 0x2c, 0x20, 0x22, 0x7c, 0x22, 0x29, 0x0a, 0x20, 0x20, 0x20, 
    0x20, 0x6c, 0x65, 0x74, 0x20, 0x72, 0x65, 0x71, 0x49, 0x64, 0x20, 0x3d, 0x20, 0x70, 0x61, 0x72, 
    0x74, 0x73, 0x5b, 0x30, 0x5d, 0x0a, 0x20, 0x20, 0x20, 0x20, 0x6c, 0x65, 0x74, 0x20, 0x68, 0x61, 
    0x6e, 0x64, 0x6c, 0x65, 0x72, 0x4e, 0x61, 0x6d, 0x65, 0x20, 0x3d, 0x20, 0x70, 0x61, 0x72, 0x74, 
    0x73, 0x5b, 0x31, 0x5d, 0x0a, 0x20, 0x20, 0x20, 0x20, 0x6c, 0x65, 0x74, 0x20, 0x61, 0x72, 0x67, 
    0x73, 0x4a, 0x73, 0x6f, 0x6e, 0x20, 0x3d, 0x20, 0x70, 0x61, 0x72, 0x74, 0x73, 0x5b, 0x32, 0x5d, 
    0x0a, 0x20, 0x20, 0x20, 0x20, 0x0a, 0x20, 0x20, 0x20, 0x20, 0x70, 0x72, 0x69, 0x6e, 0x74, 0x28, 
    0x22, 0x5b, 0x46, 0x72, 0x61, 0x6d, 0x65, 0x77, 0x6f, 0x72, 0x6b, 0x5d, 0x20, 0x42, 0x72, 0x69, 
    0x64, 0x67, 0x65, 0x3a, 0x20, 0x22, 0x20, 0x2b, 0x20, 0x68, 0x61, 0x6e, 0x64, 0x6c, 0x65, 0x72, 
    0x4e, 0x61, 0x6d, 0x65, 0x20, 0x2b, 0x20, 0x22, 0x20, 0x28, 0x49, 0x44, 0x3a, 0x20, 0x22, 0x20, 
    0x2b, 0x20, 0x72, 0x65, 0x71, 0x49, 0x64, 0x20, 0x2b, 0x20, 0x22, 0x29, 0x22, 0x29, 0x0a, 0x20, 
    0x20, 0x20, 0x20, 0x0a, 0x20, 0x20, 0x20, 0x20, 0x2f, 0x2f, 0x20, 0x53, 0x65, 0x74, 0x20, 0x66, 
    0x6c, 0x61, 0x67, 0x73, 0x20, 0x66, 0x6f, 0x72, 0x20, 0x6d, 0x61, 0x69, 0x6e, 0x20, 0x6c, 0x6f, 
    0x6f, 0x70, 0x20, 0x74, 0x6f, 0x20, 0x73, 0x70, 0x61, 0x77, 0x6e, 0x20, 0x61, 0x76, 0x61, 0x74, 
    0x61, 0x72, 0x20, 0x28, 0x6c, 0x69, 0x6b, 0x65, 0x20, 0x77, 0x6f, 0x72, 0x6b, 0x69, 0x6e, 0x67, 
    0x20, 0x62, 0x72, 0x69, 0x64, 0x67, 0x65, 0x20, 0x70, 0x61, 0x74, 0x74, 0x65, 0x72, 0x6e, 0x29, 
    0x0a, 0x20, 0x20, 0x20, 0x20, 0x67, 0x5f, 0x70, 0x65, 0x6e, 0x64, 0x69, 0x6e, 0x67, 0x5f, 0x72, 
    0x65, 0x71, 0x75, 0x65, 0x73, 0x74, 0x5f, 0x69, 0x64, 0x20, 0x3d, 0x20, 0x72, 0x65, 0x71, 0x49, 
    0x64, 0x0a, 0x20, 0x20, 0x20, 0x20, 0x67, 0x5f, 0x70, 0x65, 0x6e, 0x64, 0x69, 0x6e, 0x67, 0x5f, 
    0x68, 0x61, 0x6e, 0x64, 0x6c, 0x65, 0x72, 0x5f, 0x6e, 0x61, 0x6d, 0x65, 0x20, 0x3d, 0x20, 0x68, 
    0x61, 0x6e, 0x64, 0x6c, 0x65, 0x72, 0x4e, 0x61, 0x6d, 0x65, 0x0a, 0x20, 0x20, 0x20, 0x20, 0x67, 
    0x5f, 0x70, 0x65, 0x6e, 0x64, 0x69, 0x6e, 0x67, 0x5f, 0x61, 0x72, 0x67, 0x73, 0x5f, 0x6a, 0x73, 
    0x6f, 0x6e, 0x20, 0x3d, 0x20, 0x61, 0x72, 0x67, 0x73, 0x4a, 0x73, 0x6f, 0x6e, 0x0a, 0x20, 0x20, 
    0x20, 0x20, 0x0a, 0x20, 0x20, 0x20, 0x20, 0x70, 0x72, 0x69, 0x6e, 0x74, 0x28, 0x22, 0x5b, 0x46, 
    0x72, 0x61, 0x6d, 0x65, 0x77, 0x6f, 0x72, 0x6b, 0x5d, 0x20, 0x51, 0x75, 0x65, 0x75, 0x65, 0x64, 
    0x3a, 0x20, 0x22, 0x20, 0x2b, 0x20, 0x72, 0x65, 0x71, 0x49, 0x64, 0x29, 0x0a, 0x20, 0x20, 0x20, 
    0x20, 0x72, 0x65, 0x74, 0x75, 0x72, 0x6e, 0x20, 0x72, 0x65, 0x71, 0x49, 0x64, 0x0a, 0x7d, 0x0a, 
    0x0a, 0x2f, 0x2f, 0x20, 0x49, 0x6e, 0x74, 0x65, 0x72, 0x6e, 0x61, 0x6c, 0x3a, 0x20, 0x43, 0x6f, 
    0x6e, 0x73, 0x6f, 0x6c, 0x65, 0x20, 0x6c, 0x6f, 0x67, 0x20, 0x66, 0x6f, 0x72, 0x77, 0x61, 0x72, 
    0x64, 0x65, 0x72, 0x20, 0x2d, 0x20, 0x70, 0x72, 0x69, 0x6e, 0x74, 0x73, 0x20, 0x4a, 0x53, 0x20, 
    0x63, 0x6f, 0x6e, 0x73, 0x6f, 0x6c, 0x65, 0x20, 0x74, 0x6f, 0x20, 0x74, 0x65, 0x72, 0x6d, 0x69, 
    0x6e, 0x61, 0x6c, 0x0a, 0x66, 0x6e, 0x20, 0x5f, 0x63, 0x6f, 0x6e, 0x73, 0x6f, 0x6c, 0x65, 0x46, 
    0x6f, 0x72, 0x77, 0x61, 0x72, 0x64, 0x65, 0x72, 0x28, 0x6d, 0x65, 0x73, 0x73, 0x61, 0x67, 0x65, 
    0x29, 0x20, 0x7b, 0x0a, 0x20, 0x20, 0x20, 0x20, 0x70, 0x72, 0x69, 0x6e, 0x74, 0x28, 0x22, 0x5b, 
    0x4a, 0x53, 0x20, 0x43, 0x6f, 0x6e, 0x73, 0x6f, 0x6c, 0x65, 0x5d, 0x20, 0x22, 0x20, 0x2b, 0x20, 
    0x6d, 0x65, 0x73, 0x73, 0x61, 0x67, 0x65, 0x29, 0x0a, 0x20, 0x20, 0x20, 0x20, 0x72, 0x65, 0x74, 
    0x75, 0x72, 0x6e, 0x20, 0x22, 0x22, 0x0a, 0x7d, 0x0a, 0x0a, 0x2f, 0x2f, 0x20, 0x49, 0x6e, 0x6a, 
    0x65, 0x63, 0x74, 0x20, 0x66, 0x72, 0x61, 0x6d, 0x65, 0x77, 0x6f, 0x72, 0x6b, 0x20, 0x4a, 0x61, 
    0x76, 0x61, 0x53, 0x63, 0x72, 0x69, 0x70, 0x74, 0x20, 0x77, 0x69, 0x74, 0x68, 0x20, 0x70, 0x65, 
    0x6e, 0x64, 0x69, 0x6e, 0x67, 0x52, 0x65, 0x71, 0x75, 0x65, 0x73, 0x74, 0x73, 0x20, 0x74, 0x72, 
    0x61, 0x63, 0x6b, 0x69, 0x6e, 0x67, 0x0a, 0x66, 0x6e, 0x20, 0x5f, 0x69, 0x6e, 0x6a, 0x65, 0x63, 
    0x74, 0x46, 0x72, 0x61, 0x6d, 0x65, 0x77, 0x6f, 0x72, 0x6b, 0x4a, 0x53, 0x28, 0x68, 0x74, 0x6d, 
    0x6c, 0x29, 0x20, 0x7b, 0x0a, 0x20, 0x20, 0x20, 0x20, 0x6c, 0x65, 0x74, 0x20, 0x6a, 0x73, 0x20, 
    0x3d, 0x20, 0x22, 0x3c, 0x73, 0x63, 0x72, 0x69, 0x70, 0x74, 0x3e, 0x28, 0x66, 0x75, 0x6e, 0x63, 
    0x74, 0x69, 0x6f, 0x6e, 0x28, 0x29, 0x7b, 0x76, 0x61, 0x72, 0x20, 0x6f, 0x63, 0x3d, 0x63, 0x6f, 
    0x6e, 0x73, 0x6f, 0x6c, 0x65, 0x2e, 0x6c, 0x6f, 0x67, 0x3b, 0x63, 0x6f, 0x6e, 0x73, 0x6f, 0x6c, 
    0x65, 0x2e, 0x6c, 0x6f, 0x67, 0x3d, 0x66, 0x75, 0x6e, 0x63, 0x74, 0x69, 0x6f, 0x6e, 0x28, 0x29, 
    0x7b, 0x76, 0x61, 0x72, 0x20, 0x61, 0x72, 0x67, 0x73, 0x3d, 0x41, 0x72, 0x72, 0x61, 0x79, 0x2e, 
    0x70, 0x72, 0x6f, 0x74, 0x6f, 0x74, 0x79, 0x70, 0x65, 0x2e, 0x73, 0x6c, 0x69, 0x63, 0x65, 0x2e, 
    0x63, 0x61, 0x6c, 0x6c, 0x28, 0x61, 0x72, 0x67, 0x75, 0x6d, 0x65, 0x6e, 0x74, 0x73, 0x29, 0x3b, 
    0x6f, 0x63, 0x2e, 0x61, 0x70, 0x70, 0x6c, 0x79, 0x28, 0x63, 0x6f, 0x6e, 0x73, 0x6f, 0x6c, 0x65, 
    0x2c, 0x61, 0x72, 0x67, 0x73, 0x29, 0x3b, 0x69, 0x66, 0x28, 0x77, 0x69, 0x6e, 0x64, 0x6f, 0x77, 
    0x2e, 0x5f, 0x5f, 0x6b, 0x75, 0x79, 0x69, 0x6c, 0x43, 0x6f, 0x6e, 0x73, 0x6f, 0x6c, 0x65, 0x29, 
    0x7b, 0x77, 0x69, 0x6e, 0x64, 0x6f, 0x77, 0x2e, 0x5f, 0x5f, 0x6b, 0x75, 0x79, 0x69, 0x6c, 0x43, 
    0x6f, 0x6e, 0x73, 0x6f, 0x6c, 0x65, 0x28, 0x61, 0x72, 0x67, 0x73, 0x2e, 0x6d, 0x61, 0x70, 0x28, 
    0x66, 0x75, 0x6e, 0x63, 0x74, 0x69, 0x6f, 0x6e, 0x28, 0x61, 0x29, 0x7b, 0x72, 0x65, 0x74, 0x75, 
    0x72, 0x6e, 0x20, 0x74, 0x79, 0x70, 0x65, 0x6f, 0x66, 0x20, 0x61, 0x3d, 0x3d, 0x3d, 0x27, 0x6f, 
    0x62, 0x6a, 0x65, 0x63, 0x74, 0x27, 0x3f, 0x4a, 0x53, 0x4f, 0x4e, 0x2e, 0x73, 0x74, 0x72, 0x69, 
    0x6e, 0x67, 0x69, 0x66, 0x79, 0x28, 0x61, 0x29, 0x3a, 0x53, 0x74, 0x72, 0x69, 0x6e, 0x67, 0x28, 
    0x61, 0x29, 0x3b, 0x7d, 0x29, 0x2e, 0x6a, 0x6f, 0x69, 0x6e, 0x28, 0x27, 0x20, 0x27, 0x29, 0x29, 
    0x3b, 0x7d, 0x7d, 0x3b, 0x7d, 0x29, 0x28, 0x29, 0x3b, 0x76, 0x61, 0x72, 0x20, 0x72, 0x65, 0x71, 
    0x75, 0x65, 0x73, 0x74, 0x43, 0x6f, 0x75, 0x6e, 0x74, 0x65, 0x72, 0x3d, 0x30, 0x3b, 0x76, 0x61, 
    0x72, 0x20, 0x70, 0x65, 0x6e, 0x64, 0x69, 0x6e, 0x67, 0x52, 0x65, 0x71, 0x75, 0x65, 0x73, 0x74, 
    0x73, 0x3d, 0x7b, 0x7d, 0x3b, 0x77, 0x69, 0x6e, 0x64, 0x6f, 0x77, 0x2e, 0x6b, 0x75, 0x79, 0x69, 
    0x6c, 0x3d, 0x7b, 0x63, 0x61, 0x6c, 0x6c, 0x3a, 0x66, 0x75, 0x6e, 0x63, 0x74, 0x69, 0x6f, 0x6e, 
    0x28, 0x6e, 0x61, 0x6d, 0x65, 0x2c, 0x61, 0x72, 0x67, 0x73, 0x29, 0x7b, 0x72, 0x65, 0x74, 0x75, 
    0x72, 0x6e, 0x20, 0x6e, 0x65, 0x77, 0x20, 0x50, 0x72, 0x6f, 0x6d, 0x69, 0x73, 0x65, 0x28, 0x66, 
    0x75, 0x6e, 0x63, 0x74, 0x69, 0x6f, 0x6e, 0x28, 0x72, 0x65, 0x73, 0x6f, 0x6c, 0x76, 0x65, 0x2c, 
    0x72, 0x65, 0x6a, 0x65, 0x63, 0x74, 0x29, 0x7b, 0x76, 0x61, 0x72, 0x20, 0x69, 0x64, 0x3d, 0x6e, 
    0x61, 0x6d, 0x65, 0x2b, 0x27, 0x5f, 0x27, 0x2b, 0x44, 0x61, 0x74, 0x65, 0x2e, 0x6e, 0x6f, 0x77, 
    0x28, 0x29, 0x2b, 0x27, 0x5f, 0x27, 0x2b, 0x28, 0x72, 0x65, 0x71, 0x75, 0x65, 0x73, 0x74, 0x43, 
    0x6f, 0x75, 0x6e, 0x74, 0x65, 0x72, 0x2b, 0x2b, 0x29, 0x3b, 0x63, 0x6f, 0x6e, 0x73, 0x6f, 0x6c, 
    0x65, 0x2e, 0x6c, 0x6f, 0x67, 0x28, 0x27, 0x5b, 0x4b, 0x75, 0x79, 0x69, 0x6c, 0x5d, 0x20, 0x43, 
    0x61, 0x6c, 0x6c, 0x69, 0x6e, 0x67, 0x3a, 0x27, 0x2c, 0x6e, 0x61, 0x6d, 0x65, 0x2c, 0x27, 0x77, 
    0x69, 0x74, 0x68, 0x20, 0x49, 0x44, 0x3a, 0x27, 0x2c, 0x69, 0x64, 0x29, 0x3b, 0x69, 0x66, 0x28, 
    0x77, 0x69, 0x6e, 0x64, 0x6f, 0x77, 0x2e, 0x5f, 0x5f, 0x6b, 0x75, 0x79, 0x69, 0x6c, 0x42, 0x72, 
    0x69, 0x64, 0x67, 0x65, 0x29, 0x7b, 0x76, 0x61, 0x72, 0x20, 0x63, 0x6f, 0x6d, 0x62, 0x69, 0x6e, 
    0x65, 0x64, 0x3d, 0x69, 0x64, 0x2b, 0x27, 0x7c, 0x27, 0x2b, 0x6e, 0x61, 0x6d, 0x65, 0x2b, 0x27, 
    0x7c, 0x27, 0x2b, 0x4a, 0x53, 0x4f, 0x4e, 0x2e, 0x73, 0x74, 0x72, 0x69, 0x6e, 0x67, 0x69, 0x66, 
    0x79, 0x28, 0x61, 0x72, 0x67, 0x73, 0x29, 0x3b, 0x77, 0x69, 0x6e, 0x64, 0x6f, 0x77, 0x2e, 0x5f, 
    0x5f, 0x6b, 0x75, 0x79, 0x69, 0x6c, 0x42, 0x72, 0x69, 0x64, 0x67, 0x65, 0x28, 0x63, 0x6f, 0x6d, 
    0x62, 0x69, 0x6e, 0x65, 0x64, 0x29, 0x3b, 0x63, 0x6f, 0x6e, 0x73, 0x6f, 0x6c, 0x65, 0x2e, 0x6c, 
    0x6f, 0x67, 0x28, 0x27, 0x5b, 0x4b, 0x75, 0x79, 0x69, 0x6c, 0x5d, 0x20, 0x53, 0x65, 0x6e, 0x74, 
    0x20, 0x74, 0x6f, 0x20, 0x62, 0x72, 0x69, 0x64, 0x67, 0x65, 0x3a, 0x27, 0x2c, 0x63, 0x6f, 0x6d, 
    0x62, 0x69, 0x6e, 0x65, 0x64, 0x29, 0x3b, 0x76, 0x61, 0x72, 0x20, 0x74, 0x3d, 0x73, 0x65, 0x74, 
    0x54, 0x69, 0x6d, 0x65, 0x6f, 0x75, 0x74, 0x28, 0x66, 0x75, 0x6e, 0x63, 0x74, 0x69, 0x6f, 0x6e, 
    0x28, 0x29, 0x7b, 0x63, 0x6f, 0x6e, 0x73, 0x6f, 0x6c, 0x65, 0x2e, 0x65, 0x72, 0x72, 0x6f, 0x72, 
    0x28, 0x27, 0x5b, 0x4b, 0x75, 0x79, 0x69, 0x6c, 0x5d, 0x20, 0x54, 0x69, 0x6d, 0x65, 0x6f, 0x75, 
    0x74, 0x20, 0x66, 0x6f, 0x72, 0x27, 0x2c, 0x69, 0x64, 0x29, 0x3b, 0x72, 0x65, 0x6a, 0x65, 0x63, 
    0x74, 0x28, 0x6e, 0x65, 0x77, 0x20, 0x45, 0x72, 0x72, 0x6f, 0x72, 0x28, 0x27, 0x54, 0x69, 0x6d, 
    0x65, 0x6f, 0x75, 0x74, 0x27, 0x29, 0x29, 0x3b, 0x64, 0x65, 0x6c, 0x65, 0x74, 0x65, 0x20, 0x70, 
    0x65, 0x6e, 0x64, 0x69, 0x6e, 0x67, 0x52, 0x65, 0x71, 0x75, 0x65, 0x73, 0x74, 0x73, 0x5b, 0x69, 
    0x64, 0x5d, 0x3b, 0x7d, 0x2c, 0x33, 0x30, 0x30, 0x30, 0x30, 0x29, 0x3b, 0x70, 0x65, 0x6e, 0x64, 
    0x69, 0x6e, 0x67, 0x52, 0x65, 0x71, 0x75, 0x65, 0x73, 0x74, 0x73, 0x5b, 0x69, 0x64, 0x5d, 0x3d, 
    0x7b, 0x74, 0x69, 0x6d, 0x65, 0x6f, 0x75, 0x74, 0x3a, 0x74, 0x2c, 0x72, 0x65, 0x73, 0x6f, 0x6c, 
    0x76, 0x65, 0x3a, 0x72, 0x65, 0x73, 0x6f, 0x6c, 0x76, 0x65, 0x2c, 0x72, 0x65, 0x6a, 0x65, 0x63, 
    0x74, 0x3a, 0x72, 0x65, 0x6a, 0x65, 0x63, 0x74, 0x7d, 0x3b, 0x63, 0x6f, 0x6e, 0x73, 0x6f, 0x6c, 
    0x65, 0x2e, 0x6c, 0x6f, 0x67, 0x28, 0x27, 0x5b, 0x4b, 0x75, 0x79, 0x69, 0x6c, 0x5d, 0x20, 0x53, 
    0x74, 0x6f, 0x72, 0x65, 0x64, 0x27, 0x2c, 0x69, 0x64, 0x2c, 0x27, 0x69, 0x6e, 0x20, 0x70, 0x65, 
    0x6e, 0x64, 0x69, 0x6e, 0x67, 0x52, 0x65, 0x71, 0x75, 0x65, 0x73, 0x74, 0x73, 0x27, 0x29, 0x3b, 
    0x7d, 0x65, 0x6c, 0x73, 0x65, 0x7b, 0x72, 0x65, 0x6a, 0x65, 0x63, 0x74, 0x28, 0x6e, 0x65, 0x77, 
    0x20, 0x45, 0x72, 0x72, 0x6f, 0x72, 0x28, 0x27, 0x4e, 0x6f, 0x20, 0x62, 0x72, 0x69, 0x64, 0x67, 
    0x65, 0x27, 0x29, 0x29, 0x3b, 0x7d, 0x7d, 0x29, 0x3b, 0x7d, 0x7d, 0x3b, 0x77, 0x69, 0x6e, 0x64, 
    0x6f, 0x77, 0x2e, 0x68, 0x61, 0x6e, 0x64, 0x6c, 0x65, 0x4b, 0x75, 0x79, 0x69, 0x6c, 0x52, 0x65, 
    0x73, 0x70, 0x6f, 0x6e, 0x73, 0x65, 0x3d, 0x66, 0x75, 0x6e, 0x63, 0x74, 0x69, 0x6f, 0x6e, 0x28, 
    0x69, 0x64, 0x2c, 0x72, 0x65, 0x73, 0x75, 0x6c, 0x74, 0x29, 0x7b, 0x63, 0x6f, 0x6e, 0x73, 0x6f, 
    0x6c, 0x65, 0x2e, 0x6c, 0x6f, 0x67, 0x28, 0x27, 0x5b, 0x4b, 0x75, 0x79, 0x69, 0x6c, 0x5d, 0x20, 
    0x52, 0x65, 0x73, 0x70, 0x6f, 0x6e, 0x73, 0x65, 0x3a, 0x27, 0x2c, 0x69, 0x64, 0x2c, 0x72, 0x65, 
    0x73, 0x75, 0x6c, 0x74, 0x29, 0x3b, 0x69, 0x66, 0x28, 0x70, 0x65, 0x6e, 0x64, 0x69, 0x6e, 0x67, 
    0x52, 0x65, 0x71, 0x75, 0x65, 0x73, 0x74, 0x73, 0x5b, 0x69, 0x64, 0x5d, 0x29, 0x7b, 0x63, 0x6f, 
    0x6e, 0x73, 0x6f, 0x6c, 0x65, 0x2e, 0x6c, 0x6f, 0x67, 0x28, 0x27, 0x5b, 0x4b, 0x75, 0x79, 0x69, 
    0x6c, 0x5d, 0x20, 0x52, 0x65, 0x73, 0x6f, 0x6c, 0x76, 0x69, 0x6e, 0x67, 0x21, 0x27, 0x29, 0x3b, 
    0x70, 0x65, 0x6e, 0x64, 0x69, 0x6e, 0x67, 0x52, 0x65, 0x71, 0x75, 0x65, 0x73, 0x74, 0x73, 0x5b, 
    0x69, 0x64, 0x5d, 0x2e, 0x72, 0x65, 0x73, 0x6f, 0x6c, 0x76, 0x65, 0x28, 0x72, 0x65, 0x73, 0x75, 
    0x6c, 0x74, 0x29, 0x3b, 0x63, 0x6c, 0x65, 0x61, 0x72, 0x54, 0x69, 0x6d, 0x65, 0x6f, 0x75, 0x74, 
    0x28, 0x70, 0x65, 0x6e, 0x64, 0x69, 0x6e, 0x67, 0x52, 0x65, 0x71, 0x75, 0x65, 0x73, 0x74, 0x73, 
    0x5b, 0x69, 0x64, 0x5d, 0x2e, 0x74, 0x69, 0x6d, 0x65, 0x6f, 0x75, 0x74, 0x29, 0x3b, 0x64, 0x65, 
    0x6c, 0x65, 0x74, 0x65, 0x20, 0x70, 0x65, 0x6e, 0x64, 0x69, 0x6e, 0x67, 0x52, 0x65, 0x71, 0x75, 
    0x65, 0x73, 0x74, 0x73, 0x5b, 0x69, 0x64, 0x5d, 0x3b, 0x7d, 0x65, 0x6c, 0x73, 0x65, 0x7b, 0x63, 
    0x6f, 0x6e, 0x73, 0x6f, 0x6c, 0x65, 0x2e, 0x65, 0x72, 0x72, 0x6f, 0x72, 0x28, 0x27, 0x5b, 0x4b, 
    0x75, 0x79, 0x69, 0x6c, 0x5d, 0x20, 0x4e, 0x6f, 0x20, 0x65, 0x6e, 0x74, 0x72, 0x79, 0x20, 0x66, 
    0x6f, 0x72, 0x27, 0x2c, 0x69, 0x64, 0x2c, 0x27, 0x70, 0x65, 0x6e, 0x64, 0x69, 0x6e, 0x67, 0x3a, 
    0x27, 0x2c, 0x4f, 0x62, 0x6a, 0x65, 0x63, 0x74, 0x2e, 0x6b, 0x65, 0x79, 0x73, 0x28, 0x70, 0x65, 
    0x6e, 0x64, 0x69, 0x6e, 0x67, 0x52, 0x65, 0x71, 0x75, 0x65, 0x73, 0x74, 0x73, 0x29, 0x29, 0x3b, 
    0x7d, 0x7d, 0x3b, 0x63, 0x6f, 0x6e, 0x73, 0x6f, 0x6c, 0x65, 0x2e, 0x6c, 0x6f, 0x67, 0x28, 0x27, 
    0x5b, 0x4b, 0x75, 0x79, 0x69, 0x6c, 0x5d, 0x20, 0x46, 0x72, 0x61, 0x6d, 0x65, 0x77, 0x6f, 0x72, 
    0x6b, 0x20, 0x52, 0x65, 0x61, 0x64, 0x79, 0x27, 0x29, 0x3b, 0x3c, 0x2f, 0x73, 0x63, 0x72, 0x69, 
    0x70, 0x74, 0x3e, 0x22, 0x0a, 0x20, 0x20, 0x20, 0x20, 0x72, 0x65, 0x74, 0x75, 0x72, 0x6e, 0x20, 
    0x73, 0x74, 0x72, 0x5f, 0x72, 0x65, 0x70, 0x6c, 0x61, 0x63, 0x65, 0x28, 0x68, 0x74, 0x6d, 0x6c, 
    0x2c, 0x20, 0x22, 0x3c, 0x2f, 0x68, 0x65, 0x61, 0x64, 0x3e, 0x22, 0x2c, 0x20, 0x6a, 0x73, 0x20, 
    0x2b, 0x20, 0x22, 0x3c, 0x2f, 0x68, 0x65, 0x61, 0x64, 0x3e, 0x22, 0x29, 0x0a, 0x7d, 0x0a, 
};

static const unsigned char embedded_interface_http_kyl_data[] = {
    0x2f, 0x2f, 0x20, 0x49, 0x6e, 0x74, 0x65, 0x72, 0x66, 0x61, 0x63, 0x65, 0x20, 0x66, 0x6f, 0x72, 
    0x20, 0x48, 0x54, 0x54, 0x50, 0x20, 0x6c, 0x69, 0x62, 0x72, 0x61, 0x72, 0x79, 0x0a, 0x2f, 0x2f, 
    0x20, 0x48, 0x54, 0x54, 0x50, 0x20, 0x53, 0x65, 0x72, 0x76, 0x65, 0x72, 0x20, 0x66, 0x75, 0x6e, 
    0x63, 0x74, 0x69, 0x6f, 0x6e, 0x73, 0x0a, 0x69, 0x6e, 0x74, 0x65, 0x72, 0x66, 0x61, 0x63, 0x65, 
    0x20, 0x68, 0x74, 0x74, 0x70, 0x20, 0x66, 0x72, 0x6f, 0x6d, 0x20, 0x22, 0x6c, 0x69, 0x62, 0x73, 
    0x2f, 0x6c, 0x69, 0x62, 0x6b, 0x79, 0x6c, 0x68, 0x74, 0x74, 0x70, 0x2e, 0x73, 0x6f, 0x22, 0x20, 
    0x7b, 0x0a, 0x20, 0x20, 0x40, 0x61, 0x6c, 0x69, 0x61, 0x73, 0x28, 0x22, 0x73, 0x65, 0x72, 0x76, 
    0x65, 0x72, 0x22, 0x29, 0x0a, 0x20, 0x20, 0x69, 0x6e, 0x74, 0x33, 0x32, 0x20, 0x68, 0x74, 0x74, 
    0x70, 0x5f, 0x73, 0x65, 0x72, 0x76, 0x65, 0x72, 0x28, 0x70, 0x6f, 0x72, 0x74, 0x3a, 0x20, 0x69, 
    0x6e, 0x74, 0x33, 0x32, 0x29, 0x0a, 0x20, 0x20, 0x0a, 0x20, 0x20, 0x40, 0x61, 0x6c, 0x69, 0x61, 
    0x73, 0x28, 0x22, 0x67, 0x65, 0x74, 0x22, 0x29, 0x0a, 0x20, 0x20, 0x62, 0x6f, 0x6f, 0x6c, 0x20, 
    0x68, 0x74, 0x74, 0x70, 0x5f, 0x67, 0x65, 0x74, 0x28, 0x70, 0x61, 0x74, 0x68, 0x3a, 0x20, 0x73, 
    0x74, 0x72, 0x69, 0x6e, 0x67, 0x2c, 0x20, 0x68, 0x61, 0x6e, 0x64, 0x6c, 0x65, 0x72, 0x3a, 0x20, 
    0x73, 0x74, 0x72, 0x69, 0x6e, 0x67, 0x29, 0x0a, 0x20, 0x20, 0x0a, 0x20, 0x20, 0x40, 0x61, 0x6c, 
    0x69, 0x61, 0x73, 0x28, 0x22, 0x70, 0x6f, 0x73, 0x74, 0x22, 0x29, 0x0a, 0x20, 0x20, 0x62, 0x6f, 
    0x6f, 0x6c, 0x20, 0x68, 0x74, 0x74, 0x70, 0x5f, 0x70, 0x6f, 0x73, 0x74, 0x28, 0x70, 0x61, 0x74, 
    0x68, 0x3a, 0x20, 0x73, 0x74, 0x72, 0x69, 0x6e, 0x67, 0x2c, 0x20, 0x68, 0x61, 0x6e, 0x64, 0x6c, 
    0x65, 0x72, 0x3a, 0x20, 0x73, 0x74, 0x72, 0x69, 0x6e, 0x67, 0x29, 0x0a, 0x20, 0x20, 0x0a, 0x20, 
    0x20, 0x40, 0x61, 0x6c, 0x69, 0x61, 0x73, 0x28, 0x22, 0x70, 0x75, 0x74, 0x22, 0x29, 0x0a, 0x20, 
    0x20, 0x62, 0x6f, 0x6f, 0x6c, 0x20, 0x68, 0x74, 0x74, 0x70, 0x5f, 0x70, 0x75, 0x74, 0x28, 0x70, 
    0x61, 0x74, 0x68, 0x3a, 0x20, 0x73, 0x74, 0x72, 0x69, 0x6e, 0x67, 0x2c, 0x20, 0x68, 0x61, 0x6e, 
    0x64, 0x6c, 0x65, 0x72, 0x3a, 0x20, 0x73, 0x74, 0x72, 0x69, 0x6e, 0x67, 0x29, 0x0a, 0x20, 0x20, 
    0x0a, 0x20, 0x20, 0x40, 0x61, 0x6c, 0x69, 0x61, 0x73, 0x28, 0x22, 0x64, 0x65, 0x6c, 0x65, 0x74, 
    0x65, 0x22, 0x29, 0x0a, 0x20, 0x20, 0x62, 0x6f, 0x6f, 0x6c, 0x20, 0x68, 0x74, 0x74, 0x70, 0x5f, 
    0x64, 0x65, 0x6c, 0x65, 0x74, 0x65, 0x28, 0x70, 0x61, 0x74, 0x68, 0x3a, 0x20, 0x73, 0x74, 0x72, 
    0x69, 0x6e, 0x67, 0x2c, 0x20, 0x68, 0x61, 0x6e, 0x64, 0x6c, 0x65, 0x72, 0x3a, 0x20, 0x73, 0x74, 
    0x72, 0x69, 0x6e, 0x67, 0x29, 0x0a, 0x20, 0x20, 0x0a, 0x20, 0x20, 0x40, 0x61, 0x6c, 0x69, 0x61, 
    0x73, 0x28, 0x22, 0x6c, 0x69, 0x73, 0x74, 0x65, 0x6e, 0x22, 0x29, 0x0a, 0x20, 0x20, 0x62, 0x6f, 
    0x6f, 0x6c, 0x20, 0x68, 0x74, 0x74, 0x70, 0x5f, 0x6c, 0x69, 0x73, 0x74, 0x65, 0x6e, 0x28, 0x70, 
    0x6f, 0x72, 0x74, 0x3a, 0x20, 0x69, 0x6e, 0x74, 0x33, 0x32, 0x29, 0x0a, 0x20, 0x20, 0x0a, 0x20, 
    0x20, 0x40, 0x61, 0x6c, 0x69, 0x61, 0x73, 0x28, 0x22, 0x73, 0x74, 0x61, 0x72, 0x74, 0x53, 0x65, 
    0x72, 0x76, 0x65, 0x72, 0x22, 0x29, 0x0a, 0x20, 0x20, 0x62, 0x6f, 0x6f, 0x6c, 0x20, 0x68, 0x74, 
    0x74, 0x70, 0x5f, 0x73, 0x74, 0x61, 0x72, 0x74, 0x53, 0x65, 0x72, 0x76, 0x65, 0x72, 0x28, 0x70, 
    0x6f, 0x72, 0x74, 0x3a, 0x20, 0x69, 0x6e, 0x74, 0x33, 0x32, 0x29, 0x0a, 0x20, 0x20, 0x0a, 0x20, 
    0x20, 0x40, 0x61, 0x6c, 0x69, 0x61, 0x73, 0x28, 0x22, 0x72, 0x65, 0x67, 0x69, 0x73, 0x74, 0x65, 
    0x72, 0x52, 0x6f, 0x75, 0x74, 0x65, 0x22, 0x29, 0x0a, 0x20, 0x20, 0x62, 0x6f, 0x6f, 0x6c, 0x20, 
    0x68, 0x74, 0x74, 0x70, 0x5f, 0x72, 0x65, 0x67, 0x69, 0x73, 0x74, 0x65, 0x72, 0x52, 0x6f, 0x75, 
    0x74, 0x65, 0x28, 0x6d, 0x65, 0x74, 0x68, 0x6f, 0x64, 0x3a, 0x20, 0x73, 0x74, 0x72, 0x69, 0x6e, 
    0x67, 0x2c, 0x20, 0x70, 0x61, 0x74, 0x68, 0x3a, 0x20, 0x73, 0x74, 0x72, 0x69, 0x6e, 0x67, 0x2c, 
    0x20, 0x68, 0x61, 0x6e, 0x64, 0x6c, 0x65, 0x72, 0x3a, 0x20, 0x73, 0x74, 0x72, 0x69, 0x6e, 0x67, 
    0x29, 0x0a, 0x20, 0x20, 0x0a, 0x20, 0x20, 0x40, 0x61, 0x6c, 0x69, 0x61, 0x73, 0x28, 0x22, 0x63, 
    0x6c, 0x69, 0x65, 0x6e, 0x74, 0x47, 0x65, 0x74, 0x22, 0x29, 0x0a, 0x20, 0x20, 0x73, 0x74, 0x72, 
    0x69, 0x6e, 0x67, 0x20, 0x68, 0x74, 0x74, 0x70, 0x5f, 0x63, 0x6c, 0x69, 0x65, 0x6e, 0x74, 0x47, 
    0x65, 0x74, 0x28, 0x75, 0x72, 0x6c, 0x3a, 0x20, 0x73, 0x74, 0x72, 0x69, 0x6e, 0x67, 0x29, 0x0a, 
    0x20, 0x20, 0x0a, 0x20, 0x20, 0x40, 0x61, 0x6c, 0x69, 0x61, 0x73, 0x28, 0x22, 0x63, 0x6c, 0x69, 
    0x65, 0x6e, 0x74, 0x50, 0x6f, 0x73, 0x74, 0x22, 0x29, 0x0a, 0x20, 0x20, 0x73, 0x74, 0x72, 0x69, 
    0x6e, 0x67, 0x20, 0x68, 0x74, 0x74, 0x70, 0x5f, 0x63, 0x6c, 0x69, 0x65, 0x6e, 0x74, 0x50, 0x6f, 
    0x73, 0x74, 0x28, 0x75, 0x72, 0x6c, 0x3a, 0x20, 0x73, 0x74, 0x72, 0x69, 0x6e, 0x67, 0x2c, 0x20, 
    0x62, 0x6f, 0x64, 0x79, 0x3a, 0x20, 0x73, 0x74, 0x72, 0x69, 0x6e, 0x67, 0x29, 0x0a, 0x20, 0x20, 
    0x0a, 0x20, 0x20, 0x40, 0x61, 0x6c, 0x69, 0x61, 0x73, 0x28, 0x22, 0x63, 0x6c, 0x65, 0x61, 0x6e, 
    0x75, 0x70, 0x22, 0x29, 0x0a, 0x20, 0x20, 0x62, 0x6f, 0x6f, 0x6c, 0x20, 0x68, 0x74, 0x74, 0x70, 
    0x5f, 0x63, 0x6c, 0x65, 0x61, 0x6e, 0x75, 0x70, 0x28, 0x29, 0x0a, 0x20, 0x20, 0x0a, 0x20, 0x20, 
    0x40, 0x61, 0x6c, 0x69, 0x61, 0x73, 0x28, 0x22, 0x73, 0x74, 0x61, 0x74, 0x69, 0x63, 0x22, 0x29, 
    0x0a, 0x20, 0x20, 0x62, 0x6f, 0x6f, 0x6c, 0x20, 0x68, 0x74, 0x74, 0x70, 0x5f, 0x73, 0x74, 0x61, 
    0x74, 0x69, 0x63, 0x28, 0x72, 0x6f, 0x6f, 0x74, 0x3a, 0x20, 0x73, 0x74, 0x72, 0x69, 0x6e, 0x67, 
    0x29, 0x0a, 0x20, 0x20, 0x0a, 0x20, 0x20, 0x40, 0x61, 0x6c, 0x69, 0x61, 0x73, 0x28, 0x22, 0x73, 
    0x74, 0x61, 0x74, 0x69, 0x63, 0x41, 0x64, 0x64, 0x22, 0x29, 0x0a, 0x20, 0x20, 0x62, 0x6f, 0x6f, 
    0x6c, 0x20, 0x68, 0x74, 0x74, 0x70, 0x5f, 0x73, 0x74, 0x61, 0x74, 0x69, 0x63, 0x41, 0x64, 0x64, 
    0x28, 0x72, 0x6f, 0x75, 0x74, 0x65, 0x3a, 0x20, 0x73, 0x74, 0x72, 0x69, 0x6e, 0x67, 0x2c, 0x20, 
    0x64, 0x69, 0x72, 0x3a, 0x20, 0x73, 0x74, 0x72, 0x69, 0x6e, 0x67, 0x29, 0x0a, 0x20, 0x20, 0x0a, 
    0x20, 0x20, 0x40, 0x61, 0x6c, 0x69, 0x61, 0x73, 0x28, 0x22, 0x73, 0x74, 0x61, 0x74, 0x69, 0x63, 
    0x42, 0x79, 0x70, 0x61, 0x73, 0x73, 0x22, 0x29, 0x0a, 0x20, 0x20, 0x62, 0x6f, 0x6f, 0x6c, 0x20, 
    0x68, 0x74, 0x74, 0x70, 0x5f, 0x73, 0x74, 0x61, 0x74, 0x69, 0x63, 0x42, 0x79, 0x70, 0x61, 0x73, 
    0x73, 0x28, 0x70, 0x61, 0x74, 0x68, 0x3a, 0x20, 0x73, 0x74, 0x72, 0x69, 0x6e, 0x67, 0x29, 0x0a, 
    0x20, 0x20, 0x0a, 0x20, 0x20, 0x40, 0x61, 0x6c, 0x69, 0x61, 0x73, 0x28, 0x22, 0x73, 0x74, 0x61, 
    0x74, 0x69, 0x63, 0x42, 0x79, 0x70, 0x61, 0x73, 0x73, 0x43, 0x6c, 0x65, 0x61, 0x72, 0x22, 0x29, 
    0x0a, 0x20, 0x20, 0x62, 0x6f, 0x6f, 0x6c, 0x20, 0x68, 0x74, 0x74, 0x70, 0x5f, 0x73, 0x74, 0x61, 
    0x74, 0x69, 0x63, 0x42, 0x79, 0x70, 0x61, 0x73, 0x73, 0x43, 0x6c, 0x65, 0x61, 0x72, 0x28, 0x29, 
    0x0a, 0x7d, 0x0a, 0x0a, 0x2f, 0x2f, 0x20, 0x52, 0x65, 0x73, 0x70, 0x6f, 0x6e, 0x73, 0x65, 0x20, 
    0x62, 0x75, 0x69, 0x6c, 0x64, 0x65, 0x72, 0x20, 0x66, 0x75, 0x6e, 0x63, 0x74, 0x69, 0x6f, 0x6e, 
    0x73, 0x0a, 0x69, 0x6e, 0x74, 0x65, 0x72, 0x66, 0x61, 0x63, 0x65, 0x20, 0x72, 0x65, 0x73, 0x70, 
    0x6f, 0x6e, 0x73, 0x65, 0x20, 0x7b, 0x0a, 0x20, 0x20, 0x40, 0x61, 0x6c, 0x69, 0x61, 0x73, 0x28, 
    0x22, 0x73, 0x65, 0x74, 0x53, 0x74, 0x61, 0x74, 0x75, 0x73, 0x22, 0x29, 0x0a, 0x20, 0x20, 0x62, 
    0x6f, 0x6f, 0x6c, 0x20, 0x72, 0x65, 0x73, 0x70, 0x6f, 0x6e, 0x73, 0x65, 0x5f, 0x73, 0x65, 0x74, 
    0x53, 0x74, 0x61, 0x74, 0x75, 0x73, 0x28, 0x72, 0x65, 0x73, 0x70, 0x6f, 0x6e, 0x73, 0x65, 0x3a, 
    0x20, 0x69, 0x6e, 0x74, 0x33, 0x32, 0x2c, 0x20, 0x73, 0x74, 0x61, 0x74, 0x75, 0x73, 0x3a, 0x20, 
    0x69, 0x6e, 0x74, 0x33, 0x32, 0x29, 0x0a, 0x20, 0x20, 0x0a, 0x20, 0x20, 0x40, 0x61, 0x6c, 0x69, 
    0x61, 0x73, 0x28, 0x22, 0x73, 0x65, 0x74, 0x42, 0x6f, 0x64, 0x79, 0x22, 0x29, 0x0a, 0x20, 0x20, 
    0x62, 0x6f, 0x6f, 0x6c, 0x20, 0x72, 0x65, 0x73, 0x70, 0x6f, 0x6e, 0x73, 0x65, 0x5f, 0x73, 0x65, 
    0x74, 0x42, 0x6f, 0x64, 0x79, 0x28, 0x72, 0x65, 0x73, 0x70, 0x6f, 0x6e, 0x73, 0x65, 0x3a, 0x20, 
    0x69, 0x6e, 0x74, 0x33, 0x32, 0x2c, 0x20, 0x62, 0x6f, 0x64, 0x79, 0x3a, 0x20, 0x73, 0x74, 0x72, 
    0x69, 0x6e, 0x67, 0x29, 0x0a, 0x20, 0x20, 0x0a, 0x20, 0x20, 0x40, 0x61, 0x6c, 0x69, 0x61, 0x73, 
    0x28, 0x22, 0x73, 0x65, 0x74, 0x4a, 0x73, 0x6f, 0x6e, 0x22, 0x29, 0x0a, 0x20, 0x20, 0x62, 0x6f, 
    0x6f, 0x6c, 0x20, 0x72, 0x65, 0x73, 0x70, 0x6f, 0x6e, 0x73, 0x65, 0x5f, 0x73, 0x65, 0x74, 0x4a, 
    0x73, 0x6f, 0x6e, 0x28, 0x72, 0x65, 0x73, 0x70, 0x6f, 0x6e, 0x73, 0x65, 0x3a, 0x20, 0x69, 0x6e, 
    0x74, 0x33, 0x32, 0x2c, 0x20, 0x6a, 0x73, 0x6f, 0x6e, 0x3a, 0x20, 0x73, 0x74, 0x72, 0x69, 0x6e, 
    0x67, 0x29, 0x0a, 0x20, 0x20, 0x0a, 0x20, 0x20, 0x40, 0x61, 0x6c, 0x69, 0x61, 0x73, 0x28, 0x22, 
    0x61, 0x64, 0x64, 0x48, 0x65, 0x61, 0x64, 0x65, 0x72, 0x22, 0x29, 0x0a, 0x20, 0x20, 0x62, 0x6f, 
    0x6f, 0x6c, 0x20, 0x72, 0x65, 0x73, 0x70, 0x6f, 0x6e, 0x73, 0x65, 0x5f, 0x61, 0x64, 0x64, 0x48, 
    0x65, 0x61, 0x64, 0x65, 0x72, 0x28, 0x72, 0x65, 0x73, 0x70, 0x6f, 0x6e, 0x73, 0x65, 0x3a, 0x20, 
    0x69, 0x6e, 0x74, 0x33, 0x32, 0x2c, 0x20, 0x6e, 0x61, 0x6d, 0x65, 0x3a, 0x20, 0x73, 0x74, 0x72, 
    0x69, 0x6e, 0x67, 0x2c, 0x20, 0x76, 0x61, 0x6c, 0x75, 0x65, 0x3a, 0x20, 0x73, 0x74, 0x72, 0x69, 
    0x6e, 0x67, 0x29, 0x0a, 0x7d, 0x0a, 0x0a, 0x2f, 0x2f, 0x20, 0x52, 0x65, 0x71, 0x75, 0x65, 0x73, 
    0x74, 0x20, 0x61, 0x63, 0x63, 0x65, 0x73, 0x73, 0x6f, 0x72, 0x20, 0x66, 0x75, 0x6e, 0x63, 0x74, 
    0x69, 0x6f, 0x6e, 0x73, 0x0a, 0x69, 0x6e, 0x74, 0x65, 0x72, 0x66, 0x61, 0x63, 0x65, 0x20, 0x72, 
    0x65, 0x71, 0x75, 0x65, 0x73, 0x74, 0x20, 0x7b, 0x0a, 0x20, 0x20, 0x40, 0x61, 0x6c, 0x69, 0x61, 
    0x73, 0x28, 0x22, 0x67, 0x65, 0x74, 0x4d, 0x65, 0x74, 0x68, 0x6f, 0x64, 0x22, 0x29, 0x0a, 0x20, 
    0x20, 0x73, 0x74, 0x72, 0x69, 0x6e, 0x67, 0x20, 0x72, 0x65, 0x71, 0x75, 0x65, 0x73, 0x74, 0x5f, 
    0x67, 0x65, 0x74, 0x4d, 0x65, 0x74, 0x68, 0x6f, 0x64, 0x28, 0x72, 0x65, 0x71, 0x75, 0x65, 0x73, 
    0x74, 0x3a, 0x20, 0x69, 0x6e, 0x74, 0x33, 0x32, 0x29, 0x0a, 0x20, 0x20, 0x0a, 0x20, 0x20, 0x40, 
    0x61, 0x6c, 0x69, 0x61, 0x73, 0x28, 0x22, 0x67, 0x65, 0x74, 0x50, 0x61, 0x74, 0x68, 0x22, 0x29, 
    0x0a, 0x20, 0x20, 0x73, 0x74, 0x72, 0x69, 0x6e, 0x67, 0x20, 0x72, 0x65, 0x71, 0x75, 0x65, 0x73, 
    0x74, 0x5f, 0x67, 0x65, 0x74, 0x50, 0x61, 0x74, 0x68, 0x28, 0x72, 0x65, 0x71, 0x75, 0x65, 0x73, 
    0x74, 0x3a, 0x20, 0x69, 0x6e, 0x74, 0x33, 0x32, 0x29, 0x0a, 0x20, 0x20, 0x0a, 0x20, 0x20, 0x40, 
    0x61, 0x6c, 0x69, 0x61, 0x73, 0x28, 0x22, 0x67, 0x65, 0x74, 0x42, 0x6f, 0x64, 0x79, 0x22, 0x29, 
    0x0a, 0x20, 0x20, 0x73, 0x74, 0x72, 0x69, 0x6e, 0x67, 0x20, 0x72, 0x65, 0x71, 0x75, 0x65, 0x73, 
    0x74, 0x5f, 0x67, 0x65, 0x74, 0x42, 0x6f, 0x64, 0x79, 0x28, 0x72, 0x65, 0x71, 0x75, 0x65, 0x73, 
    0x74, 0x3a, 0x20, 0x69, 0x6e, 0x74, 0x33, 0x32, 0x29, 0x0a, 0x20, 0x20, 0x0a, 0x20, 0x20, 0x40, 
    0x61, 0x6c, 0x69, 0x61, 0x73, 0x28, 0x22, 0x67, 0x65, 0x74, 0x50, 0x61, 0x72, 0x61, 0x6d, 0x22, 
    0x29, 0x0a, 0x20, 0x20, 0x73, 0x74, 0x72, 0x69, 0x6e, 0x67, 0x20, 0x72, 0x65, 0x71, 0x75, 0x65, 
    0x73, 0x74, 0x5f, 0x67, 0x65, 0x74, 0x50, 0x61, 0x72, 0x61, 0x6d, 0x28, 0x72, 0x65, 0x71, 0x75, 
    0x65, 0x73, 0x74, 0x3a, 0x20, 0x69, 0x6e, 0x74, 0x33, 0x32, 0x2c, 0x20, 0x6e, 0x61, 0x6d, 0x65, 
    0x3a, 0x20, 0x73, 0x74, 0x72, 0x69, 0x6e, 0x67, 0x29, 0x0a, 0x20, 0x20, 0x0a, 0x20, 0x20, 0x40, 
    0x61, 0x6c, 0x69, 0x61, 0x73, 0x28, 0x22, 0x67, 0x65, 0x74, 0x48, 0x65, 0x61, 0x64, 0x65, 0x72, 
    0x22, 0x29, 0x0a, 0x20, 0x20, 0x73, 0x74, 0x72, 0x69, 0x6e, 0x67, 0x20, 0x72, 0x65, 0x71, 0x75, 
    0x65, 0x73, 0x74, 0x5f, 0x67, 0x65, 0x74, 0x48, 0x65, 0x61, 0x64, 0x65, 0x72, 0x28, 0x72, 0x65, 
    0x71, 0x75, 0x65, 0x73, 0x74, 0x3a, 0x20, 0x69, 0x6e, 0x74, 0x33, 0x32, 0x2c, 0x20, 0x6e, 0x61, 
    0x6d, 0x65, 0x3a, 0x20, 0x73, 0x74, 0x72, 0x69, 0x6e, 0x67, 0x29, 0x0a, 0x20, 0x20, 0x0a, 0x20, 
    0x20, 0x40, 0x61, 0x6c, 0x69, 0x61, 0x73, 0x28, 0x22, 0x70, 0x61, 0x72, 0x73, 0x65, 0x4d, 0x75, 
    0x6c, 0x74, 0x69, 0x70, 0x61, 0x72, 0x74, 0x22, 0x29, 0x0a, 0x20, 0x20, 0x62, 0x6f, 0x6f, 0x6c, 
    0x20, 0x72, 0x65, 0x71, 0x75, 0x65, 0x73, 0x74, 0x5f, 0x70, 0x61, 0x72, 0x73, 0x65, 0x4d, 0x75, 
    0x6c, 0x74, 0x69, 0x70, 0x61, 0x72, 0x74, 0x28, 0x72, 0x65, 0x71, 0x75, 0x65, 0x73, 0x74, 0x3a, 
    0x20, 0x69, 0x6e, 0x74, 0x33, 0x32, 0x29, 0x0a, 0x20, 0x20, 0x0a, 0x20, 0x20, 0x40, 0x61, 0x6c, 
    0x69, 0x61, 0x73, 0x28, 0x22, 0x67, 0x65, 0x74, 0x4d, 0x75, 0x6c, 0x74, 0x69, 0x70, 0x61, 0x72, 
    0x74, 0x46, 0x69, 0x65, 0x6c, 0x64, 0x22, 0x29, 0x0a, 0x20, 0x20, 0x73, 0x74, 0x72, 0x69, 0x6e, 
    0x67, 0x20, 0x72, 0x65, 0x71, 0x75, 0x65, 0x73, 0x74, 0x5f, 0x67, 0x65, 0x74, 0x4d, 0x75, 0x6c, 
    0x74, 0x69, 0x70, 0x61, 0x72, 0x74, 0x46, 0x69, 0x65, 0x6c, 0x64, 0x28, 0x72, 0x65, 0x71, 0x75, 
    0x65, 0x73, 0x74, 0x3a, 0x20, 0x69, 0x6e, 0x74, 0x33, 0x32, 0x2c, 0x20, 0x6e, 0x61, 0x6d, 0x65, 
    0x3a, 0x20, 0x73, 0x74, 0x72, 0x69, 0x6e, 0x67, 0x29, 0x0a, 0x20, 0x20, 0x0a, 0x20, 0x20, 0x40, 
    0x61, 0x6c, 0x69, 0x61, 0x73, 0x28, 0x22, 0x70, 0x61, 0x72, 0x73, 0x65, 0x4d, 0x75, 0x6c, 0x74, 
    0x69, 0x70, 0x61, 0x72, 0x74, 0x46, 0x69, 0x65, 0x6c, 0x64, 0x73, 0x22, 0x29, 0x0a, 0x20, 0x20, 
    0x61, 0x72, 0x72, 0x61, 0x79, 0x20, 0x72, 0x65, 0x71, 0x75, 0x65, 0x73, 0x74, 0x5f, 0x70, 0x61, 
    0x72, 0x73, 0x65, 0x4d, 0x75, 0x6c, 0x74, 0x69, 0x70, 0x61, 0x72, 0x74, 0x46, 0x69, 0x65, 0x6c, 
    0x64, 0x73, 0x28, 0x72, 0x65, 0x71, 0x75, 0x65, 0x73, 0x74, 0x3a, 0x20, 0x69, 0x6e, 0x74, 0x33, 
    0x32, 0x29, 0x0a, 0x20, 0x20, 0x0a, 0x20, 0x20, 0x40, 0x61, 0x6c, 0x69, 0x61, 0x73, 0x28, 0x22, 
    0x70, 0x61, 0x72, 0x73, 0x65, 0x4d, 0x75, 0x6c, 0x74, 0x69, 0x70, 0x61, 0x72, 0x74, 0x46, 0x69, 
    0x6c, 0x65, 0x22, 0x29, 0x0a, 0x20, 0x20, 0x6f, 0x62, 0x6a, 0x65, 0x63, 0x74, 0x20, 0x72, 0x65, 
    0x71, 0x75, 0x65, 0x73, 0x74, 0x5f, 0x70, 0x61, 0x72, 0x73, 0x65, 0x4d, 0x75, 0x6c, 0x74, 0x69, 
    0x70, 0x61, 0x72, 0x74, 0x46, 0x69, 0x6c, 0x65, 0x28, 0x72, 0x65, 0x71, 0x75, 0x65, 0x73, 0x74, 
    0x3a, 0x20, 0x69, 0x6e, 0x74, 0x33, 0x32, 0x2c, 0x20, 0x66, 0x69, 0x65, 0x6c, 0x64, 0x6e, 0x61, 
    0x6d, 0x65, 0x3a, 0x20, 0x73, 0x74, 0x72, 0x69, 0x6e, 0x67, 0x29, 0x0a, 0x20, 0x20, 0x0a, 0x20, 
    0x20, 0x40, 0x61, 0x6c, 0x69, 0x61, 0x73, 0x28, 0x22, 0x73, 0x61, 0x76, 0x65, 0x4d, 0x75, 0x6c, 
    0x74, 0x69, 0x70, 0x61, 0x72, 0x74, 0x46, 0x69, 0x6c, 0x65, 0x22, 0x29, 0x0a, 0x20, 0x20, 0x62, 
    0x6f, 0x6f, 0x6c, 0x20, 0x72, 0x65, 0x71, 0x75, 0x65, 0x73, 0x74, 0x5f, 0x73, 0x61, 0x76, 0x65, 
    0x4d, 0x75, 0x6c, 0x74, 0x69, 0x70, 0x61, 0x72, 0x74, 0x46, 0x69, 0x6c, 0x65, 0x28, 0x72, 0x65, 
    0x71, 0x75, 0x65, 0x73, 0x74, 0x3a, 0x20, 0x69, 0x6e, 0x74, 0x33, 0x32, 0x2c, 0x20, 0x66, 0x69, 
    0x65, 0x6c, 0x64, 0x6e, 0x61, 0x6d, 0x65, 0x3a, 0x20, 0x73, 0x74, 0x72, 0x69, 0x6e, 0x67, 0x2c, 
    0x20, 0x64, 0x65, 0x73, 0x74, 0x70, 0x61, 0x74, 0x68, 0x3a, 0x20, 0x73, 0x74, 0x72, 0x69, 0x6e, 
    0x67, 0x29, 0x0a, 0x20, 0x20, 0x0a, 0x20, 0x20, 0x40, 0x61, 0x6c, 0x69, 0x61, 0x73, 0x28, 0x22, 
    0x67, 0x65, 0x74, 0x4a, 0x73, 0x6f, 0x6e, 0x53, 0x74, 0x72, 0x69, 0x6e, 0x67, 0x22, 0x29, 0x0a, 
    0x20, 0x20, 0x73, 0x74, 0x72, 0x69, 0x6e, 0x67, 0x20, 0x72, 0x65, 0x71, 0x75, 0x65, 0x73, 0x74, 
    0x5f, 0x67, 0x65, 0x74, 0x4a, 0x73, 0x6f, 0x6e, 0x53, 0x74, 0x72, 0x69, 0x6e, 0x67, 0x28, 0x72, 
    0x65, 0x71, 0x75, 0x65, 0x73, 0x74, 0x3a, 0x20, 0x69, 0x6e, 0x74, 0x33, 0x32, 0x2c, 0x20, 0x70, 
    0x61, 0x74, 0x68, 0x3a, 0x20, 0x73, 0x74, 0x72, 0x69, 0x6e, 0x67, 0x29, 0x0a, 0x20, 0x20, 0x0a, 
    0x20, 0x20, 0x40, 0x61, 0x6c, 0x69, 0x61, 0x73, 0x28, 0x22, 0x67, 0x65, 0x74, 0x4a, 0x73, 0x6f, 
    0x6e, 0x4e, 0x75, 0x6d, 0x62, 0x65, 0x72, 0x22, 0x29, 0x0a, 0x20, 0x20, 0x66, 0x6c, 0x6f, 0x61, 
    0x74, 0x36, 0x34, 0x20, 0x72, 0x65, 0x71, 0x75, 0x65, 0x73, 0x74, 0x5f, 0x67, 0x65, 0x74, 0x4a, 
    0x73, 0x6f, 0x6e, 0x4e, 0x75, 0x6d, 0x62, 0x65, 0x72, 0x28, 0x72, 0x65, 0x71, 0x75, 0x65, 0x73, 
    0x74, 0x3a, 0x20, 0x69, 0x6e, 0x74, 0x33, 0x32, 0x2c, 0x20, 0x70, 0x61, 0x74, 0x68, 0x3a, 0x20, 
    0x73, 0x74, 0x72, 0x69, 0x6e, 0x67, 0x29, 0x0a, 0x20, 0x20, 0x0a, 0x20, 0x20, 0x40, 0x61, 0x6c, 
    0x69, 0x61, 0x73, 0x28, 0x22, 0x67, 0x65, 0x74, 0x4a, 0x73, 0x6f, 0x6e, 0x42, 0x6f, 0x6f, 0x6c, 
    0x22, 0x29, 0x0a, 0x20, 0x20, 0x62, 0x6f, 0x6f, 0x6c, 0x20, 0x72, 0x65, 0x71, 0x75, 0x65, 0x73, 
    0x74, 0x5f, 0x67, 0x65, 0x74, 0x4a, 0x73, 0x6f, 0x6e, 0x42, 0x6f, 0x6f, 0x6c, 0x28, 0x72, 0x65, 
    0x71, 0x75, 0x65, 0x73, 0x74, 0x3a, 0x20, 0x69, 0x6e, 0x74, 0x33, 0x32, 0x2c, 0x20, 0x70, 0x61, 
    0x74, 0x68, 0x3a, 0x20, 0x73, 0x74, 0x72, 0x69, 0x6e, 0x67, 0x29, 0x0a, 0x7d, 0x0a, 
};

static const unsigned char embedded_interface_sqlite_kyl_data[] = {
    0x2f, 0x2f, 0x20, 0x49, 0x6e, 0x74, 0x65, 0x72, 0x66, 0x61, 0x63, 0x65, 0x20, 0x66, 0x6f, 0x72, 
    0x20, 0x53, 0x51, 0x4c, 0x69, 0x74, 0x65, 0x20, 0x6c, 0x69, 0x62, 0x72, 0x61, 0x72, 0x79, 0x0a, 
    0x69, 0x6e, 0x74, 0x65, 0x72, 0x66, 0x61, 0x63, 0x65, 0x20, 0x73, 0x71, 0x6c, 0x69, 0x74, 0x65, 
    0x20, 0x66, 0x72, 0x6f, 0x6d, 0x20, 0x22, 0x6c, 0x69, 0x62, 0x73, 0x2f, 0x6c, 0x69, 0x62, 0x6b, 
    0x79, 0x6c, 0x73, 0x71, 0x6c, 0x69, 0x74, 0x65, 0x2e, 0x73, 0x6f, 0x22, 0x20, 0x7b, 0x0a, 0x20, 
    0x20, 0x40, 0x61, 0x6c, 0x69, 0x61, 0x73, 0x28, 0x22, 0x6f, 0x70, 0x65, 0x6e, 0x44, 0x61, 0x74, 
    0x61, 0x62, 0x61, 0x73, 0x65, 0x22, 0x29, 0x0a, 0x20, 0x20, 0x69, 0x6e, 0x74, 0x33, 0x32, 0x20, 
    0x73, 0x71, 0x6c, 0x69, 0x74, 0x65, 0x5f, 0x6f, 0x70, 0x65, 0x6e, 0x44, 0x61, 0x74, 0x61, 0x62, 
    0x61, 0x73, 0x65, 0x28, 0x70, 0x61, 0x74, 0x68, 0x3a, 0x20, 0x73, 0x74, 0x72, 0x69, 0x6e, 0x67, 
    0x2c, 0x20, 0x66, 0x6c, 0x61, 0x67, 0x73, 0x3a, 0x20, 0x69, 0x6e, 0x74, 0x33, 0x32, 0x29, 0x0a, 
    0x20, 0x20, 0x0a, 0x20, 0x20, 0x40, 0x61, 0x6c, 0x69, 0x61, 0x73, 0x28, 0x22, 0x63, 0x6c, 0x6f, 
    0x73, 0x65, 0x44, 0x61, 0x74, 0x61, 0x62, 0x61, 0x73, 0x65, 0x22, 0x29, 0x0a, 0x20, 0x20, 0x69, 
    0x6e, 0x74, 0x33, 0x32, 0x20, 0x73, 0x71, 0x6c, 0x69, 0x74, 0x65, 0x5f, 0x63, 0x6c, 0x6f, 0x73, 
    0x65, 0x44, 0x61, 0x74, 0x61, 0x62, 0x61, 0x73, 0x65, 0x28, 0x68, 0x61, 0x6e, 0x64, 0x6c, 0x65, 
    0x3a, 0x20, 0x69, 0x6e, 0x74, 0x33, 0x32, 0x29, 0x0a, 0x20, 0x20, 0x0a, 0x20, 0x20, 0x40, 0x61, 
    0x6c, 0x69, 0x61, 0x73, 0x28, 0x22, 0x65, 0x78, 0x65, 0x63, 0x75, 0x74, 0x65, 0x53, 0x71, 0x6c, 
    0x22, 0x29, 0x0a, 0x20, 0x20, 0x69, 0x6e, 0x74, 0x33, 0x32, 0x20, 0x73, 0x71, 0x6c, 0x69, 0x74, 
    0x65, 0x5f, 0x65, 0x78, 0x65, 0x63, 0x75, 0x74, 0x65, 0x53, 0x71, 0x6c, 0x28, 0x68, 0x61, 0x6e, 
    0x64, 0x6c, 0x65, 0x3a, 0x20, 0x69, 0x6e, 0x74, 0x33, 0x32, 0x2c, 0x20, 0x73, 0x71, 0x6c, 0x3a, 
    0x20, 0x73, 0x74, 0x72, 0x69, 0x6e, 0x67, 0x29, 0x0a, 0x20, 0x20, 0x0a, 0x20, 0x20, 0x40, 0x61, 
    0x6c, 0x69, 0x61, 0x73, 0x28, 0x22, 0x65, 0x78, 0x65, 0x63, 0x75, 0x74, 0x65, 0x51, 0x75, 0x65, 
    0x72, 0x79, 0x22, 0x29, 0x0a, 0x20, 0x20, 0x69, 0x6e, 0x74, 0x33, 0x32, 0x20, 0x73, 0x71, 0x6c, 
    0x69, 0x74, 0x65, 0x5f, 0x65, 0x78, 0x65, 0x63, 0x75, 0x74, 0x65, 0x51, 0x75, 0x65, 0x72, 0x79, 
    0x28, 0x68, 0x61, 0x6e, 0x64, 0x6c, 0x65, 0x3a, 0x20, 0x69, 0x6e, 0x74, 0x33, 0x32, 0x2c, 0x20, 
    0x73, 0x71, 0x6c, 0x3a, 0x20, 0x73, 0x74, 0x72, 0x69, 0x6e, 0x67, 0x29, 0x0a, 0x20, 0x20, 0x0a, 
    0x20, 0x20, 0x40, 0x61, 0x6c, 0x69, 0x61, 0x73, 0x28, 0x22, 0x66, 0x72, 0x65, 0x65, 0x52, 0x65, 
    0x73, 0x75, 0x6c, 0x74, 0x22, 0x29, 0x0a, 0x20, 0x20, 0x69, 0x6e, 0x74, 0x33, 0x32, 0x20, 0x73, 
    0x71, 0x6c, 0x69, 0x74, 0x65, 0x5f, 0x66, 0x72, 0x65, 0x65, 0x52, 0x65, 0x73, 0x75, 0x6c, 0x74, 
    0x28, 0x68, 0x61, 0x6e, 0x64, 0x6c, 0x65, 0x3a, 0x20, 0x69, 0x6e, 0x74, 0x33, 0x32, 0x29, 0x0a, 
    0x20, 0x20, 0x0a, 0x20, 0x20, 0x40, 0x61, 0x6c, 0x69, 0x61, 0x73, 0x28, 0x22, 0x67, 0x65, 0x74, 
    0x4c, 0x61, 0x73, 0x74, 0x45, 0x72, 0x72, 0x6f, 0x72, 0x22, 0x29, 0x0a, 0x20, 0x20, 0x73, 0x74, 
    0x72, 0x69, 0x6e, 0x67, 0x20, 0x73, 0x71, 0x6c, 0x69, 0x74, 0x65, 0x5f, 0x67, 0x65, 0x74, 0x4c, 
    0x61, 0x73, 0x74, 0x45, 0x72, 0x72, 0x6f, 0x72, 0x28, 0x68, 0x61, 0x6e, 0x64, 0x6c, 0x65, 0x3a, 
    0x20, 0x69, 0x6e, 0x74, 0x33, 0x32, 0x29, 0x0a, 0x7d, 0x0a, 0x0a, 0x69, 0x6e, 0x74, 0x65, 0x72, 
    0x66, 0x61, 0x63, 0x65, 0x20, 0x72, 0x65, 0x73, 0x75, 0x6c, 0x74, 0x20, 0x7b, 0x0a, 0x20, 0x20, 
    0x40, 0x61, 0x6c, 0x69, 0x61, 0x73, 0x28, 0x22, 0x66, 0x69, 0x72, 0x73, 0x74, 0x52, 0x6f, 0x77, 
    0x22, 0x29, 0x0a, 0x20, 0x20, 0x69, 0x6e, 0x74, 0x33, 0x32, 0x20, 0x72, 0x65, 0x73, 0x75, 0x6c, 
    0x74, 0x5f, 0x66, 0x69, 0x72, 0x73, 0x74, 0x52, 0x6f, 0x77, 0x28, 0x68, 0x61, 0x6e, 0x64, 0x6c, 
    0x65, 0x3a, 0x20, 0x69, 0x6e, 0x74, 0x33, 0x32, 0x29, 0x0a, 0x20, 0x20, 0x0a, 0x20, 0x20, 0x40, 
    0x61, 0x6c, 0x69, 0x61, 0x73, 0x28, 0x22, 0x6e, 0x65, 0x78, 0x74, 0x52, 0x6f, 0x77, 0x22, 0x29, 
    0x0a, 0x20, 0x20, 0x69, 0x6e, 0x74, 0x33, 0x32, 0x20, 0x72, 0x65, 0x73, 0x75, 0x6c, 0x74, 0x5f, 
    0x6e, 0x65, 0x78, 0x74, 0x52, 0x6f, 0x77, 0x28, 0x68, 0x61, 0x6e, 0x64, 0x6c, 0x65, 0x3a, 0x20, 
    0x69, 0x6e, 0x74, 0x33, 0x32, 0x29, 0x0a, 0x7d, 0x0a, 0x0a, 0x69, 0x6e, 0x74, 0x65, 0x72, 0x66, 
    0x61, 0x63, 0x65, 0x20, 0x72, 0x6f, 0x77, 0x20, 0x7b, 0x0a, 0x20, 0x20, 0x40, 0x61, 0x6c, 0x69, 
    0x61, 0x73, 0x28, 0x22, 0x67, 0x65, 0x74, 0x49, 0x6e, 0x74, 0x22, 0x29, 0x0a, 0x20, 0x20, 0x69, 
    0x6e, 0x74, 0x33, 0x32, 0x20, 0x72, 0x6f, 0x77, 0x5f, 0x67, 0x65, 0x74, 0x49, 0x6e, 0x74, 0x28, 
    0x72, 0x6f, 0x77, 0x48, 0x61, 0x6e, 0x64, 0x6c, 0x65, 0x3a, 0x20, 0x69, 0x6e, 0x74, 0x33, 0x32, 
    0x2c, 0x20, 0x63, 0x6f, 0x6c, 0x49, 0x6e, 0x64, 0x65, 0x78, 0x3a, 0x20, 0x69, 0x6e, 0x74, 0x33, 
    0x32, 0x29, 0x0a, 0x20, 0x20, 0x0a, 0x20, 0x20, 0x40, 0x61, 0x6c, 0x69, 0x61, 0x73, 0x28, 0x22, 
    0x67, 0x65, 0x74, 0x54, 0x65, 0x78, 0x74, 0x22, 0x29, 0x0a, 0x20, 0x20, 0x73, 0x74, 0x72, 0x69, 
    0x6e, 0x67, 0x20, 0x72, 0x6f, 0x77, 0x5f, 0x67, 0x65, 0x74, 0x54, 0x65, 0x78, 0x74, 0x28, 0x72, 
    0x6f, 0x77, 0x48, 0x61, 0x6e, 0x64, 0x6c, 0x65, 0x3a, 0x20, 0x69, 0x6e, 0x74, 0x33, 0x32, 0x2c, 
    0x20, 0x63, 0x6f, 0x6c, 0x49, 0x6e, 0x64, 0x65, 0x78, 0x3a, 0x20, 0x69, 0x6e, 0x74, 0x33, 0x32, 
    0x29, 0x0a, 0x20, 0x20, 0x0a, 0x20, 0x20, 0x40, 0x61, 0x6c, 0x69, 0x61, 0x73, 0x28, 0x22, 0x67, 
    0x65, 0x74, 0x52, 0x65, 0x61, 0x6c, 0x22, 0x29, 0x0a, 0x20, 0x20, 0x66, 0x6c, 0x6f, 0x61, 0x74, 
    0x36, 0x34, 0x20, 0x72, 0x6f, 0x77, 0x5f, 0x67, 0x65, 0x74, 0x52, 0x65, 0x61, 0x6c, 0x28, 0x72, 
    0x6f, 0x77, 0x48, 0x61, 0x6e, 0x64, 0x6c, 0x65, 0x3a, 0x20, 0x69, 0x6e, 0x74, 0x33, 0x32, 0x2c, 
    0x20, 0x63, 0x6f, 0x6c, 0x49, 0x6e, 0x64, 0x65, 0x78, 0x3a, 0x20, 0x69, 0x6e, 0x74, 0x33, 0x32, 
    0x29, 0x0a, 0x7d, 0x0a, 
};

static const unsigned char embedded_interface_http_client_ex_kyl_data[] = {
    0x2f, 0x2f, 0x20, 0x45, 0x6e, 0x68, 0x61, 0x6e, 0x63, 0x65, 0x64, 0x20, 0x48, 0x54, 0x54, 0x50, 
    0x20, 0x43, 0x6c, 0x69, 0x65, 0x6e, 0x74, 0x20, 0x49, 0x6e, 0x74, 0x65, 0x72, 0x66, 0x61, 0x63, 
    0x65, 0x0a, 0x2f, 0x2f, 0x20, 0x48, 0x54, 0x54, 0x50, 0x20, 0x43, 0x6c, 0x69, 0x65, 0x6e, 0x74, 
    0x20, 0x52, 0x65, 0x73, 0x70, 0x6f, 0x6e, 0x73, 0x65, 0x20, 0x6f, 0x62, 0x6a, 0x65, 0x63, 0x74, 
    0x0a, 0x69, 0x6e, 0x74, 0x65, 0x72, 0x66, 0x61, 0x63, 0x65, 0x20, 0x68, 0x74, 0x74, 0x70, 0x63, 
    0x6c, 0x69, 0x65, 0x6e, 0x74, 0x20, 0x66, 0x72, 0x6f, 0x6d, 0x20, 0x22, 0x6c, 0x69, 0x62, 0x73, 
    0x2f, 0x6c, 0x69, 0x62, 0x6b, 0x79, 0x6c, 0x68, 0x74, 0x74, 0x70, 0x2e, 0x73, 0x6f, 0x22, 0x20, 
    0x7b, 0x0a, 0x6f, 0x62, 0x6a, 0x65, 0x63, 0x74, 0x20, 0x48, 0x74, 0x74, 0x70, 0x52, 0x65, 0x73, 
    0x70, 0x6f, 0x6e, 0x73, 0x65, 0x20, 0x7b, 0x0a, 0x20, 0x20, 0x20, 0x20, 0x69, 0x6e, 0x74, 0x33, 
    0x32, 0x20, 0x73, 0x74, 0x61, 0x74, 0x75, 0x73, 0x20, 0x20, 0x20, 0x20, 0x20, 0x20, 0x20, 0x20, 
    0x20, 0x20, 0x2f, 0x2f, 0x20, 0x48, 0x54, 0x54, 0x50, 0x20, 0x73, 0x74, 0x61, 0x74, 0x75, 0x73, 
    0x20, 0x63, 0x6f, 0x64, 0x65, 0x20, 0x28, 0x32, 0x30, 0x30, 0x2c, 0x20, 0x34, 0x30, 0x34, 0x2c, 
    0x20, 0x35, 0x30, 0x30, 0x2c, 0x20, 0x65, 0x74, 0x63, 0x2e, 0x29, 0x0a, 0x20, 0x20, 0x20, 0x20, 
    0x73, 0x74, 0x72, 0x69, 0x6e, 0x67, 0x20, 0x62, 0x6f, 0x64, 0x79, 0x20, 0x20, 0x20, 0x20, 0x20, 
    0x20, 0x20, 0x20, 0x20, 0x20, 0x20, 0x2f, 0x2f, 0x20, 0x52, 0x65, 0x73, 0x70, 0x6f, 0x6e, 0x73, 
    0x65, 0x20, 0x62, 0x6f, 0x64, 0x79, 0x0a, 0x20, 0x20, 0x20, 0x20, 0x6d, 0x61, 0x70, 0x20, 0x68, 
    0x65, 0x61, 0x64, 0x65, 0x72, 0x73, 0x20, 0x20, 0x20, 0x20, 0x20, 0x20, 0x20, 0x20, 0x20, 0x20, 
    0x20, 0x2f, 0x2f, 0x20, 0x52, 0x65, 0x73, 0x70, 0x6f, 0x6e, 0x73, 0x65, 0x20, 0x68, 0x65, 0x61, 
    0x64, 0x65, 0x72, 0x73, 0x20, 0x28, 0x6e, 0x61, 0x6d, 0x65, 0x20, 0x2d, 0x3e, 0x20, 0x76, 0x61, 
    0x6c, 0x75, 0x65, 0x29, 0x0a, 0x20, 0x20, 0x20, 0x20, 0x73, 0x74, 0x72, 0x69, 0x6e, 0x67, 0x20, 
    0x65, 0x72, 0x72, 0x6f, 0x72, 0x20, 0x20, 0x20, 0x20, 0x20, 0x20, 0x20, 0x20, 0x20, 0x20, 0x2f, 
    0x2f, 0x20, 0x45, 0x72, 0x72, 0x6f, 0x72, 0x20, 0x6d, 0x65, 0x73, 0x73, 0x61, 0x67, 0x65, 0x20, 
    0x69, 0x66, 0x20, 0x72, 0x65, 0x71, 0x75, 0x65, 0x73, 0x74, 0x20, 0x66, 0x61, 0x69, 0x6c, 0x65, 
    0x64, 0x0a, 0x20, 0x20, 0x20, 0x20, 0x69, 0x6e, 0x74, 0x36, 0x34, 0x20, 0x72, 0x65, 0x73, 0x70, 
    0x6f, 0x6e, 0x73, 0x65, 0x54, 0x69, 0x6d, 0x65, 0x20, 0x20, 0x20, 0x20, 0x2f, 0x2f, 0x20, 0x52, 
    0x65, 0x73, 0x70, 0x6f, 0x6e, 0x73, 0x65, 0x20, 0x74, 0x69, 0x6d, 0x65, 0x20, 0x69, 0x6e, 0x20, 
    0x6d, 0x69, 0x6c, 0x6c, 0x69, 0x73, 0x65, 0x63, 0x6f, 0x6e, 0x64, 0x73, 0x0a, 0x7d, 0x0a, 0x0a, 
    0x2f, 0x2f, 0x20, 0x48, 0x54, 0x54, 0x50, 0x20, 0x43, 0x6c, 0x69, 0x65, 0x6e, 0x74, 0x20, 0x52, 
    0x65, 0x71, 0x75, 0x65, 0x73, 0x74, 0x20, 0x63, 0x6f, 0x6e, 0x66, 0x69, 0x67, 0x75, 0x72, 0x61, 
    0x74, 0x69, 0x6f, 0x6e, 0x20, 0x6f, 0x62, 0x6a, 0x65, 0x63, 0x74, 0x0a, 0x6f, 0x62, 0x6a, 0x65, 
    0x63, 0x74, 0x20, 0x48, 0x74, 0x74, 0x70, 0x52, 0x65, 0x71, 0x75, 0x65, 0x73, 0x74, 0x20, 0x7b, 
    0x0a, 0x20, 0x20, 0x20, 0x20, 0x73, 0x74, 0x72, 0x69, 0x6e, 0x67, 0x20, 0x75, 0x72, 0x6c, 0x0a, 
    0x20, 0x20, 0x20, 0x20, 0x73, 0x74, 0x72, 0x69, 0x6e, 0x67, 0x20, 0x6d, 0x65, 0x74, 0x68, 0x6f, 
    0x64, 0x20, 0x20, 0x20, 0x20, 0x20, 0x20, 0x20, 0x20, 0x20, 0x2f, 0x2f, 0x20, 0x47, 0x45, 0x54, 
    0x2c, 0x20, 0x50, 0x4f, 0x53, 0x54, 0x2c, 0x20, 0x50, 0x55, 0x54, 0x2c, 0x20, 0x44, 0x45, 0x4c, 
    0x45, 0x54, 0x45, 0x2c, 0x20, 0x50, 0x41, 0x54, 0x43, 0x48, 0x0a, 0x20, 0x20, 0x20, 0x20, 0x73, 
    0x74, 0x72, 0x69, 0x6e, 0x67, 0x20, 0x62, 0x6f, 0x64, 0x79, 0x20, 0x20, 0x20, 0x20, 0x20, 0x20, 
    0x20, 0x20, 0x20, 0x20, 0x20, 0x2f, 0x2f, 0x20, 0x52, 0x65, 0x71, 0x75, 0x65, 0x73, 0x74, 0x20, 
    0x62, 0x6f, 0x64, 0x79, 0x20, 0x28, 0x66, 0x6f, 0x72, 0x20, 0x50, 0x4f, 0x53, 0x54, 0x2f, 0x50, 
    0x55, 0x54, 0x29, 0x0a, 0x20, 0x20, 0x20, 0x20, 0x6d, 0x61, 0x70, 0x20, 0x68, 0x65, 0x61, 0x64, 
    0x65, 0x72, 0x73, 0x20, 0x20, 0x20, 0x20, 0x20, 0x20, 0x20, 0x20, 0x20, 0x20, 0x20, 0x2f, 0x2f, 
    0x20, 0x43, 0x75, 0x73, 0x74, 0x6f, 0x6d, 0x20, 0x72, 0x65, 0x71, 0x75, 0x65, 0x73, 0x74, 0x20, 
    0x68, 0x65, 0x61, 0x64, 0x65, 0x72, 0x73, 0x0a, 0x20, 0x20, 0x20, 0x20, 0x69, 0x6e, 0x74, 0x33, 
    0x32, 0x20, 0x74, 0x69, 0x6d, 0x65, 0x6f, 0x75, 0x74, 0x20, 0x20, 0x20, 0x20, 0x20, 0x20, 0x20, 
    0x20, 0x20, 0x2f, 0x2f, 0x20, 0x52, 0x65, 0x71, 0x75, 0x65, 0x73, 0x74, 0x20, 0x74, 0x69, 0x6d, 
    0x65, 0x6f, 0x75, 0x74, 0x20, 0x69, 0x6e, 0x20, 0x6d, 0x73, 0x20, 0x28, 0x64, 0x65, 0x66, 0x61, 
    0x75, 0x6c, 0x74, 0x3a, 0x20, 0x33, 0x30, 0x30, 0x30, 0x30, 0x29, 0x0a, 0x20, 0x20, 0x20, 0x20, 
    0x62, 0x6f, 0x6f, 0x6c, 0x20, 0x66, 0x6f, 0x6c, 0x6c, 0x6f, 0x77, 0x52, 0x65, 0x64, 0x69, 0x72, 
    0x65, 0x63, 0x74, 0x73, 0x20, 0x20, 0x2f, 0x2f, 0x20, 0x46, 0x6f, 0x6c, 0x6c, 0x6f, 0x77, 0x20, 
    0x48, 0x54, 0x54, 0x50, 0x20, 0x72, 0x65, 0x64, 0x69, 0x72, 0x65, 0x63, 0x74, 0x73, 0x20, 0x28, 
    0x64, 0x65, 0x66, 0x61, 0x75, 0x6c, 0x74, 0x3a, 0x20, 0x74, 0x72, 0x75, 0x65, 0x29, 0x0a, 0x20, 
    0x20, 0x20, 0x20, 0x62, 0x6f, 0x6f, 0x6c, 0x20, 0x76, 0x65, 0x72, 0x69, 0x66, 0x79, 0x53, 0x53, 
    0x4c, 0x20, 0x20, 0x20, 0x20, 0x20, 0x20, 0x20, 0x20, 0x2f, 0x2f, 0x20, 0x56, 0x65, 0x72, 0x69, 
    0x66, 0x79, 0x20, 0x53, 0x53, 0x4c, 0x20, 0x63, 0x65, 0x72, 0x74, 0x69, 0x66, 0x69, 0x63, 0x61, 
    0x74, 0x65, 0x73, 0x20, 0x28, 0x64, 0x65, 0x66, 0x61, 0x75, 0x6c, 0x74, 0x3a, 0x20, 0x74, 0x72, 
    0x75, 0x65, 0x29, 0x0a, 0x7d, 0x0a, 0x0a, 0x69, 0x6e, 0x74, 0x65, 0x72, 0x66, 0x61, 0x63, 0x65, 
    0x20, 0x68, 0x74, 0x74, 0x70, 0x5f, 0x63, 0x6c, 0x69, 0x65, 0x6e, 0x74, 0x5f, 0x65, 0x78, 0x20, 
    0x7b, 0x0a, 0x20, 0x20, 0x20, 0x20, 0x2f, 0x2f, 0x20, 0x45, 0x6e, 0x68, 0x61, 0x6e, 0x63, 0x65, 
    0x64, 0x20, 0x48, 0x54, 0x54, 0x50, 0x20, 0x63, 0x6c, 0x69, 0x65, 0x6e, 0x74, 0x20, 0x66, 0x75, 
    0x6e, 0x63, 0x74, 0x69, 0x6f, 0x6e, 0x73, 0x20, 0x77, 0x69, 0x74, 0x68, 0x20, 0x66, 0x75, 0x6c, 
    0x6c, 0x20, 0x72, 0x65, 0x73, 0x70, 0x6f, 0x6e, 0x73, 0x65, 0x20, 0x64, 0x65, 0x74, 0x61, 0x69, 
    0x6c, 0x73, 0x0a, 0x20, 0x20, 0x20, 0x20, 0x40, 0x61, 0x6c, 0x69, 0x61, 0x73, 0x28, 0x22, 0x63, 
    0x6c, 0x69, 0x65, 0x6e, 0x74, 0x52, 0x65, 0x71, 0x75, 0x65, 0x73, 0x74, 0x45, 0x78, 0x22, 0x29, 
    0x0a, 0x20, 0x20, 0x20, 0x20, 0x48, 0x74, 0x74, 0x70, 0x52, 0x65, 0x73, 0x70, 0x6f, 0x6e, 0x73, 
    0x65, 0x20, 0x68, 0x74, 0x74, 0x70, 0x5f, 0x63, 0x6c, 0x69, 0x65, 0x6e, 0x74, 0x52, 0x65, 0x71, 
    0x75, 0x65, 0x73, 0x74, 0x45, 0x78, 0x28, 0x72, 0x65, 0x71, 0x75, 0x65, 0x73, 0x74, 0x3a, 0x20, 
    0x48, 0x74, 0x74, 0x70, 0x52, 0x65, 0x71, 0x75, 0x65, 0x73, 0x74, 0x29, 0x0a, 0x20, 0x20, 0x20, 
    0x20, 0x0a, 0x20, 0x20, 0x20, 0x20, 0x40, 0x61, 0x6c, 0x69, 0x61, 0x73, 0x28, 0x22, 0x63, 0x6c, 
    0x69, 0x65, 0x6e, 0x74, 0x47, 0x65, 0x74, 0x45, 0x78, 0x22, 0x29, 0x0a, 0x20, 0x20, 0x20, 0x20, 
    0x48, 0x74, 0x74, 0x70, 0x52, 0x65, 0x73, 0x70, 0x6f, 0x6e, 0x73, 0x65, 0x20, 0x68, 0x74, 0x74, 
    0x70, 0x5f, 0x63, 0x6c, 0x69, 0x65, 0x6e, 0x74, 0x47, 0x65, 0x74, 0x45, 0x78, 0x28, 0x75, 0x72, 
    0x6c, 0x3a, 0x20, 0x73, 0x74, 0x72, 0x69, 0x6e, 0x67, 0x2c, 0x20, 0x68, 0x65, 0x61, 0x64, 0x65, 
    0x72, 0x73, 0x3a, 0x20, 0x6d, 0x61, 0x70, 0x29, 0x0a, 0x20, 0x20, 0x20, 0x20, 0x0a, 0x20, 0x20, 
    0x20, 0x20, 0x40, 0x61, 0x6c, 0x69, 0x61, 0x73, 0x28, 0x22, 0x63, 0x6c, 0x69, 0x65, 0x6e, 0x74, 
    0x50, 0x6f, 0x73, 0x74, 0x45, 0x78, 0x22, 0x29, 0x0a, 0x20, 0x20, 0x20, 0x20, 0x48, 0x74, 0x74, 
    0x70, 0x52, 0x65, 0x73, 0x70, 0x6f, 0x6e, 0x73, 0x65, 0x20, 0x68, 0x74, 0x74, 0x70, 0x5f, 0x63, 
    0x6c, 0x69, 0x65, 0x6e, 0x74, 0x50, 0x6f, 0x73, 0x74, 0x45, 0x78, 0x28, 0x75, 0x72, 0x6c, 0x3a, 
    0x20, 0x73, 0x74, 0x72, 0x69, 0x6e, 0x67, 0x2c, 0x20, 0x62, 0x6f, 0x64, 0x79, 0x3a, 0x20, 0x73, 
    0x74, 0x72, 0x69, 0x6e, 0x67, 0x2c, 0x20, 0x68, 0x65, 0x61, 0x64, 0x65, 0x72, 0x73, 0x3a, 0x20, 
    0x6d, 0x61, 0x70, 0x29, 0x0a, 0x20, 0x20, 0x20, 0x20, 0x0a, 0x20, 0x20, 0x20, 0x20, 0x40, 0x61, 
    0x6c, 0x69, 0x61, 0x73, 0x28, 0x22, 0x63, 0x6c, 0x69, 0x65, 0x6e, 0x74, 0x50, 0x75, 0x74, 0x45, 
    0x78, 0x22, 0x29, 0x0a, 0x20, 0x20, 0x20, 0x20, 0x48, 0x74, 0x74, 0x70, 0x52, 0x65, 0x73, 0x70, 
    0x6f, 0x6e, 0x73, 0x65, 0x20, 0x68, 0x74, 0x74, 0x70, 0x5f, 0x63, 0x6c, 0x69, 0x65, 0x6e, 0x74, 
    0x50, 0x75, 0x74, 0x45, 0x78, 0x28, 0x75, 0x72, 0x6c, 0x3a, 0x20, 0x73, 0x74, 0x72, 0x69, 0x6e, 
    0x67, 0x2c, 0x20, 0x62, 0x6f, 0x64, 0x79, 0x3a, 0x20, 0x73, 0x74, 0x72, 0x69, 0x6e, 0x67, 0x2c, 
    0x20, 0x68, 0x65, 0x61, 0x64, 0x65, 0x72, 0x73, 0x3a, 0x20, 0x6d, 0x61, 0x70, 0x29, 0x0a, 0x20, 
    0x20, 0x20, 0x20, 0x0a, 0x20, 0x20, 0x20, 0x20, 0x40, 0x61, 0x6c, 0x69, 0x61, 0x73, 0x28, 0x22, 
    0x63, 0x6c, 0x69, 0x65, 0x6e, 0x74, 0x44, 0x65, 0x6c, 0x65, 0x74, 0x65, 0x45, 0x78, 0x22, 0x29, 
    0x0a, 0x20, 0x20, 0x20, 0x20, 0x48, 0x74, 0x74, 0x70, 0x52, 0x65, 0x73, 0x70, 0x6f, 0x6e, 0x73, 
    0x65, 0x20, 0x68, 0x74, 0x74, 0x70, 0x5f, 0x63, 0x6c, 0x69, 0x65, 0x6e, 0x74, 0x44, 0x65, 0x6c, 
    0x65, 0x74, 0x65, 0x45, 0x78, 0x28, 0x75, 0x72, 0x6c, 0x3a, 0x20, 0x73, 0x74, 0x72, 0x69, 0x6e, 
    0x67, 0x2c, 0x20, 0x68, 0x65, 0x61, 0x64, 0x65, 0x72, 0x73, 0x3a, 0x20, 0x6d, 0x61, 0x70, 0x29, 
    0x0a, 0x20, 0x20, 0x20, 0x20, 0x0a, 0x20, 0x20, 0x20, 0x20, 0x2f, 0x2f, 0x20, 0x48, 0x65, 0x6c, 
    0x70, 0x65, 0x72, 0x20, 0x66, 0x75, 0x6e, 0x63, 0x74, 0x69, 0x6f, 0x6e, 0x73, 0x0a, 0x20, 0x20, 
    0x20, 0x20, 0x40, 0x61, 0x6c, 0x69, 0x61, 0x73, 0x28, 0x22, 0x72, 0x65, 0x73, 0x70, 0x6f, 0x6e, 
    0x73, 0x65, 0x47, 0x65, 0x74, 0x48, 0x65, 0x61, 0x64, 0x65, 0x72, 0x22, 0x29, 0x0a, 0x20, 0x20, 
    0x20, 0x20, 0x73, 0x74, 0x72, 0x69, 0x6e, 0x67, 0x20, 0x68, 0x74, 0x74, 0x70, 0x5f, 0x72, 0x65, 
    0x73, 0x70, 0x6f, 0x6e, 0x73, 0x65, 0x47, 0x65, 0x74, 0x48, 0x65, 0x61, 0x64, 0x65, 0x72, 0x28, 
    0x72, 0x65, 0x73, 0x70, 0x6f, 0x6e, 0x73, 0x65, 0x3a, 0x20, 0x48, 0x74, 0x74, 0x70, 0x52, 0x65, 
    0x73, 0x70, 0x6f, 0x6e, 0x73, 0x65, 0x2c, 0x20, 0x68, 0x65, 0x61, 0x64, 0x65, 0x72, 0x4e, 0x61, 
    0x6d, 0x65, 0x3a, 0x20, 0x73, 0x74, 0x72, 0x69, 0x6e, 0x67, 0x29, 0x0a, 0x20, 0x20, 0x20, 0x20, 
    0x0a, 0x20, 0x20, 0x20, 0x20, 0x40, 0x61, 0x6c, 0x69, 0x61, 0x73, 0x28, 0x22, 0x72, 0x65, 0x73, 
    0x70, 0x6f, 0x6e, 0x73, 0x65, 0x48, 0x61, 0x73, 0x48, 0x65, 0x61, 0x64, 0x65, 0x72, 0x22, 0x29, 
    0x0a, 0x20, 0x20, 0x20, 0x20, 0x62, 0x6f, 0x6f, 0x6c, 0x20, 0x68, 0x74, 0x74, 0x70, 0x5f, 0x72, 
    0x65, 0x73, 0x70, 0x6f, 0x6e, 0x73, 0x65, 0x48, 0x61, 0x73, 0x48, 0x65, 0x61, 0x64, 0x65, 0x72, 
    0x28, 0x72, 0x65, 0x73, 0x70, 0x6f, 0x6e, 0x73, 0x65, 0x3a, 0x20, 0x48, 0x74, 0x74, 0x70, 0x52, 
    0x65, 0x73, 0x70, 0x6f, 0x6e, 0x73, 0x65, 0x2c, 0x20, 0x68, 0x65, 0x61, 0x64, 0x65, 0x72, 0x4e, 
    0x61, 0x6d, 0x65, 0x3a, 0x20, 0x73, 0x74, 0x72, 0x69, 0x6e, 0x67, 0x29, 0x0a, 0x7d, 0x0a, 
};

static const unsigned char embedded_interface_webview_kyl_data[] = {
    0x2f, 0x2f, 0x20, 0x49, 0x6e, 0x74, 0x65, 0x72, 0x66, 0x61, 0x63, 0x65, 0x20, 0x66, 0x6f, 0x72, 
    0x20, 0x57, 0x65, 0x62, 0x56, 0x69, 0x65, 0x77, 0x20, 0x6c, 0x69, 0x62, 0x72, 0x61, 0x72, 0x79, 
    0x0a, 0x69, 0x6e, 0x74, 0x65, 0x72, 0x66, 0x61, 0x63, 0x65, 0x20, 0x77, 0x65, 0x62, 0x76, 0x69, 
    0x65, 0x77, 0x20, 0x66, 0x72, 0x6f, 0x6d, 0x20, 0x22, 0x6c, 0x69, 0x62, 0x73, 0x2f, 0x6c, 0x69, 
    0x62, 0x6b, 0x79, 0x6c, 0x77, 0x65, 0x62, 0x76, 0x69, 0x65, 0x77, 0x2e, 0x73, 0x6f, 0x22, 0x20, 
    0x7b, 0x0a, 0x20, 0x20, 0x2f, 0x2f, 0x20, 0x49, 0x6e, 0x69, 0x74, 0x69, 0x61, 0x6c, 0x69, 0x7a, 
    0x61, 0x74, 0x69, 0x6f, 0x6e, 0x20, 0x61, 0x6e, 0x64, 0x20, 0x63, 0x6c, 0x65, 0x61, 0x6e, 0x75, 
    0x70, 0x0a, 0x20, 0x20, 0x62, 0x6f, 0x6f, 0x6c, 0x20, 0x20, 0x20, 0x69, 0x6e, 0x69, 0x74, 0x28, 
    0x29, 0x0a, 0x20, 0x20, 0x76, 0x6f, 0x69, 0x64, 0x20, 0x20, 0x20, 0x63, 0x6c, 0x65, 0x61, 0x6e, 
    0x75, 0x70, 0x28, 0x29, 0x0a, 0x20, 0x20, 0x0a, 0x20, 0x20, 0x2f, 0x2f, 0x20, 0x57, 0x69, 0x6e, 
    0x64, 0x6f, 0x77, 0x20, 0x63, 0x72, 0x65, 0x61, 0x74, 0x69, 0x6f, 0x6e, 0x20, 0x61, 0x6e, 0x64, 
    0x20, 0x6d, 0x61, 0x6e, 0x61, 0x67, 0x65, 0x6d, 0x65, 0x6e, 0x74, 0x0a, 0x20, 0x20, 0x69, 0x6e, 
    0x74, 0x33, 0x32, 0x20, 0x20, 0x63, 0x72, 0x65, 0x61, 0x74, 0x65, 0x44, 0x65, 0x66, 0x61, 0x75, 
    0x6c, 0x74, 0x53, 0x65, 0x74, 0x74, 0x69, 0x6e, 0x67, 0x73, 0x28, 0x29, 0x0a, 0x20, 0x20, 0x69, 
    0x6e, 0x74, 0x33, 0x32, 0x20, 0x20, 0x63, 0x72, 0x65, 0x61, 0x74, 0x65, 0x28, 0x74, 0x69, 0x74, 
    0x6c, 0x65, 0x3a, 0x20, 0x73, 0x74, 0x72, 0x69, 0x6e, 0x67, 0x2c, 0x20, 0x73, 0x65, 0x74, 0x74, 
    0x69, 0x6e, 0x67, 0x73, 0x3a, 0x20, 0x69, 0x6e, 0x74, 0x33, 0x32, 0x29, 0x0a, 0x20, 0x20, 0x62, 
    0x6f, 0x6f, 0x6c, 0x20, 0x20, 0x20, 0x64, 0x65, 0x73, 0x74, 0x72, 0x6f, 0x79, 0x28, 0x77, 0x69, 
    0x6e, 0x64, 0x6f, 0x77, 0x3a, 0x20, 0x69, 0x6e, 0x74, 0x33, 0x32, 0x29, 0x0a, 0x20, 0x20, 0x62, 
    0x6f, 0x6f, 0x6c, 0x20, 0x20, 0x20, 0x73, 0x68, 0x6f, 0x77, 0x28, 0x77, 0x69, 0x6e, 0x64, 0x6f, 
    0x77, 0x3a, 0x20, 0x69, 0x6e, 0x74, 0x33, 0x32, 0x29, 0x0a, 0x20, 0x20, 0x62, 0x6f, 0x6f, 0x6c, 
    0x20, 0x20, 0x20, 0x68, 0x69, 0x64, 0x65, 0x28, 0x77, 0x69, 0x6e, 0x64, 0x6f, 0x77, 0x3a, 0x20, 
    0x69, 0x6e, 0x74, 0x33, 0x32, 0x29, 0x0a, 0x20, 0x20, 0x0a, 0x20, 0x20, 0x2f, 0x2f, 0x20, 0x43, 
    0x6f, 0x6e, 0x74, 0x65, 0x6e, 0x74, 0x20, 0x6c, 0x6f, 0x61, 0x64, 0x69, 0x6e, 0x67, 0x0a, 0x20, 
    0x20, 0x62, 0x6f, 0x6f, 0x6c, 0x20, 0x20, 0x20, 0x6c, 0x6f, 0x61, 0x64, 0x48, 0x74, 0x6d, 0x6c, 
    0x28, 0x77, 0x69, 0x6e, 0x64, 0x6f, 0x77, 0x3a, 0x20, 0x69, 0x6e, 0x74, 0x33, 0x32, 0x2c, 0x20, 
    0x68, 0x74, 0x6d, 0x6c, 0x3a, 0x20, 0x73, 0x74, 0x72, 0x69, 0x6e, 0x67, 0x29, 0x0a, 0x20, 0x20, 
    0x62, 0x6f, 0x6f, 0x6c, 0x20, 0x20, 0x20, 0x6c, 0x6f, 0x61, 0x64, 0x55, 0x72, 0x6c, 0x28, 0x77, 
    0x69, 0x6e, 0x64, 0x6f, 0x77, 0x3a, 0x20, 0x69, 0x6e, 0x74, 0x33, 0x32, 0x2c, 0x20, 0x75, 0x72, 
    0x6c, 0x3a, 0x20, 0x73, 0x74, 0x72, 0x69, 0x6e, 0x67, 0x29, 0x0a, 0x20, 0x20, 0x0a, 0x20, 0x20, 
    0x2f, 0x2f, 0x20, 0x57, 0x69, 0x6e, 0x64, 0x6f, 0x77, 0x20, 0x63, 0x6f, 0x6e, 0x74, 0x72, 0x6f, 
    0x6c, 0x0a, 0x20, 0x20, 0x69, 0x6e, 0x74, 0x33, 0x32, 0x20, 0x20, 0x72, 0x75, 0x6e, 0x28, 0x77, 
    0x69, 0x6e, 0x64, 0x6f, 0x77, 0x3a, 0x20, 0x69, 0x6e, 0x74, 0x33, 0x32, 0x29, 0x0a, 0x20, 0x20, 
    0x62, 0x6f, 0x6f, 0x6c, 0x20, 0x20, 0x20, 0x73, 0x74, 0x65, 0x70, 0x28, 0x77, 0x69, 0x6e, 0x64, 
    0x6f, 0x77, 0x3a, 0x20, 0x69, 0x6e, 0x74, 0x33, 0x32, 0x29, 0x0a, 0x20, 0x20, 0x62, 0x6f, 0x6f, 
    0x6c, 0x20, 0x20, 0x20, 0x69, 0x73, 0x5f, 0x6f, 0x70, 0x65, 0x6e, 0x28, 0x77, 0x69, 0x6e, 0x64, 
    0x6f, 0x77, 0x3a, 0x20, 0x69, 0x6e, 0x74, 0x33, 0x32, 0x29, 0x0a, 0x20, 0x20, 0x62, 0x6f, 0x6f, 
    0x6c, 0x20, 0x20, 0x20, 0x73, 0x65, 0x74, 0x54, 0x69, 0x74, 0x6c, 0x65, 0x28, 0x77, 0x69, 0x6e, 
    0x64, 0x6f, 0x77, 0x3a, 0x20, 0x69, 0x6e, 0x74, 0x33, 0x32, 0x2c, 0x20, 0x74, 0x69, 0x74, 0x6c, 
    0x65, 0x3a, 0x20, 0x73, 0x74, 0x72, 0x69, 0x6e, 0x67, 0x29, 0x0a, 0x20, 0x20, 0x62, 0x6f, 0x6f, 
    0x6c, 0x20, 0x20, 0x20, 0x73, 0x65, 0x74, 0x53, 0x69, 0x7a, 0x65, 0x28, 0x77, 0x69, 0x6e, 0x64, 
    0x6f, 0x77, 0x3a, 0x20, 0x69, 0x6e, 0x74, 0x33, 0x32, 0x2c, 0x20, 0x77, 0x69, 0x64, 0x74, 0x68, 
    0x3a, 0x20, 0x69, 0x6e, 0x74, 0x33, 0x32, 0x2c, 0x20, 0x68, 0x65, 0x69, 0x67, 0x68, 0x74, 0x3a, 
    0x20, 0x69, 0x6e, 0x74, 0x33, 0x32, 0x29, 0x0a, 0x20, 0x20, 0x0a, 0x20, 0x20, 0x2f, 0x2f, 0x20, 
    0x4a, 0x61, 0x76, 0x61, 0x53, 0x63, 0x72, 0x69, 0x70, 0x74, 0x20, 0x65, 0x78, 0x65, 0x63, 0x75, 
    0x74, 0x69, 0x6f, 0x6e, 0x20, 0x2d, 0x20, 0x43, 0x52, 0x49, 0x54, 0x49, 0x43, 0x41, 0x4c, 0x20, 
    0x66, 0x6f, 0x72, 0x20, 0x4b, 0x75, 0x79, 0x69, 0x6c, 0xe2, 0x86, 0x92, 0x4a, 0x53, 0x20, 0x63, 
    0x6f, 0x6d, 0x6d, 0x75, 0x6e, 0x69, 0x63, 0x61, 0x74, 0x69, 0x6f, 0x6e, 0x0a, 0x20, 0x20, 0x2f, 
    0x2f, 0x20, 0x55, 0x73, 0x65, 0x20, 0x66, 0x75, 0x6c, 0x6c, 0x20, 0x43, 0x20, 0x66, 0x75, 0x6e, 
    0x63, 0x74, 0x69, 0x6f, 0x6e, 0x20, 0x6e, 0x61, 0x6d, 0x65, 0x2c, 0x20, 0x70, 0x72, 0x6f, 0x76, 
    0x69, 0x64, 0x65, 0x20, 0x73, 0x68, 0x6f, 0x72, 0x74, 0x20, 0x6e, 0x61, 0x6d, 0x65, 0x20, 0x61, 
    0x73, 0x20, 0x61, 0x6c, 0x69, 0x61, 0x73, 0x0a, 0x20, 0x20, 0x2f, 0x2f, 0x20, 0x43, 0x20, 0x66, 
    0x75, 0x6e, 0x63, 0x74, 0x69, 0x6f, 0x6e, 0x3a, 0x20, 0x6b, 0x79, 0x6c, 0x5f, 0x77, 0x65, 0x62, 
    0x76, 0x69, 0x65, 0x77, 0x5f, 0x65, 0x76, 0x61, 0x6c, 0x0a, 0x20, 0x20, 0x2f, 0x2f, 0x20, 0x45, 
    0x78, 0x65, 0x63, 0x75, 0x74, 0x65, 0x20, 0x4a, 0x61, 0x76, 0x61, 0x53, 0x63, 0x72, 0x69, 0x70, 
    0x74, 0x20, 0x63, 0x6f, 0x64, 0x65, 0x20, 0x69, 0x6e, 0x20, 0x74, 0x68, 0x65, 0x20, 0x57, 0x65, 
    0x62, 0x56, 0x69, 0x65, 0x77, 0x0a, 0x20, 0x20, 0x2f, 0x2f, 0x20, 0x45, 0x78, 0x61, 0x6d, 0x70, 
    0x6c, 0x65, 0x3a, 0x20, 0x77, 0x65, 0x62, 0x76, 0x69, 0x65, 0x77, 0x5f, 0x65, 0x76, 0x61, 0x6c, 
    0x28, 0x77, 0x69, 0x6e, 0x2c, 0x20, 0x22, 0x61, 0x6c, 0x65, 0x72, 0x74, 0x28, 0x27, 0x48, 0x65, 
    0x6c, 0x6c, 0x6f, 0x20, 0x66, 0x72, 0x6f, 0x6d, 0x20, 0x4b, 0x75, 0x79, 0x69, 0x6c, 0x21, 0x27, 
    0x29, 0x3b, 0x22, 0x29, 0x0a, 0x20, 0x20, 0x40, 0x61, 0x6c, 0x69, 0x61, 0x73, 0x28, 0x22, 0x65, 
    0x76, 0x61, 0x6c, 0x22, 0x29, 0x0a, 0x20, 0x20, 0x62, 0x6f, 0x6f, 0x6c, 0x20, 0x20, 0x20, 0x77, 
    0x65, 0x62, 0x76, 0x69, 0x65, 0x77, 0x5f, 0x65, 0x76, 0x61, 0x6c, 0x28, 0x77, 0x69, 0x6e, 0x64, 
    0x6f, 0x77, 0x3a, 0x20, 0x69, 0x6e, 0x74, 0x33, 0x32, 0x2c, 0x20, 0x6a, 0x73, 0x5f, 0x63, 0x6f, 
    0x64, 0x65, 0x3a, 0x20, 0x73, 0x74, 0x72, 0x69, 0x6e, 0x67, 0x29, 0x0a, 0x20, 0x20, 0x0a, 0x20, 
    0x20, 0x2f, 0x2f, 0x20, 0x4a, 0x61, 0x76, 0x61, 0x53, 0x63, 0x72, 0x69, 0x70, 0x74, 0xe2, 0x86, 
    0x92, 0x4b, 0x75, 0x79, 0x69, 0x6c, 0x20, 0x62, 0x72, 0x69, 0x64, 0x67, 0x65, 0x0a, 0x20, 0x20, 
    0x2f, 0x2f, 0x20, 0x55, 0x73, 0x65, 0x20, 0x66, 0x75, 0x6c, 0x6c, 0x20, 0x43, 0x20, 0x66, 0x75, 
    0x6e, 0x63, 0x74, 0x69, 0x6f, 0x6e, 0x20, 0x6e, 0x61, 0x6d, 0x65, 0x20, 0x74, 0x6f, 0x20, 0x61, 
    0x76, 0x6f, 0x69, 0x64, 0x20, 0x63, 0x6f, 0x6e, 0x66, 0x6c, 0x69, 0x63, 0x74, 0x73, 0x2c, 0x20, 
    0x70, 0x72, 0x6f, 0x76, 0x69, 0x64, 0x65, 0x20, 0x73, 0x68, 0x6f, 0x72, 0x74, 0x20, 0x6e, 0x61, 
    0x6d, 0x65, 0x20, 0x61, 0x73, 0x20, 0x61, 0x6c, 0x69, 0x61, 0x73, 0x0a, 0x20, 0x20, 0x2f, 0x2f, 
    0x20, 0x43, 0x20, 0x66, 0x75, 0x6e, 0x63, 0x74, 0x69, 0x6f, 0x6e, 0x3a, 0x20, 0x6b, 0x79, 0x6c, 
    0x5f, 0x77, 0x65, 0x62, 0x76, 0x69, 0x65, 0x77, 0x5f, 0x62, 0x69, 0x6e, 0x64, 0x0a, 0x20, 0x20, 
    0x2f, 0x2f, 0x20, 0x42, 0x69, 0x6e, 0x64, 0x73, 0x20, 0x61, 0x20, 0x4b, 0x75, 0x79, 0x69, 0x6c, 
    0x20, 0x66, 0x75, 0x6e, 0x63, 0x74, 0x69, 0x6f, 0x6e, 0x20, 0x74, 0x6f, 0x20, 0x62, 0x65, 0x20, 
    0x63, 0x61, 0x6c, 0x6c, 0x61, 0x62, 0x6c, 0x65, 0x20, 0x66, 0x72, 0x6f, 0x6d, 0x20, 0x4a, 0x61, 
    0x76, 0x61, 0x53, 0x63, 0x72, 0x69, 0x70, 0x74, 0x0a, 0x20, 0x20, 0x2f, 0x2f, 0x20, 0x55, 0x73, 
    0x61, 0x67, 0x65, 0x3a, 0x20, 0x77, 0x65, 0x62, 0x76, 0x69, 0x65, 0x77, 0x5f, 0x62, 0x69, 0x6e, 
    0x64, 0x28, 0x77, 0x69, 0x6e, 0x2c, 0x20, 0x22, 0x74, 0x65, 0x73, 0x74, 0x22, 0x2c, 0x20, 0x74, 
    0x65, 0x73, 0x74, 0x29, 0x20, 0x6f, 0x72, 0x20, 0x62, 0x69, 0x6e, 0x64, 0x28, 0x77, 0x69, 0x6e, 
    0x2c, 0x20, 0x22, 0x74, 0x65, 0x73, 0x74, 0x22, 0x2c, 0x20, 0x74, 0x65, 0x73, 0x74, 0x29, 0x0a, 
    0x20, 0x20, 0x2f, 0x2f, 0x20, 0x4a, 0x61, 0x76, 0x61, 0x53, 0x63, 0x72, 0x69, 0x70, 0x74, 0x20, 
    0x63, 0x61, 0x6e, 0x20, 0x74, 0x68, 0x65, 0x6e, 0x20, 0x63, 0x61, 0x6c, 0x6c, 0x3a, 0x20, 0x77, 
    0x69, 0x6e, 0x64, 0x6f, 0x77, 0x2e, 0x74, 0x65, 0x73, 0x74, 0x28, 0x22, 0x61, 0x72, 0x67, 0x22, 
    0x29, 0x0a, 0x20, 0x20, 0x40, 0x61, 0x6c, 0x69, 0x61, 0x73, 0x28, 0x22, 0x62, 0x69, 0x6e, 0x64, 
    0x22, 0x29, 0x0a, 0x20, 0x20, 0x62, 0x6f, 0x6f, 0x6c, 0x20, 0x20, 0x20, 0x77, 0x65, 0x62, 0x76, 
    0x69, 0x65, 0x77, 0x5f, 0x62, 0x69, 0x6e, 0x64, 0x28, 0x77, 0x69, 0x6e, 0x64, 0x6f, 0x77, 0x3a, 
    0x20, 0x69, 0x6e, 0x74, 0x33, 0x32, 0x2c, 0x20, 0x66, 0x75, 0x6e, 0x63, 0x5f, 0x6e, 0x61, 0x6d, 
    0x65, 0x3a, 0x20, 0x73, 0x74, 0x72, 0x69, 0x6e, 0x67, 0x2c, 0x20, 0x63, 0x61, 0x6c, 0x6c, 0x62, 
    0x61, 0x63, 0x6b, 0x3a, 0x20, 0x66, 0x75, 0x6e, 0x63, 0x74, 0x69, 0x6f, 0x6e, 0x29, 0x0a, 0x20, 
    0x20, 0x0a, 0x20, 0x20, 0x2f, 0x2f, 0x20, 0x44, 0x65, 0x76, 0x65, 0x6c, 0x6f, 0x70, 0x65, 0x72, 
    0x20, 0x74, 0x6f, 0x6f, 0x6c, 0x73, 0x0a, 0x20, 0x20, 0x62, 0x6f, 0x6f, 0x6c, 0x20, 0x20, 0x20, 
    0x65, 0x6e, 0x61, 0x62, 0x6c, 0x65, 0x44, 0x65, 0x76, 0x54, 0x6f, 0x6f, 0x6c, 0x73, 0x28, 0x77, 
    0x69, 0x6e, 0x64, 0x6f, 0x77, 0x3a, 0x20, 0x69, 0x6e, 0x74, 0x33, 0x32, 0x2c, 0x20, 0x65, 0x6e, 
    0x61, 0x62, 0x6c, 0x65, 0x3a, 0x20, 0x62, 0x6f, 0x6f, 0x6c, 0x29, 0x0a, 0x7d, 
};

static const unsigned char embedded_interface_rpc_kyl_data[] = {
    0x2f, 0x2f, 0x20, 0x49, 0x6e, 0x74, 0x65, 0x72, 0x66, 0x61, 0x63, 0x65, 0x20, 0x66, 0x6f, 0x72, 
    0x20, 0x52, 0x50, 0x43, 0x20, 0x6c, 0x69, 0x62, 0x72, 0x61, 0x72, 0x79, 0x20, 0x28, 0x73, 0x75, 
    0x62, 0x73, 0x65, 0x74, 0x29, 0x0a, 0x69, 0x6e, 0x74, 0x65, 0x72, 0x66, 0x61, 0x63, 0x65, 0x20, 
    0x72, 0x70, 0x63, 0x20, 0x66, 0x72, 0x6f, 0x6d, 0x20, 0x22, 0x6c, 0x69, 0x62, 0x73, 0x2f, 0x6c, 
    0x69, 0x62, 0x6b, 0x79, 0x6c, 0x72, 0x70, 0x63, 0x2e, 0x73, 0x6f, 0x22, 0x20, 0x7b, 0x0a, 0x20, 
    0x20, 0x40, 0x61, 0x6c, 0x69, 0x61, 0x73, 0x28, 0x22, 0x67, 0x65, 0x74, 0x56, 0x65, 0x72, 0x73, 
    0x69, 0x6f, 0x6e, 0x22, 0x29, 0x0a, 0x20, 0x20, 0x73, 0x74, 0x72, 0x69, 0x6e, 0x67, 0x20, 0x72, 
    0x70, 0x63, 0x5f, 0x67, 0x65, 0x74, 0x56, 0x65, 0x72, 0x73, 0x69, 0x6f, 0x6e, 0x28, 0x29, 0x0a, 
    0x20, 0x20, 0x0a, 0x20, 0x20, 0x40, 0x61, 0x6c, 0x69, 0x61, 0x73, 0x28, 0x22, 0x73, 0x65, 0x74, 
    0x4c, 0x6f, 0x67, 0x4c, 0x65, 0x76, 0x65, 0x6c, 0x22, 0x29, 0x0a, 0x20, 0x20, 0x62, 0x6f, 0x6f, 
    0x6c, 0x20, 0x72, 0x70, 0x63, 0x5f, 0x73, 0x65, 0x74, 0x4c, 0x6f, 0x67, 0x4c, 0x65, 0x76, 0x65, 
    0x6c, 0x28, 0x6c, 0x65, 0x76, 0x65, 0x6c, 0x3a, 0x20, 0x69, 0x6e, 0x74, 0x33, 0x32, 0x29, 0x0a, 
    0x20, 0x20, 0x0a, 0x20, 0x20, 0x40, 0x61, 0x6c, 0x69, 0x61, 0x73, 0x28, 0x22, 0x67, 0x65, 0x74, 
    0x4c, 0x61, 0x73, 0x74, 0x45, 0x72, 0x72, 0x6f, 0x72, 0x22, 0x29, 0x0a, 0x20, 0x20, 0x73, 0x74, 
    0x72, 0x69, 0x6e, 0x67, 0x20, 0x72, 0x70, 0x63, 0x5f, 0x67, 0x65, 0x74, 0x4c, 0x61, 0x73, 0x74, 
    0x45, 0x72, 0x72, 0x6f, 0x72, 0x28, 0x29, 0x0a, 0x7d, 0x0a, 
};

static const unsigned char embedded_interface_str_kyl_data[] = {
    0x2f, 0x2f, 0x20, 0x49, 0x6e, 0x74, 0x65, 0x72, 0x66, 0x61, 0x63, 0x65, 0x20, 0x66, 0x6f, 0x72, 
    0x20, 0x53, 0x74, 0x72, 0x69, 0x6e, 0x67, 0x20, 0x6c, 0x69, 0x62, 0x72, 0x61, 0x72, 0x79, 0x0a, 
    0x69, 0x6e, 0x74, 0x65, 0x72, 0x66, 0x61, 0x63, 0x65, 0x20, 0x73, 0x74, 0x72, 0x20, 0x66, 0x72, 
    0x6f, 0x6d, 0x20, 0x22, 0x6c, 0x69, 0x62, 0x73, 0x2f, 0x6c, 0x69, 0x62, 0x6b, 0x79, 0x6c, 0x73, 
    0x74, 0x72, 0x2e, 0x73, 0x6f, 0x22, 0x20, 0x7b, 0x0a, 0x20, 0x20, 0x40, 0x61, 0x6c, 0x69, 0x61, 
    0x73, 0x28, 0x22, 0x6c, 0x65, 0x6e, 0x67, 0x74, 0x68, 0x22, 0x29, 0x0a, 0x20, 0x20, 0x69, 0x6e, 
    0x74, 0x33, 0x32, 0x20, 0x73, 0x74, 0x72, 0x5f, 0x6c, 0x65, 0x6e, 0x67, 0x74, 0x68, 0x28, 0x69, 
    0x6e, 0x70, 0x75, 0x74, 0x3a, 0x20, 0x73, 0x74, 0x72, 0x69, 0x6e, 0x67, 0x29, 0x0a, 0x20, 0x20, 
    0x0a, 0x20, 0x20, 0x40, 0x61, 0x6c, 0x69, 0x61, 0x73, 0x28, 0x22, 0x73, 0x75, 0x62, 0x73, 0x74, 
    0x72, 0x69, 0x6e, 0x67, 0x22, 0x29, 0x0a, 0x20, 0x20, 0x73, 0x74, 0x72, 0x69, 0x6e, 0x67, 0x20, 
    0x73, 0x74, 0x72, 0x5f, 0x73, 0x75, 0x62, 0x73, 0x74, 0x72, 0x69, 0x6e, 0x67, 0x28, 0x69, 0x6e, 
    0x70, 0x75, 0x74, 0x3a, 0x20, 0x73, 0x74, 0x72, 0x69, 0x6e, 0x67, 0x2c, 0x20, 0x73, 0x74, 0x61, 
    0x72, 0x74, 0x3a, 0x20, 0x69, 0x6e, 0x74, 0x33, 0x32, 0x2c, 0x20, 0x65, 0x6e, 0x64, 0x3a, 0x20, 
    0x69, 0x6e, 0x74, 0x33, 0x32, 0x29, 0x0a, 0x20, 0x20, 0x0a, 0x20, 0x20, 0x40, 0x61, 0x6c, 0x69, 
    0x61, 0x73, 0x28, 0x22, 0x75, 0x70, 0x70, 0x65, 0x72, 0x22, 0x29, 0x0a, 0x20, 0x20, 0x73, 0x74, 
    0x72, 0x69, 0x6e, 0x67, 0x20, 0x73, 0x74, 0x72, 0x5f, 0x75, 0x70, 0x70, 0x65, 0x72, 0x28, 0x69, 
    0x6e, 0x70, 0x75, 0x74, 0x3a, 0x20, 0x73, 0x74, 0x72, 0x69, 0x6e, 0x67, 0x29, 0x0a, 0x20, 0x20, 
    0x0a, 0x20, 0x20, 0x40, 0x61, 0x6c, 0x69, 0x61, 0x73, 0x28, 0x22, 0x6c, 0x6f, 0x77, 0x65, 0x72, 
    0x22, 0x29, 0x0a, 0x20, 0x20, 0x73, 0x74, 0x72, 0x69, 0x6e, 0x67, 0x20, 0x73, 0x74, 0x72, 0x5f, 
    0x6c, 0x6f, 0x77, 0x65, 0x72, 0x28, 0x69, 0x6e, 0x70, 0x75, 0x74, 0x3a, 0x20, 0x73, 0x74, 0x72, 
    0x69, 0x6e, 0x67, 0x29, 0x0a, 0x20, 0x20, 0x0a, 0x20, 0x20, 0x40, 0x61, 0x6c, 0x69, 0x61, 0x73, 
    0x28, 0x22, 0x74, 0x72, 0x69, 0x6d, 0x22, 0x29, 0x0a, 0x20, 0x20, 0x73, 0x74, 0x72, 0x69, 0x6e, 
    0x67, 0x20, 0x73, 0x74, 0x72, 0x5f, 0x74, 0x72, 0x69, 0x6d, 0x28, 0x69, 0x6e, 0x70, 0x75, 0x74, 
    0x3a, 0x20, 0x73, 0x74, 0x72, 0x69, 0x6e, 0x67, 0x29, 0x0a, 0x20, 0x20, 0x0a, 0x20, 0x20, 0x40, 
    0x61, 0x6c, 0x69, 0x61, 0x73, 0x28, 0x22, 0x73, 0x74, 0x61, 0x72, 0x74, 0x73, 0x57, 0x69, 0x74, 
    0x68, 0x22, 0x29, 0x0a, 0x20, 0x20, 0x62, 0x6f, 0x6f, 0x6c, 0x20, 0x73, 0x74, 0x72, 0x5f, 0x73, 
    0x74, 0x61, 0x72, 0x74, 0x73, 0x57, 0x69, 0x74, 0x68, 0x28, 0x69, 0x6e, 0x70, 0x75, 0x74, 0x3a, 
    0x20, 0x73, 0x74, 0x72, 0x69, 0x6e, 0x67, 0x2c, 0x20, 0x70, 0x72, 0x65, 0x66, 0x69, 0x78, 0x3a, 
    0x20, 0x73, 0x74, 0x72, 0x69, 0x6e, 0x67, 0x29, 0x0a, 0x20, 0x20, 0x0a, 0x20, 0x20, 0x40, 0x61, 
    0x6c, 0x69, 0x61, 0x73, 0x28, 0x22, 0x65, 0x6e, 0x64, 0x73, 0x57, 0x69, 0x74, 0x68, 0x22, 0x29, 
    0x0a, 0x20, 0x20, 0x62, 0x6f, 0x6f, 0x6c, 0x20, 0x73, 0x74, 0x72, 0x5f, 0x65, 0x6e, 0x64, 0x73, 
    0x57, 0x69, 0x74, 0x68, 0x28, 0x69, 0x6e, 0x70, 0x75, 0x74, 0x3a, 0x20, 0x73, 0x74, 0x72, 0x69, 
    0x6e, 0x67, 0x2c, 0x20, 0x73, 0x75, 0x66, 0x66, 0x69, 0x78, 0x3a, 0x20, 0x73, 0x74, 0x72, 0x69, 
    0x6e, 0x67, 0x29, 0x0a, 0x20, 0x20, 0x0a, 0x20, 0x20, 0x40, 0x61, 0x6c, 0x69, 0x61, 0x73, 0x28, 
    0x22, 0x63, 0x6f, 0x6e, 0x74, 0x61, 0x69, 0x6e, 0x73, 0x22, 0x29, 0x0a, 0x20, 0x20, 0x62, 0x6f, 
    0x6f, 0x6c, 0x20, 0x73, 0x74, 0x72, 0x5f, 0x63, 0x6f, 0x6e, 0x74, 0x61, 0x69, 0x6e, 0x73, 0x28, 
    0x68, 0x61, 0x79, 0x73, 0x74, 0x61, 0x63, 0x6b, 0x3a, 0x20, 0x73, 0x74, 0x72, 0x69, 0x6e, 0x67, 
    0x2c, 0x20, 0x6e, 0x65, 0x65, 0x64, 0x6c, 0x65, 0x3a, 0x20, 0x73, 0x74, 0x72, 0x69, 0x6e, 0x67, 
    0x29, 0x0a, 0x20, 0x20, 0x0a, 0x20, 0x20, 0x40, 0x61, 0x6c, 0x69, 0x61, 0x73, 0x28, 0x22, 0x72, 
    0x65, 0x70, 0x6c, 0x61, 0x63, 0x65, 0x22, 0x29, 0x0a, 0x20, 0x20, 0x73, 0x74, 0x72, 0x69, 0x6e, 
    0x67, 0x20, 0x73, 0x74, 0x72, 0x5f, 0x72, 0x65, 0x70, 0x6c, 0x61, 0x63, 0x65, 0x28, 0x69, 0x6e, 
    0x70, 0x75, 0x74, 0x3a, 0x20, 0x73, 0x74, 0x72, 0x69, 0x6e, 0x67, 0x2c, 0x20, 0x66, 0x72, 0x6f, 
    0x6d, 0x3a, 0x20, 0x73, 0x74, 0x72, 0x69, 0x6e, 0x67, 0x2c, 0x20, 0x74, 0x6f, 0x3a, 0x20, 0x73, 
    0x74, 0x72, 0x69, 0x6e, 0x67, 0x29, 0x0a, 0x20, 0x20, 0x0a, 0x20, 0x20, 0x40, 0x61, 0x6c, 0x69, 
    0x61, 0x73, 0x28, 0x22, 0x73, 0x70, 0x6c, 0x69, 0x74, 0x22, 0x29, 0x0a, 0x20, 0x20, 0x73, 0x74, 
    0x72, 0x69, 0x6e, 0x67, 0x20, 0x73, 0x74, 0x72, 0x5f, 0x73, 0x70, 0x6c, 0x69, 0x74, 0x28, 0x69, 
    0x6e, 0x70, 0x75, 0x74, 0x3a, 0x20, 0x73, 0x74, 0x72, 0x69, 0x6e, 0x67, 0x2c, 0x20, 0x64, 0x65, 
    0x6c, 0x69, 0x6d, 0x69, 0x74, 0x65, 0x72, 0x3a, 0x20, 0x73, 0x74, 0x72, 0x69, 0x6e, 0x67, 0x29, 
    0x0a, 0x20, 0x20, 0x0a, 0x20, 0x20, 0x40, 0x61, 0x6c, 0x69, 0x61, 0x73, 0x28, 0x22, 0x74, 0x6f, 
    0x4e, 0x75, 0x6d, 0x62, 0x65, 0x72, 0x22, 0x29, 0x0a, 0x20, 0x20, 0x66, 0x6c, 0x6f, 0x61, 0x74, 
    0x36, 0x34, 0x20, 0x73, 0x74, 0x72, 0x5f, 0x74, 0x6f, 0x4e, 0x75, 0x6d, 0x62, 0x65, 0x72, 0x28, 
    0x69, 0x6e, 0x70, 0x75, 0x74, 0x3a, 0x20, 0x73, 0x74, 0x72, 0x69, 0x6e, 0x67, 0x29, 0x0a, 0x20, 
    0x20, 0x0a, 0x20, 0x20, 0x40, 0x61, 0x6c, 0x69, 0x61, 0x73, 0x28, 0x22, 0x74, 0x6f, 0x53, 0x74, 
    0x72, 0x69, 0x6e, 0x67, 0x22, 0x29, 0x0a, 0x20, 0x20, 0x73, 0x74, 0x72, 0x69, 0x6e, 0x67, 0x20, 
    0x73, 0x74, 0x72, 0x5f, 0x74, 0x6f, 0x53, 0x74, 0x72, 0x69, 0x6e, 0x67, 0x28, 0x76, 0x61, 0x6c, 
    0x75, 0x65, 0x3a, 0x20, 0x6e, 0x75, 0x6d, 0x62, 0x65, 0x72, 0x29, 0x0a, 0x20, 0x20, 0x0a, 0x20, 
    0x20, 0x40, 0x61, 0x6c, 0x69, 0x61, 0x73, 0x28, 0x22, 0x73, 0x6c, 0x69, 0x63, 0x65, 0x22, 0x29, 
    0x0a, 0x20, 0x20, 0x73, 0x74, 0x72, 0x69, 0x6e, 0x67, 0x20, 0x73, 0x74, 0x72, 0x5f, 0x73, 0x6c, 
    0x69, 0x63, 0x65, 0x28, 0x69, 0x6e, 0x70, 0x75, 0x74, 0x3a, 0x20, 0x73, 0x74, 0x72, 0x69, 0x6e, 
    0x67, 0x2c, 0x20, 0x73, 0x74, 0x61, 0x72, 0x74, 0x3a, 0x20, 0x69, 0x6e, 0x74, 0x33, 0x32, 0x2c, 
    0x20, 0x65, 0x6e, 0x64, 0x3a, 0x20, 0x69, 0x6e, 0x74, 0x33, 0x32, 0x29, 0x0a, 0x20, 0x20, 0x0a, 
    0x20, 0x20, 0x40, 0x61, 0x6c, 0x69, 0x61, 0x73, 0x28, 0x22, 0x72, 0x65, 0x67, 0x65, 0x78, 0x4d, 
    0x61, 0x74, 0x63, 0x68, 0x22, 0x29, 0x0a, 0x20, 0x20, 0x62, 0x6f, 0x6f, 0x6c, 0x20, 0x73, 0x74, 
    0x72, 0x5f, 0x72, 0x65, 0x67, 0x65, 0x78, 0x4d, 0x61, 0x74, 0x63, 0x68, 0x28, 0x69, 0x6e, 0x70, 
    0x75, 0x74, 0x3a, 0x20, 0x73, 0x74, 0x72, 0x69, 0x6e, 0x67, 0x2c, 0x20, 0x70, 0x61, 0x74, 0x74, 
    0x65, 0x72, 0x6e, 0x3a, 0x20, 0x73, 0x74, 0x72, 0x69, 0x6e, 0x67, 0x29, 0x0a, 0x20, 0x20, 0x0a, 
    0x20, 0x20, 0x40, 0x61, 0x6c, 0x69, 0x61, 0x73, 0x28, 0x22, 0x72, 0x65, 0x67, 0x65, 0x78, 0x45, 
    0x78, 0x74, 0x72, 0x61, 0x63, 0x74, 0x22, 0x29, 0x0a, 0x20, 0x20, 0x73, 0x74, 0x72, 0x69, 0x6e, 
    0x67, 0x20, 0x73, 0x74, 0x72, 0x5f, 0x72, 0x65, 0x67, 0x65, 0x78, 0x45, 0x78, 0x74, 0x72, 0x61, 
    0x63, 0x74, 0x28, 0x69, 0x6e, 0x70, 0x75, 0x74, 0x3a, 0x20, 0x73, 0x74, 0x72, 0x69, 0x6e, 0x67, 
    0x2c, 0x20, 0x70, 0x61, 0x74, 0x74, 0x65, 0x72, 0x6e, 0x3a, 0x20, 0x73, 0x74, 0x72, 0x69, 0x6e, 
    0x67, 0x29, 0x0a, 0x20, 0x20, 0x0a, 0x20, 0x20, 0x40, 0x61, 0x6c, 0x69, 0x61, 0x73, 0x28, 0x22, 
    0x62, 0x79, 0x74, 0x65, 0x73, 0x54, 0x6f, 0x53, 0x74, 0x72, 0x69, 0x6e, 0x67, 0x22, 0x29, 0x0a, 
    0x20, 0x20, 0x73, 0x74, 0x72, 0x69, 0x6e, 0x67, 0x20, 0x73, 0x74, 0x72, 0x5f, 0x62, 0x79, 0x74, 
    0x65, 0x73, 0x54, 0x6f, 0x53, 0x74, 0x72, 0x69, 0x6e, 0x67, 0x28, 0x62, 0x79, 0x74, 0x65, 0x73, 
    0x3a, 0x20, 0x61, 0x72, 0x72, 0x61, 0x79, 0x29, 0x0a, 0x7d, 0x0a, 
};

static const unsigned char embedded_interface_crypto_kyl_data[] = {
    0x2f, 0x2f, 0x20, 0x49, 0x6e, 0x74, 0x65, 0x72, 0x66, 0x61, 0x63, 0x65, 0x20, 0x66, 0x6f, 0x72, 
    0x20, 0x43, 0x72, 0x79, 0x70, 0x74, 0x6f, 0x20, 0x6c, 0x69, 0x62, 0x72, 0x61, 0x72, 0x79, 0x0a, 
    0x69, 0x6e, 0x74, 0x65, 0x72, 0x66, 0x61, 0x63, 0x65, 0x20, 0x63, 0x72, 0x79, 0x70, 0x74, 0x6f, 
    0x20, 0x66, 0x72, 0x6f, 0x6d, 0x20, 0x22, 0x6c, 0x69, 0x62, 0x73, 0x2f, 0x6c, 0x69, 0x62, 0x6b, 
    0x79, 0x6c, 0x63, 0x72, 0x79, 0x70, 0x74, 0x6f, 0x2e, 0x73, 0x6f, 0x22, 0x20, 0x7b, 0x0a, 0x20, 
    0x20, 0x40, 0x61, 0x6c, 0x69, 0x61, 0x73, 0x28, 0x22, 0x6d, 0x64, 0x35, 0x22, 0x29, 0x0a, 0x20, 
    0x20, 0x73, 0x74, 0x72, 0x69, 0x6e, 0x67, 0x20, 0x63, 0x72, 0x79, 0x70, 0x74, 0x6f, 0x5f, 0x6d, 
    0x64, 0x35, 0x28, 0x69, 0x6e, 0x70, 0x75, 0x74, 0x3a, 0x20, 0x73, 0x74, 0x72, 0x69, 0x6e, 0x67, 
    0x29, 0x0a, 0x20, 0x20, 0x0a, 0x20, 0x20, 0x40, 0x61, 0x6c, 0x69, 0x61, 0x73, 0x28, 0x22, 0x73, 
    0x68, 0x61, 0x32, 0x35, 0x36, 0x22, 0x29, 0x0a, 0x20, 0x20, 0x73, 0x74, 0x72, 0x69, 0x6e, 0x67, 
    0x20, 0x63, 0x72, 0x79, 0x70, 0x74, 0x6f, 0x5f, 0x73, 0x68, 0x61, 0x32, 0x35, 0x36, 0x28, 0x69, 
    0x6e, 0x70, 0x75, 0x74, 0x3a, 0x20, 0x73, 0x74, 0x72, 0x69, 0x6e, 0x67, 0x29, 0x0a, 0x20, 0x20, 
    0x0a, 0x20, 0x20, 0x40, 0x61, 0x6c, 0x69, 0x61, 0x73, 0x28, 0x22, 0x73, 0x68, 0x61, 0x35, 0x31, 
    0x32, 0x22, 0x29, 0x0a, 0x20, 0x20, 0x73, 0x74, 0x72, 0x69, 0x6e, 0x67, 0x20, 0x63, 0x72, 0x79, 
    0x70, 0x74, 0x6f, 0x5f, 0x73, 0x68, 0x61, 0x35, 0x31, 0x32, 0x28, 0x69, 0x6e, 0x70, 0x75, 0x74, 
    0x3a, 0x20, 0x73, 0x74, 0x72, 0x69, 0x6e, 0x67, 0x29, 0x0a, 0x20, 0x20, 0x0a, 0x20, 0x20, 0x40, 
    0x61, 0x6c, 0x69, 0x61, 0x73, 0x28, 0x22, 0x62, 0x6c, 0x61, 0x6b, 0x65, 0x32, 0x62, 0x22, 0x29, 
    0x0a, 0x20, 0x20, 0x73, 0x74, 0x72, 0x69, 0x6e, 0x67, 0x20, 0x63, 0x72, 0x79, 0x70, 0x74, 0x6f, 
    0x5f, 0x62, 0x6c, 0x61, 0x6b, 0x65, 0x32, 0x62, 0x28, 0x69, 0x6e, 0x70, 0x75, 0x74, 0x3a, 0x20, 
    0x73, 0x74, 0x72, 0x69, 0x6e, 0x67, 0x29, 0x0a, 0x0a, 0x20, 0x20, 0x40, 0x61, 0x6c, 0x69, 0x61, 
    0x73, 0x28, 0x22, 0x62, 0x61, 0x73, 0x65, 0x36, 0x34, 0x45, 0x6e, 0x63, 0x6f, 0x64, 0x65, 0x22, 
    0x29, 0x0a, 0x20, 0x20, 0x73, 0x74, 0x72, 0x69, 0x6e, 0x67, 0x20, 0x63, 0x72, 0x79, 0x70, 0x74, 
    0x6f, 0x5f, 0x62, 0x61, 0x73, 0x65, 0x36, 0x34, 0x45, 0x6e, 0x63, 0x6f, 0x64, 0x65, 0x28, 0x69, 
    0x6e, 0x70, 0x75, 0x74, 0x3a, 0x20, 0x73, 0x74, 0x72, 0x69, 0x6e, 0x67, 0x29, 0x0a, 0x20, 0x20, 
    0x0a, 0x20, 0x20, 0x40, 0x61, 0x6c, 0x69, 0x61, 0x73, 0x28, 0x22, 0x62, 0x61, 0x73, 0x65, 0x36, 
    0x34, 0x44, 0x65, 0x63, 0x6f, 0x64, 0x65, 0x22, 0x29, 0x0a, 0x20, 0x20, 0x73, 0x74, 0x72, 0x69, 
    0x6e, 0x67, 0x20, 0x63, 0x72, 0x79, 0x70, 0x74, 0x6f, 0x5f, 0x62, 0x61, 0x73, 0x65, 0x36, 0x34, 
    0x44, 0x65, 0x63, 0x6f, 0x64, 0x65, 0x28, 0x69, 0x6e, 0x70, 0x75, 0x74, 0x3a, 0x20, 0x73, 0x74, 
    0x72, 0x69, 0x6e, 0x67, 0x29, 0x0a, 0x0a, 0x20, 0x20, 0x2f, 0x2f, 0x20, 0x52, 0x61, 0x6e, 0x64, 
    0x6f, 0x6d, 0x20, 0x68, 0x65, 0x6c, 0x70, 0x65, 0x72, 0x73, 0x0a, 0x20, 0x20, 0x40, 0x61, 0x6c, 
    0x69, 0x61, 0x73, 0x28, 0x22, 0x72, 0x61, 0x6e, 0x64, 0x6f, 0x6d, 0x49, 0x6e, 0x69, 0x74, 0x22, 
    0x29, 0x0a, 0x20, 0x20, 0x62, 0x6f, 0x6f, 0x6c, 0x20, 0x63, 0x72, 0x79, 0x70, 0x74, 0x6f, 0x5f, 
    0x72, 0x61, 0x6e, 0x64, 0x6f, 0x6d, 0x49, 0x6e, 0x69, 0x74, 0x28, 0x29, 0x0a, 0x20, 0x20, 0x0a, 
    0x20, 0x20, 0x40, 0x61, 0x6c, 0x69, 0x61, 0x73, 0x28, 0x22, 0x72, 0x61, 0x6e, 0x64, 0x6f, 0x6d, 
    0x48, 0x65, 0x78, 0x22, 0x29, 0x0a, 0x20, 0x20, 0x73, 0x74, 0x72, 0x69, 0x6e, 0x67, 0x20, 0x63, 
    0x72, 0x79, 0x70, 0x74, 0x6f, 0x5f, 0x72, 0x61, 0x6e, 0x64, 0x6f, 0x6d, 0x48, 0x65, 0x78, 0x28, 
    0x6c, 0x65, 0x6e, 0x67, 0x74, 0x68, 0x3a, 0x20, 0x69, 0x6e, 0x74, 0x33, 0x32, 0x29, 0x0a, 0x20, 
    0x20, 0x0a, 0x20, 0x20, 0x40, 0x61, 0x6c, 0x69, 0x61, 0x73, 0x28, 0x22, 0x72, 0x61, 0x6e, 0x64, 
    0x6f, 0x6d, 0x49, 0x6e, 0x74, 0x22, 0x29, 0x0a, 0x20, 0x20, 0x69, 0x6e, 0x74, 0x33, 0x32, 0x20, 
    0x63, 0x72, 0x79, 0x70, 0x74, 0x6f, 0x5f, 0x72, 0x61, 0x6e, 0x64, 0x6f, 0x6d, 0x49, 0x6e, 0x74, 
    0x28, 0x6d, 0x69, 0x6e, 0x3a, 0x20, 0x69, 0x6e, 0x74, 0x33, 0x32, 0x2c, 0x20, 0x6d, 0x61, 0x78, 
    0x3a, 0x20, 0x69, 0x6e, 0x74, 0x33, 0x32, 0x29, 0x0a, 0x20, 0x20, 0x0a, 0x20, 0x20, 0x40, 0x61, 
    0x6c, 0x69, 0x61, 0x73, 0x28, 0x22, 0x67, 0x65, 0x6e, 0x65, 0x72, 0x61, 0x74, 0x65, 0x55, 0x75, 
    0x69, 0x64, 0x22, 0x29, 0x0a, 0x20, 0x20, 0x73, 0x74, 0x72, 0x69, 0x6e, 0x67, 0x20, 0x63, 0x72, 
    0x79, 0x70, 0x74, 0x6f, 0x5f, 0x67, 0x65, 0x6e, 0x65, 0x72, 0x61, 0x74, 0x65, 0x55, 0x75, 0x69, 
    0x64, 0x28, 0x29, 0x0a, 0x20, 0x20, 0x0a, 0x20, 0x20, 0x40, 0x61, 0x6c, 0x69, 0x61, 0x73, 0x28, 
    0x22, 0x67, 0x65, 0x6e, 0x65, 0x72, 0x61, 0x74, 0x65, 0x54, 0x6f, 0x6b, 0x65, 0x6e, 0x22, 0x29, 
    0x0a, 0x20, 0x20, 0x73, 0x74, 0x72, 0x69, 0x6e, 0x67, 0x20, 0x63, 0x72, 0x79, 0x70, 0x74, 0x6f, 
    0x5f, 0x67, 0x65, 0x6e, 0x65, 0x72, 0x61, 0x74, 0x65, 0x54, 0x6f, 0x6b, 0x65, 0x6e, 0x28, 0x6c, 
    0x65, 0x6e, 0x67, 0x74, 0x68, 0x3a, 0x20, 0x69, 0x6e, 0x74, 0x33, 0x32, 0x29, 0x0a, 0x7d, 0x0a, 
};

static const unsigned char embedded_interface_ffmpeg_kyl_data[] = {
    0x2f, 0x2f, 0x20, 0x49, 0x6e, 0x74, 0x65, 0x72, 0x66, 0x61, 0x63, 0x65, 0x20, 0x66, 0x6f, 0x72, 
    0x20, 0x46, 0x46, 0x6d, 0x70, 0x65, 0x67, 0x20, 0x6c, 0x69, 0x62, 0x72, 0x61, 0x72, 0x79, 0x0a, 
    0x2f, 0x2f, 0x20, 0x47, 0x65, 0x6e, 0x65, 0x72, 0x61, 0x6c, 0x20, 0x66, 0x66, 0x6d, 0x70, 0x65, 
    0x67, 0x20, 0x68, 0x65, 0x6c, 0x70, 0x65, 0x72, 0x73, 0x0a, 0x69, 0x6e, 0x74, 0x65, 0x72, 0x66, 
    0x61, 0x63, 0x65, 0x20, 0x66, 0x66, 0x6d, 0x70, 0x65, 0x67, 0x20, 0x66, 0x72, 0x6f, 0x6d, 0x20, 
    0x22, 0x6c, 0x69, 0x62, 0x73, 0x2f, 0x6c, 0x69, 0x62, 0x6b, 0x79, 0x6c, 0x66, 0x66, 0x6d, 0x70, 
    0x65, 0x67, 0x2e, 0x73, 0x6f, 0x22, 0x20, 0x7b, 0x0a, 0x20, 0x20, 0x40, 0x61, 0x6c, 0x69, 0x61, 
    0x73, 0x28, 0x22, 0x67, 0x65, 0x74, 0x4c, 0x61, 0x73, 0x74, 0x45, 0x72, 0x72, 0x6f, 0x72, 0x22, 
    0x29, 0x0a, 0x20, 0x20, 0x73, 0x74, 0x72, 0x69, 0x6e, 0x67, 0x20, 0x66, 0x66, 0x6d, 0x70, 0x65, 
    0x67, 0x5f, 0x67, 0x65, 0x74, 0x4c, 0x61, 0x73, 0x74, 0x45, 0x72, 0x72, 0x6f, 0x72, 0x28, 0x29, 
    0x0a, 0x20, 0x20, 0x0a, 0x20, 0x20, 0x40, 0x61, 0x6c, 0x69, 0x61, 0x73, 0x28, 0x22, 0x63, 0x6c, 
    0x65, 0x61, 0x72, 0x45, 0x72, 0x72, 0x6f, 0x72, 0x22, 0x29, 0x0a, 0x20, 0x20, 0x62, 0x6f, 0x6f, 
    0x6c, 0x20, 0x66, 0x66, 0x6d, 0x70, 0x65, 0x67, 0x5f, 0x63, 0x6c, 0x65, 0x61, 0x72, 0x45, 0x72, 
    0x72, 0x6f, 0x72, 0x28, 0x29, 0x0a, 0x7d, 0x0a, 0x0a, 0x2f, 0x2f, 0x20, 0x41, 0x75, 0x64, 0x69, 
    0x6f, 0x2d, 0x72, 0x65, 0x6c, 0x61, 0x74, 0x65, 0x64, 0x20, 0x66, 0x75, 0x6e, 0x63, 0x74, 0x69, 
    0x6f, 0x6e, 0x73, 0x0a, 0x69, 0x6e, 0x74, 0x65, 0x72, 0x66, 0x61, 0x63, 0x65, 0x20, 0x61, 0x75, 
    0x64, 0x69, 0x6f, 0x20, 0x7b, 0x0a, 0x20, 0x20, 0x40, 0x61, 0x6c, 0x69, 0x61, 0x73, 0x28, 0x22, 
    0x67, 0x65, 0x74, 0x44, 0x75, 0x72, 0x61, 0x74, 0x69, 0x6f, 0x6e, 0x22, 0x29, 0x0a, 0x20, 0x20, 
    0x66, 0x6c, 0x6f, 0x61, 0x74, 0x36, 0x34, 0x20, 0x61, 0x75, 0x64, 0x69, 0x6f, 0x5f, 0x67, 0x65, 
    0x74, 0x44, 0x75, 0x72, 0x61, 0x74, 0x69, 0x6f, 0x6e, 0x28, 0x70, 0x61, 0x74, 0x68, 0x3a, 0x20, 
    0x73, 0x74, 0x72, 0x69, 0x6e, 0x67, 0x29, 0x0a, 0x20, 0x20, 0x0a, 0x20, 0x20, 0x40, 0x61, 0x6c, 
    0x69, 0x61, 0x73, 0x28, 0x22, 0x67, 0x65, 0x74, 0x53, 0x61, 0x6d, 0x70, 0x6c, 0x65, 0x52, 0x61, 
    0x74, 0x65, 0x22, 0x29, 0x0a, 0x20, 0x20, 0x69, 0x6e, 0x74, 0x33, 0x32, 0x20, 0x61, 0x75, 0x64, 
    0x69, 0x6f, 0x5f, 0x67, 0x65, 0x74, 0x53, 0x61, 0x6d, 0x70, 0x6c, 0x65, 0x52, 0x61, 0x74, 0x65, 
    0x28, 0x70, 0x61, 0x74, 0x68, 0x3a, 0x20, 0x73, 0x74, 0x72, 0x69, 0x6e, 0x67, 0x29, 0x0a, 0x20, 
    0x20, 0x0a, 0x20, 0x20, 0x40, 0x61, 0x6c, 0x69, 0x61, 0x73, 0x28, 0x22, 0x67, 0x65, 0x74, 0x43, 
    0x68, 0x61, 0x6e, 0x6e, 0x65, 0x6c, 0x73, 0x22, 0x29, 0x0a, 0x20, 0x20, 0x69, 0x6e, 0x74, 0x33, 
    0x32, 0x20, 0x61, 0x75, 0x64, 0x69, 0x6f, 0x5f, 0x67, 0x65, 0x74, 0x43, 0x68, 0x61, 0x6e, 0x6e, 
    0x65, 0x6c, 0x73, 0x28, 0x70, 0x61, 0x74, 0x68, 0x3a, 0x20, 0x73, 0x74, 0x72, 0x69, 0x6e, 0x67, 
    0x29, 0x0a, 0x20, 0x20, 0x0a, 0x20, 0x20, 0x40, 0x61, 0x6c, 0x69, 0x61, 0x73, 0x28, 0x22, 0x6c, 
    0x6f, 0x61, 0x64, 0x22, 0x29, 0x0a, 0x20, 0x20, 0x69, 0x6e, 0x74, 0x33, 0x32, 0x20, 0x61, 0x75, 
    0x64, 0x69, 0x6f, 0x5f, 0x6c, 0x6f, 0x61, 0x64, 0x28, 0x70, 0x61, 0x74, 0x68, 0x3a, 0x20, 0x73, 
    0x74, 0x72, 0x69, 0x6e, 0x67, 0x29, 0x0a, 0x20, 0x20, 0x0a, 0x20, 0x20, 0x40, 0x61, 0x6c, 0x69, 
    0x61, 0x73, 0x28, 0x22, 0x73, 0x61, 0x76, 0x65, 0x22, 0x29, 0x0a, 0x20, 0x20, 0x62, 0x6f, 0x6f, 
    0x6c, 0x20, 0x61, 0x75, 0x64, 0x69, 0x6f, 0x5f, 0x73, 0x61, 0x76, 0x65, 0x28, 0x68, 0x61, 0x6e, 
    0x64, 0x6c, 0x65, 0x3a, 0x20, 0x69, 0x6e, 0x74, 0x33, 0x32, 0x2c, 0x20, 0x70, 0x61, 0x74, 0x68, 
    0x3a, 0x20, 0x73, 0x74, 0x72, 0x69, 0x6e, 0x67, 0x29, 0x0a, 0x20, 0x20, 0x0a, 0x20, 0x20, 0x40, 
    0x61, 0x6c, 0x69, 0x61, 0x73, 0x28, 0x22, 0x73, 0x65, 0x67, 0x6d, 0x65, 0x6e, 0x74, 0x46, 0x72, 
    0x65, 0x65, 0x22, 0x29, 0x0a, 0x20, 0x20, 0x62, 0x6f, 0x6f, 0x6c, 0x20, 0x61, 0x75, 0x64, 0x69, 
    0x6f, 0x5f, 0x73, 0x65, 0x67, 0x6d, 0x65, 0x6e, 0x74, 0x46, 0x72, 0x65, 0x65, 0x28, 0x68, 0x61, 
    0x6e, 0x64, 0x6c, 0x65, 0x3a, 0x20, 0x69, 0x6e, 0x74, 0x33, 0x32, 0x29, 0x0a, 0x20, 0x20, 0x0a, 
    0x20, 0x20, 0x40, 0x61, 0x6c, 0x69, 0x61, 0x73, 0x28, 0x22, 0x74, 0x72, 0x69, 0x6d, 0x22, 0x29, 
    0x0a, 0x20, 0x20, 0x69, 0x6e, 0x74, 0x33, 0x32, 0x20, 0x61, 0x75, 0x64, 0x69, 0x6f, 0x5f, 0x74, 
    0x72, 0x69, 0x6d, 0x28, 0x68, 0x61, 0x6e, 0x64, 0x6c, 0x65, 0x3a, 0x20, 0x69, 0x6e, 0x74, 0x33, 
    0x32, 0x2c, 0x20, 0x73, 0x74, 0x61, 0x72, 0x74, 0x4d, 0x73, 0x3a, 0x20, 0x66, 0x6c, 0x6f, 0x61, 
    0x74, 0x36, 0x34, 0x2c, 0x20, 0x65, 0x6e, 0x64, 0x4d, 0x73, 0x3a, 0x20, 0x66, 0x6c, 0x6f, 0x61, 
    0x74, 0x36, 0x34, 0x29, 0x0a, 0x20, 0x20, 0x0a, 0x20, 0x20, 0x40, 0x61, 0x6c, 0x69, 0x61, 0x73, 
    0x28, 0x22, 0x66, 0x61, 0x64, 0x65, 0x49, 0x6e, 0x22, 0x29, 0x0a, 0x20, 0x20, 0x69, 0x6e, 0x74, 
    0x33, 0x32, 0x20, 0x61, 0x75, 0x64, 0x69, 0x6f, 0x5f, 0x66, 0x61, 0x64, 0x65, 0x49, 0x6e, 0x28, 
    0x68, 0x61, 0x6e, 0x64, 0x6c, 0x65, 0x3a, 0x20, 0x69, 0x6e, 0x74, 0x33, 0x32, 0x2c, 0x20, 0x64, 
    0x75, 0x72, 0x61, 0x74, 0x69, 0x6f, 0x6e, 0x4d, 0x73, 0x3a, 0x20, 0x66, 0x6c, 0x6f, 0x61, 0x74, 
    0x36, 0x34, 0x29, 0x0a, 0x20, 0x20, 0x0a, 0x20, 0x20, 0x40, 0x61, 0x6c, 0x69, 0x61, 0x73, 0x28, 
    0x22, 0x66, 0x61, 0x64, 0x65, 0x4f, 0x75, 0x74, 0x22, 0x29, 0x0a, 0x20, 0x20, 0x69, 0x6e, 0x74, 
    0x33, 0x32, 0x20, 0x61, 0x75, 0x64, 0x69, 0x6f, 0x5f, 0x66, 0x61, 0x64, 0x65, 0x4f, 0x75, 0x74, 
    0x28, 0x68, 0x61, 0x6e, 0x64, 0x6c, 0x65, 0x3a, 0x20, 0x69, 0x6e, 0x74, 0x33, 0x32, 0x2c, 0x20, 
    0x64, 0x75, 0x72, 0x61, 0x74, 0x69, 0x6f, 0x6e, 0x4d, 0x73, 0x3a, 0x20, 0x66, 0x6c, 0x6f, 0x61, 
    0x74, 0x36, 0x34, 0x29, 0x0a, 0x20, 0x20, 0x0a, 0x20, 0x20, 0x40, 0x61, 0x6c, 0x69, 0x61, 0x73, 
    0x28, 0x22, 0x61, 0x64, 0x6a, 0x75, 0x73, 0x74, 0x56, 0x6f, 0x6c, 0x75, 0x6d, 0x65, 0x22, 0x29, 
    0x0a, 0x20, 0x20, 0x69, 0x6e, 0x74, 0x33, 0x32, 0x20, 0x61, 0x75, 0x64, 0x69, 0x6f, 0x5f, 0x61, 
    0x64, 0x6a, 0x75, 0x73, 0x74, 0x56, 0x6f, 0x6c, 0x75, 0x6d, 0x65, 0x28, 0x68, 0x61, 0x6e, 0x64, 
    0x6c, 0x65, 0x3a, 0x20, 0x69, 0x6e, 0x74, 0x33, 0x32, 0x2c, 0x20, 0x66, 0x61, 0x63, 0x74, 0x6f, 
    0x72, 0x3a, 0x20, 0x66, 0x6c, 0x6f, 0x61, 0x74, 0x36, 0x34, 0x29, 0x0a, 0x20, 0x20, 0x0a, 0x20, 
    0x20, 0x40, 0x61, 0x6c, 0x69, 0x61, 0x73, 0x28, 0x22, 0x6e, 0x6f, 0x72, 0x6d, 0x61, 0x6c, 0x69, 
    0x7a, 0x65, 0x22, 0x29, 0x0a, 0x20, 0x20, 0x69, 0x6e, 0x74, 0x33, 0x32, 0x20, 0x61, 0x75, 0x64, 
    0x69, 0x6f, 0x5f, 0x6e, 0x6f, 0x72, 0x6d, 0x61, 0x6c, 0x69, 0x7a, 0x65, 0x28, 0x68, 0x61, 0x6e, 
    0x64, 0x6c, 0x65, 0x3a, 0x20, 0x69, 0x6e, 0x74, 0x33, 0x32, 0x29, 0x0a, 0x20, 0x20, 0x0a, 0x20, 
    0x20, 0x40, 0x61, 0x6c, 0x69, 0x61, 0x73, 0x28, 0x22, 0x63, 0x6f, 0x6e, 0x63, 0x61, 0x74, 0x22, 
    0x29, 0x0a, 0x20, 0x20, 0x69, 0x6e, 0x74, 0x33, 0x32, 0x20, 0x61, 0x75, 0x64, 0x69, 0x6f, 0x5f, 
    0x63, 0x6f, 0x6e, 0x63, 0x61, 0x74, 0x28, 0x68, 0x61, 0x6e, 0x64, 0x6c, 0x65, 0x31, 0x3a, 0x20, 
    0x69, 0x6e, 0x74, 0x33, 0x32, 0x2c, 0x20, 0x68, 0x61, 0x6e, 0x64, 0x6c, 0x65, 0x32, 0x3a, 0x20, 
    0x69, 0x6e, 0x74, 0x33, 0x32, 0x29, 0x0a, 0x20, 0x20, 0x0a, 0x20, 0x20, 0x40, 0x61, 0x6c, 0x69, 
    0x61, 0x73, 0x28, 0x22, 0x6d, 0x65, 0x72, 0x67, 0x65, 0x22, 0x29, 0x0a, 0x20, 0x20, 0x69, 0x6e, 
    0x74, 0x33, 0x32, 0x20, 0x61, 0x75, 0x64, 0x69, 0x6f, 0x5f, 0x6d, 0x65, 0x72, 0x67, 0x65, 0x28, 
    0x68, 0x61, 0x6e, 0x64, 0x6c, 0x65, 0x31, 0x3a, 0x20, 0x69, 0x6e, 0x74, 0x33, 0x32, 0x2c, 0x20, 
    0x68, 0x61, 0x6e, 0x64, 0x6c, 0x65, 0x32, 0x3a, 0x20, 0x69, 0x6e, 0x74, 0x33, 0x32, 0x29, 0x0a, 
    0x20, 0x20, 0x0a, 0x20, 0x20, 0x40, 0x61, 0x6c, 0x69, 0x61, 0x73, 0x28, 0x22, 0x6f, 0x76, 0x65, 
    0x72, 0x6c, 0x61, 0x79, 0x22, 0x29, 0x0a, 0x20, 0x20, 0x69, 0x6e, 0x74, 0x33, 0x32, 0x20, 0x61, 
    0x75, 0x64, 0x69, 0x6f, 0x5f, 0x6f, 0x76, 0x65, 0x72, 0x6c, 0x61, 0x79, 0x28, 0x62, 0x61, 0x73, 
    0x65, 0x3a, 0x20, 0x69, 0x6e, 0x74, 0x33, 0x32, 0x2c, 0x20, 0x6f, 0x76, 0x65, 0x72, 0x6c, 0x61, 
    0x79, 0x3a, 0x20, 0x69, 0x6e, 0x74, 0x33, 0x32, 0x2c, 0x20, 0x70, 0x6f, 0x73, 0x69, 0x74, 0x69, 
    0x6f, 0x6e, 0x4d, 0x73, 0x3a, 0x20, 0x66, 0x6c, 0x6f, 0x61, 0x74, 0x36, 0x34, 0x29, 0x0a, 0x20, 
    0x20, 0x0a, 0x20, 0x20, 0x40, 0x61, 0x6c, 0x69, 0x61, 0x73, 0x28, 0x22, 0x73, 0x70, 0x65, 0x65, 
    0x64, 0x43, 0x68, 0x61, 0x6e, 0x67, 0x65, 0x22, 0x29, 0x0a, 0x20, 0x20, 0x69, 0x6e, 0x74, 0x33, 
    0x32, 0x20, 0x61, 0x75, 0x64, 0x69, 0x6f, 0x5f, 0x73, 0x70, 0x65, 0x65, 0x64, 0x43, 0x68, 0x61, 
    0x6e, 0x67, 0x65, 0x28, 0x68, 0x61, 0x6e, 0x64, 0x6c, 0x65, 0x3a, 0x20, 0x69, 0x6e, 0x74, 0x33, 
    0x32, 0x2c, 0x20, 0x66, 0x61, 0x63, 0x74, 0x6f, 0x72, 0x3a, 0x20, 0x66, 0x6c, 0x6f, 0x61, 0x74, 
    0x36, 0x34, 0x29, 0x0a, 0x20, 0x20, 0x0a, 0x20, 0x20, 0x40, 0x61, 0x6c, 0x69, 0x61, 0x73, 0x28, 
    0x22, 0x72, 0x65, 0x76, 0x65, 0x72, 0x73, 0x65, 0x22, 0x29, 0x0a, 0x20, 0x20, 0x69, 0x6e, 0x74, 
    0x33, 0x32, 0x20, 0x61, 0x75, 0x64, 0x69, 0x6f, 0x5f, 0x72, 0x65, 0x76, 0x65, 0x72, 0x73, 0x65, 
    0x28, 0x68, 0x61, 0x6e, 0x64, 0x6c, 0x65, 0x3a, 0x20, 0x69, 0x6e, 0x74, 0x33, 0x32, 0x29, 0x0a, 
    0x7d, 0x0a, 0x0a, 0x2f, 0x2f, 0x20, 0x41, 0x75, 0x64, 0x69, 0x6f, 0x20, 0x65, 0x64, 0x69, 0x74, 
    0x6f, 0x72, 0x0a, 0x69, 0x6e, 0x74, 0x65, 0x72, 0x66, 0x61, 0x63, 0x65, 0x20, 0x65, 0x64, 0x69, 
    0x74, 0x6f, 0x72, 0x20, 0x7b, 0x0a, 0x20, 0x20, 0x40, 0x61, 0x6c, 0x69, 0x61, 0x73, 0x28, 0x22, 
    0x63, 0x72, 0x65, 0x61, 0x74, 0x65, 0x22, 0x29, 0x0a, 0x20, 0x20, 0x69, 0x6e, 0x74, 0x33, 0x32, 
    0x20, 0x65, 0x64, 0x69, 0x74, 0x6f, 0x72, 0x5f, 0x63, 0x72, 0x65, 0x61, 0x74, 0x65, 0x28, 0x29, 
    0x0a, 0x20, 0x20, 0x0a, 0x20, 0x20, 0x40, 0x61, 0x6c, 0x69, 0x61, 0x73, 0x28, 0x22, 0x64, 0x65, 
    0x73, 0x74, 0x72, 0x6f, 0x79, 0x22, 0x29, 0x0a, 0x20, 0x20, 0x62, 0x6f, 0x6f, 0x6c, 0x20, 0x65, 
    0x64, 0x69, 0x74, 0x6f, 0x72, 0x5f, 0x64, 0x65, 0x73, 0x74, 0x72, 0x6f, 0x79, 0x28, 0x68, 0x61, 
    0x6e, 0x64, 0x6c, 0x65, 0x3a, 0x20, 0x69, 0x6e, 0x74, 0x33, 0x32, 0x29, 0x0a, 0x7d, 0x0a, 
};

static const unsigned char embedded_README_md_data[] = {
    0x23, 0x20, 0x4b, 0x75, 0x79, 0x69, 0x6c, 0x20, 0x49, 0x6e, 0x74, 0x65, 0x72, 0x66, 0x61, 0x63, 
    0x65, 0x20, 0x46, 0x69, 0x6c, 0x65, 0x73, 0x20, 0x2d, 0x20, 0x51, 0x75, 0x69, 0x63, 0x6b, 0x20, 
    0x52, 0x65, 0x66, 0x65, 0x72, 0x65, 0x6e, 0x63, 0x65, 0x0a, 0x0a, 0x23, 0x23, 0x20, 0x41, 0x6c, 
    0x6c, 0x20, 0x41, 0x76, 0x61, 0x69, 0x6c, 0x61, 0x62, 0x6c, 0x65, 0x20, 0x49, 0x6e, 0x74, 0x65, 
    0x72, 0x66, 0x61, 0x63, 0x65, 0x73, 0x0a, 0x0a, 0x7c, 0x20, 0x49, 0x6e, 0x74, 0x65, 0x72, 0x66, 
    0x61, 0x63, 0x65, 0x20, 0x7c, 0x20, 0x46, 0x69, 0x6c, 0x65, 0x20, 0x7c, 0x20, 0x44, 0x65, 0x73, 
    0x63, 0x72, 0x69, 0x70, 0x74, 0x69, 0x6f, 0x6e, 0x20, 0x7c, 0x0a, 0x7c, 0x2d, 0x2d, 0x2d, 0x2d, 
    0x2d, 0x2d, 0x2d, 0x2d, 0x2d, 0x2d, 0x2d, 0x7c, 0x2d, 0x2d, 0x2d, 0x2d, 0x2d, 0x2d, 0x7c, 0x2d, 
    0x2d, 0x2d, 0x2d, 0x2d, 0x2d, 0x2d, 0x2d, 0x2d, 0x2d, 0x2d, 0x2d, 0x2d, 0x7c, 0x0a, 0x7c, 0x20, 
    0x60, 0x73, 0x74, 0x72, 0x60, 0x20, 0x7c, 0x20, 0x60, 0x69, 0x6e, 0x74, 0x65, 0x72, 0x66, 0x61, 
    0x63, 0x65, 0x5f, 0x73, 0x74, 0x72, 0x2e, 0x6b, 0x79, 0x6c, 0x60, 0x20, 0x7c, 0x20, 0x53, 0x74, 
    0x72, 0x69, 0x6e, 0x67, 0x20, 0x6d, 0x61, 0x6e, 0x69, 0x70, 0x75, 0x6c, 0x61, 0x74, 0x69, 0x6f, 
    0x6e, 0x20, 0x7c, 0x0a, 0x7c, 0x20, 0x60, 0x6d, 0x61, 0x74, 0x68, 0x60, 0x20, 0x7c, 0x20, 0x60, 
    0x69, 0x6e, 0x74, 0x65, 0x72, 0x66, 0x61, 0x63, 0x65, 0x5f, 0x6d, 0x61, 0x74, 0x68, 0x2e, 0x6b, 
    0x79, 0x6c, 0x60, 0x20, 0x7c, 0x20, 0x4d, 0x61, 0x74, 0x68, 0x65, 0x6d, 0x61, 0x74, 0x69, 0x63, 
    0x61, 0x6c, 0x20, 0x6f, 0x70, 0x65, 0x72, 0x61, 0x74, 0x69, 0x6f, 0x6e, 0x73, 0x20, 0x7c, 0x0a, 
    0x7c, 0x20, 0x60, 0x68, 0x74, 0x74, 0x70, 0x60, 0x20, 0x7c, 0x20, 0x60, 0x69, 0x6e, 0x74, 0x65, 
    0x72, 0x66, 0x61, 0x63, 0x65, 0x5f, 0x68, 0x74, 0x74, 0x70, 0x2e, 0x6b, 0x79, 0x6c, 0x60, 0x20, 
    0x7c, 0x20, 0x48, 0x54, 0x54, 0x50, 0x20, 0x63, 0x6c, 0x69, 0x65, 0x6e, 0x74, 0x20, 0x7c, 0x0a, 
    0x7c, 0x20, 0x60, 0x64, 0x61, 0x74, 0x65, 0x60, 0x2f, 0x60, 0x64, 0x61, 0x74, 0x65, 0x74, 0x69, 
    0x6d, 0x65, 0x60, 0x20, 0x7c, 0x20, 0x60, 0x69, 0x6e, 0x74, 0x65, 0x72, 0x66, 0x61, 0x63, 0x65, 
    0x5f, 0x64, 0x61, 0x74, 0x65, 0x74, 0x69, 0x6d, 0x65, 0x2e, 0x6b, 0x79, 0x6c, 0x60, 0x20, 0x7c, 
    0x20, 0x44, 0x61, 0x74, 0x65, 0x2f, 0x74, 0x69, 0x6d, 0x65, 0x20, 0x6f, 0x70, 0x65, 0x72, 0x61, 
    0x74, 0x69, 0x6f, 0x6e, 0x73, 0x20, 0x7c, 0x0a, 0x7c, 0x20, 0x60, 0x63, 0x72, 0x79, 0x70, 0x74, 
    0x6f, 0x60, 0x20, 0x7c, 0x20, 0x60, 0x69, 0x6e, 0x74, 0x65, 0x72, 0x66, 0x61, 0x63, 0x65, 0x5f, 
    0x63, 0x72, 0x79, 0x70, 0x74, 0x6f, 0x2e, 0x6b, 0x79, 0x6c, 0x60, 0x20, 0x7c, 0x20, 0x43, 0x72, 
    0x79, 0x70, 0x74, 0x6f, 0x67, 0x72, 0x61, 0x70, 0x68, 0x79, 0x20, 0x26, 0x20, 0x68, 0x61, 0x73, 
    0x68, 0x69, 0x6e, 0x67, 0x20, 0x7c, 0x0a, 0x7c, 0x20, 0x60, 0x73, 0x71, 0x6c, 0x69, 0x74, 0x65, 
    0x60, 0x20, 0x7c, 0x20, 0x60, 0x69, 0x6e, 0x74, 0x65, 0x72, 0x66, 0x61, 0x63, 0x65, 0x5f, 0x73, 
    0x71, 0x6c, 0x69, 0x74, 0x65, 0x2e, 0x6b, 0x79, 0x6c, 0x60, 0x20, 0x7c, 0x20, 0x53, 0x51, 0x4c, 
    0x69, 0x74, 0x65, 0x20, 0x64, 0x61, 0x74, 0x61, 0x62, 0x61, 0x73, 0x65, 0x20, 0x7c, 0x0a, 0x7c, 
    0x20, 0x60, 0x66, 0x69, 0x6c, 0x65, 0x60, 0x20, 0x7c, 0x20, 0x60, 0x69, 0x6e, 0x74, 0x65, 0x72, 
    0x66, 0x61, 0x63, 0x65, 0x5f, 0x66, 0x69, 0x6c, 0x65, 0x69, 0x6f, 0x2e, 0x6b, 0x79, 0x6c, 0x60, 
    0x20, 0x7c, 0x20, 0x46, 0x69, 0x6c, 0x65, 0x20, 0x49, 0x2f, 0x4f, 0x20, 0x6f, 0x70, 0x65, 0x72, 
    0x61, 0x74, 0x69, 0x6f, 0x6e, 0x73, 0x20, 0x7c, 0x0a, 0x7c, 0x20, 0x60, 0x72, 0x70, 0x63, 0x60, 
    0x20, 0x7c, 0x20, 0x60, 0x69, 0x6e, 0x74, 0x65, 0x72, 0x66, 0x61, 0x63, 0x65, 0x5f, 0x72, 0x70, 
    0x63, 0x2e, 0x6b, 0x79, 0x6c, 0x60, 0x20, 0x7c, 0x20, 0x52, 0x50, 0x43, 0x20, 0x63, 0x6c, 0x69, 
    0x65, 0x6e, 0x74, 0x2f, 0x73, 0x65, 0x72, 0x76, 0x65, 0x72, 0x20, 0x7c, 0x0a, 0x7c, 0x20, 0x60, 
    0x77, 0x65, 0x62, 0x76, 0x69, 0x65, 0x77, 0x60, 0x20, 0x7c, 0x20, 0x60, 0x69, 0x6e, 0x74, 0x65, 
    0x72, 0x66, 0x61, 0x63, 0x65, 0x5f, 0x77, 0x65, 0x62, 0x76, 0x69, 0x65, 0x77, 0x2e, 0x6b, 0x79, 
    0x6c, 0x60, 0x20, 0x7c, 0x20, 0x44, 0x65, 0x73, 0x6b, 0x74, 0x6f, 0x70, 0x20, 0x47, 0x55, 0x49, 
    0x20, 0x7c, 0x0a, 0x7c, 0x20, 0x60, 0x61, 0x75, 0x64, 0x69, 0x6f, 0x60, 0x2f, 0x60, 0x66, 0x66, 
    0x6d, 0x70, 0x65, 0x67, 0x60, 0x20, 0x7c, 0x20, 0x60, 0x69, 0x6e, 0x74, 0x65, 0x72, 0x66, 0x61, 
    0x63, 0x65, 0x5f, 0x66, 0x66, 0x6d, 0x70, 0x65, 0x67, 0x2e, 0x6b, 0x79, 0x6c, 0x60, 0x20, 0x7c, 
    0x20, 0x41, 0x75, 0x64, 0x69, 0x6f, 0x2f, 0x76, 0x69, 0x64, 0x65, 0x6f, 0x20, 0x70, 0x72, 0x6f, 
    0x63, 0x65, 0x73, 0x73, 0x69, 0x6e, 0x67, 0x20, 0x7c, 0x0a, 0x7c, 0x20, 0x60, 0x63, 0x6f, 0x6d, 
    0x70, 0x72, 0x65, 0x73, 0x73, 0x60, 0x2f, 0x60, 0x64, 0x65, 0x63, 0x6f, 0x6d, 0x70, 0x72, 0x65, 
    0x73, 0x73, 0x60, 0x20, 0x7c, 0x20, 0x60, 0x69, 0x6e, 0x74, 0x65, 0x72, 0x66, 0x61, 0x63, 0x65, 
    0x5f, 0x74, 0x72, 0x61, 0x6e, 0x73, 0x63, 0x6f, 0x64, 0x65, 0x72, 0x2e, 0x6b, 0x79, 0x6c, 0x60, 
    0x20, 0x7c, 0x20, 0x43, 0x6f, 0x6d, 0x70, 0x72, 0x65, 0x73, 0x73, 0x69, 0x6f, 0x6e, 0x20, 0x7c, 
    0x0a, 0x0a, 0x23, 0x23, 0x20, 0x51, 0x75, 0x69, 0x63, 0x6b, 0x20, 0x53, 0x74, 0x61, 0x72, 0x74, 
    0x0a, 0x0a, 0x60, 0x60, 0x60, 0x6b, 0x75, 0x79, 0x69, 0x6c, 0x0a, 0x2f, 0x2f, 0x20, 0x49, 0x6d, 
    0x70, 0x6f, 0x72, 0x74, 0x20, 0x74, 0x68, 0x65, 0x20, 0x69, 0x6e, 0x74, 0x65, 0x72, 0x66, 0x61, 
    0x63, 0x65, 0x20, 0x79, 0x6f, 0x75, 0x20, 0x6e, 0x65, 0x65, 0x64, 0x0a, 0x69, 0x6d, 0x70, 0x6f, 
    0x72, 0x74, 0x28, 0x22, 0x2e, 0x2e, 0x2f, 0x69, 0x6e, 0x74, 0x65, 0x72, 0x66, 0x61, 0x63, 0x65, 
    0x73, 0x2f, 0x69, 0x6e, 0x74, 0x65, 0x72, 0x66, 0x61, 0x63, 0x65, 0x5f, 0x73, 0x74, 0x72, 0x2e, 
    0x6b, 0x79, 0x6c, 0x22, 0x29, 0x0a, 0x0a, 0x2f, 0x2f, 0x20, 0x55, 0x73, 0x65, 0x20, 0x74, 0x68, 
    0x65, 0x20, 0x6d, 0x65, 0x74, 0x68, 0x6f, 0x64, 0x73, 0x20, 0x64, 0x69, 0x72, 0x65, 0x63, 0x74, 
    0x6c, 0x79, 0x0a, 0x70, 0x72, 0x69, 0x6e, 0x74, 0x28, 0x6c, 0x65, 0x6e, 0x67, 0x74, 0x68, 0x28, 
    0x22, 0x68, 0x65, 0x6c, 0x6c, 0x6f, 0x22, 0x29, 0x29, 0x20, 0x20, 0x20, 0x20, 0x20, 0x20, 0x20, 
    0x2f, 0x2f, 0x20, 0x35, 0x0a, 0x70, 0x72, 0x69, 0x6e, 0x74, 0x28, 0x75, 0x70, 0x70, 0x65, 0x72, 
    0x28, 0x22, 0x68, 0x65, 0x6c, 0x6c, 0x6f, 0x22, 0x29, 0x29, 0x20, 0x20, 0x20, 0x20, 0x20, 0x20, 
    0x20, 0x20, 0x2f, 0x2f, 0x20, 0x22, 0x48, 0x45, 0x4c, 0x4c, 0x4f, 0x22, 0x0a, 0x70, 0x72, 0x69, 
    0x6e, 0x74, 0x28, 0x73, 0x75, 0x62, 0x73, 0x74, 0x72, 0x69, 0x6e, 0x67, 0x28, 0x22, 0x6b, 0x75, 
    0x79, 0x69, 0x6c, 0x22, 0x2c, 0x20, 0x31, 0x2c, 0x20, 0x33, 0x29, 0x29, 0x20, 0x20, 0x2f, 0x2f, 
    0x20, 0x22, 0x75, 0x79, 0x22, 0x0a, 0x60, 0x60, 0x60, 0x0a, 0x0a, 0x23, 0x23, 0x20, 0x53, 0x74, 
    0x72, 0x69, 0x6e, 0x67, 0x20, 0x4f, 0x70, 0x65, 0x72, 0x61, 0x74, 0x69, 0x6f, 0x6e, 0x73, 0x20, 
    0x28, 0x60, 0x69, 0x6e, 0x74, 0x65, 0x72, 0x66, 0x61, 0x63, 0x65, 0x5f, 0x73, 0x74, 0x72, 0x2e, 
    0x6b, 0x79, 0x6c, 0x60, 0x29, 0x0a, 0x0a, 0x60, 0x60, 0x60, 0x6b, 0x75, 0x79, 0x69, 0x6c, 0x0a, 
    0x6c, 0x65, 0x6e, 0x67, 0x74, 0x68, 0x28, 0x69, 0x6e, 0x70, 0x75, 0x74, 0x3a, 0x20, 0x73, 0x74, 
    0x72, 0x69, 0x6e, 0x67, 0x29, 0x20, 0x2d, 0x3e, 0x20, 0x6e, 0x75, 0x6d, 0x62, 0x65, 0x72, 0x0a, 
    0x73, 0x75, 0x62, 0x73, 0x74, 0x72, 0x69, 0x6e, 0x67, 0x28, 0x69, 0x6e, 0x70, 0x75, 0x74, 0x3a, 
    0x20, 0x73, 0x74, 0x72, 0x69, 0x6e, 0x67, 0x2c, 0x20, 0x73, 0x74, 0x61, 0x72, 0x74, 0x3a, 0x20, 
    0x6e, 0x75, 0x6d, 0x62, 0x65, 0x72, 0x2c, 0x20, 0x65, 0x6e, 0x64, 0x3a, 0x20, 0x6e, 0x75, 0x6d, 
    0x62, 0x65, 0x72, 0x29, 0x20, 0x2d, 0x3e, 0x20, 0x73, 0x74, 0x72, 0x69, 0x6e, 0x67, 0x0a, 0x75, 
    0x70, 0x70, 0x65, 0x72, 0x28, 0x69, 0x6e, 0x70, 0x75, 0x74, 0x3a, 0x20, 0x73, 0x74, 0x72, 0x69, 
    0x6e, 0x67, 0x29, 0x20, 0x2d, 0x3e, 0x20, 0x73, 0x74, 0x72, 0x69, 0x6e, 0x67, 0x0a, 0x6c, 0x6f, 
    0x77, 0x65, 0x72, 0x28, 0x69, 0x6e, 0x70, 0x75, 0x74, 0x3a, 0x20, 0x73, 0x74, 0x72, 0x69, 0x6e, 
    0x67, 0x29, 0x20, 0x2d, 0x3e, 0x20, 0x73, 0x74, 0x72, 0x69, 0x6e, 0x67, 0x0a, 0x74, 0x72, 0x69, 
    0x6d, 0x28, 0x69, 0x6e, 0x70, 0x75, 0x74, 0x3a, 0x20, 0x73, 0x74, 0x72, 0x69, 0x6e, 0x67, 0x29, 
    0x20, 0x2d, 0x3e, 0x20, 0x73, 0x74, 0x72, 0x69, 0x6e, 0x67, 0x0a, 0x63, 0x6f, 0x6e, 0x74, 0x61, 
    0x69, 0x6e, 0x73, 0x28, 0x68, 0x61, 0x79, 0x73, 0x74, 0x61, 0x63, 0x6b, 0x3a, 0x20, 0x73, 0x74, 
    0x72, 0x69, 0x6e, 0x67, 0x2c, 0x20, 0x6e, 0x65, 0x65, 0x64, 0x6c, 0x65, 0x3a, 0x20, 0x73, 0x74, 
    0x72, 0x69, 0x6e, 0x67, 0x29, 0x20, 0x2d, 0x3e, 0x20, 0x62, 0x6f, 0x6f, 0x6c, 0x0a, 0x72, 0x65, 
    0x70, 0x6c, 0x61, 0x63, 0x65, 0x28, 0x69, 0x6e, 0x70, 0x75, 0x74, 0x3a, 0x20, 0x73, 0x74, 0x72, 
    0x69, 0x6e, 0x67, 0x2c, 0x20, 0x66, 0x72, 0x6f, 0x6d, 0x3a, 0x20, 0x73, 0x74, 0x72, 0x69, 0x6e, 
    0x67, 0x2c, 0x20, 0x74, 0x6f, 0x3a, 0x20, 0x73, 0x74, 0x72, 0x69, 0x6e, 0x67, 0x29, 0x20, 0x2d, 
    0x3e, 0x20, 0x73, 0x74, 0x72, 0x69, 0x6e, 0x67, 0x0a, 0x73, 0x70, 0x6c, 0x69, 0x74, 0x28, 0x69, 
    0x6e, 0x70, 0x75, 0x74, 0x3a, 0x20, 0x73, 0x74, 0x72, 0x69, 0x6e, 0x67, 0x2c, 0x20, 0x64, 0x65, 
    0x6c, 0x69, 0x6d, 0x69, 0x74, 0x65, 0x72, 0x3a, 0x20, 0x73, 0x74, 0x72, 0x69, 0x6e, 0x67, 0x29, 
    0x20, 0x2d, 0x3e, 0x20, 0x61, 0x72, 0x72, 0x61, 0x79, 0x0a, 0x74, 0x6f, 0x5f, 0x6e, 0x75, 0x6d, 
    0x62, 0x65, 0x72, 0x28, 0x69, 0x6e, 0x70, 0x75, 0x74, 0x3a, 0x20, 0x73, 0x74, 0x72, 0x69, 0x6e, 
    0x67, 0x29, 0x20, 0x2d, 0x3e, 0x20, 0x6e, 0x75, 0x6d, 0x62, 0x65, 0x72, 0x0a, 0x74, 0x6f, 0x5f, 
    0x73, 0x74, 0x72, 0x69, 0x6e, 0x67, 0x28, 0x76, 0x61, 0x6c, 0x75, 0x65, 0x3a, 0x20, 0x73, 0x74, 
    0x72, 0x69, 0x6e, 0x67, 0x29, 0x20, 0x2d, 0x3e, 0x20, 0x73, 0x74, 0x72, 0x69, 0x6e, 0x67, 0x0a, 
    0x60, 0x60, 0x60, 0x0a, 0x0a, 0x23, 0x23, 0x20, 0x4d, 0x61, 0x74, 0x68, 0x20, 0x4f, 0x70, 0x65, 
    0x72, 0x61, 0x74, 0x69, 0x6f, 0x6e, 0x73, 0x20, 0x28, 0x60, 0x69, 0x6e, 0x74, 0x65, 0x72, 0x66, 
    0x61, 0x63, 0x65, 0x5f, 0x6d, 0x61, 0x74, 0x68, 0x2e, 0x6b, 0x79, 0x6c, 0x60, 0x29, 0x0a, 0x0a, 
    0x60, 0x60, 0x60, 0x6b, 0x75, 0x79, 0x69, 0x6c, 0x0a, 0x61, 0x62, 0x73, 0x28, 0x78, 0x3a, 0x20, 
    0x6e, 0x75, 0x6d, 0x62, 0x65, 0x72, 0x29, 0x20, 0x2d, 0x3e, 0x20, 0x6e, 0x75, 0x6d, 0x62, 0x65, 
    0x72, 0x0a, 0x66, 0x6c, 0x6f, 0x6f, 0x72, 0x28, 0x78, 0x3a, 0x20, 0x6e, 0x75, 0x6d, 0x62, 0x65, 
    0x72, 0x29, 0x20, 0x2d, 0x3e, 0x20, 0x6e, 0x75, 0x6d, 0x62, 0x65, 0x72, 0x0a, 0x63, 0x65, 0x69, 
    0x6c, 0x28, 0x78, 0x3a, 0x20, 0x6e, 0x75, 0x6d, 0x62, 0x65, 0x72, 0x29, 0x20, 0x2d, 0x3e, 0x20, 
    0x6e, 0x75, 0x6d, 0x62, 0x65, 0x72, 0x0a, 0x72, 0x6f, 0x75, 0x6e, 0x64, 0x28, 0x78, 0x3a, 0x20, 
    0x6e, 0x75, 0x6d, 0x62, 0x65, 0x72, 0x29, 0x20, 0x2d, 0x3e, 0x20, 0x6e, 0x75, 0x6d, 0x62, 0x65, 
    0x72, 0x0a, 0x73, 0x71, 0x72, 0x74, 0x28, 0x78, 0x3a, 0x20, 0x6e, 0x75, 0x6d, 0x62, 0x65, 0x72, 
    0x29, 0x20, 0x2d, 0x3e, 0x20, 0x6e, 0x75, 0x6d, 0x62, 0x65, 0x72, 0x0a, 0x70, 0x6f, 0x77, 0x28, 
    0x78, 0x3a, 0x20, 0x6e, 0x75, 0x6d, 0x62, 0x65, 0x72, 0x2c, 0x20, 0x79, 0x3a, 0x20, 0x6e, 0x75, 
    0x6d, 0x62, 0x65, 0x72, 0x29, 0x20, 0x2d, 0x3e, 0x20, 0x6e, 0x75, 0x6d, 0x62, 0x65, 0x72, 0x0a, 
    0x73, 0x69, 0x6e, 0x28, 0x78, 0x3a, 0x20, 0x6e, 0x75, 0x6d, 0x62, 0x65, 0x72, 0x29, 0x20, 0x2d, 
    0x3e, 0x20, 0x6e, 0x75, 0x6d, 0x62, 0x65, 0x72, 0x0a, 0x63, 0x6f, 0x73, 0x28, 0x78, 0x3a, 0x20, 
    0x6e, 0x75, 0x6d, 0x62, 0x65, 0x72, 0x29, 0x20, 0x2d, 0x3e, 0x20, 0x6e, 0x75, 0x6d, 0x62, 0x65, 
    0x72, 0x0a, 0x74, 0x61, 0x6e, 0x28, 0x78, 0x3a, 0x20, 0x6e, 0x75, 0x6d, 0x62, 0x65, 0x72, 0x29, 
    0x20, 0x2d, 0x3e, 0x20, 0x6e, 0x75, 0x6d, 0x62, 0x65, 0x72, 0x0a, 0x60, 0x60, 0x60, 0x0a, 0x0a, 
    0x23, 0x23, 0x20, 0x48, 0x54, 0x54, 0x50, 0x20, 0x43, 0x6c, 0x69, 0x65, 0x6e, 0x74, 0x20, 0x28, 
    0x60, 0x69, 0x6e, 0x74, 0x65, 0x72, 0x66, 0x61, 0x63, 0x65, 0x5f, 0x68, 0x74, 0x74, 0x70, 0x2e, 
    0x6b, 0x79, 0x6c, 0x60, 0x29, 0x0a, 0x0a, 0x60, 0x60, 0x60, 0x6b, 0x75, 0x79, 0x69, 0x6c, 0x0a, 
    0x63, 0x6c, 0x69, 0x65, 0x6e, 0x74, 0x5f, 0x67, 0x65, 0x74, 0x28, 0x75, 0x72, 0x6c, 0x3a, 0x20, 
    0x73, 0x74, 0x72, 0x69, 0x6e, 0x67, 0x29, 0x20, 0x2d, 0x3e, 0x20, 0x73, 0x74, 0x72, 0x69, 0x6e, 
    0x67, 0x0a, 0x63, 0x6c, 0x69, 0x65, 0x6e, 0x74, 0x5f, 0x70, 0x6f, 0x73, 0x74, 0x28, 0x75, 0x72, 
    0x6c, 0x3a, 0x20, 0x73, 0x74, 0x72, 0x69, 0x6e, 0x67, 0x2c, 0x20, 0x62, 0x6f, 0x64, 0x79, 0x3a, 
    0x20, 0x73, 0x74, 0x72, 0x69, 0x6e, 0x67, 0x29, 0x20, 0x2d, 0x3e, 0x20, 0x73, 0x74, 0x72, 0x69, 
    0x6e, 0x67, 0x0a, 0x60, 0x60, 0x60, 0x0a, 0x0a, 0x23, 0x23, 0x20, 0x44, 0x61, 0x74, 0x65, 0x54, 
    0x69, 0x6d, 0x65, 0x20, 0x28, 0x60, 0x69, 0x6e, 0x74, 0x65, 0x72, 0x66, 0x61, 0x63, 0x65, 0x5f, 
    0x64, 0x61, 0x74, 0x65, 0x74, 0x69, 0x6d, 0x65, 0x2e, 0x6b, 0x79, 0x6c, 0x60, 0x29, 0x0a, 0x0a, 
    0x60, 0x60, 0x60, 0x6b, 0x75, 0x79, 0x69, 0x6c, 0x0a, 0x64, 0x61, 0x74, 0x65, 0x5f, 0x6e, 0x6f, 
    0x77, 0x28, 0x29, 0x20, 0x2d, 0x3e, 0x20, 0x6e, 0x75, 0x6d, 0x62, 0x65, 0x72, 0x0a, 0x64, 0x61, 
    0x74, 0x65, 0x5f, 0x63, 0x75, 0x72, 0x72, 0x65, 0x6e, 0x74, 0x28, 0x29, 0x20, 0x2d, 0x3e, 0x20, 
    0x73, 0x74, 0x72, 0x69, 0x6e, 0x67, 0x0a, 0x64, 0x61, 0x74, 0x65, 0x74, 0x69, 0x6d, 0x65, 0x5f, 
    0x6e, 0x6f, 0x77, 0x28, 0x29, 0x20, 0x2d, 0x3e, 0x20, 0x6e, 0x75, 0x6d, 0x62, 0x65, 0x72, 0x0a, 
    0x64, 0x61, 0x74, 0x65, 0x74, 0x69, 0x6d, 0x65, 0x5f, 0x63, 0x75, 0x72, 0x72, 0x65, 0x6e, 0x74, 
    0x28, 0x29, 0x20, 0x2d, 0x3e, 0x20, 0x73, 0x74, 0x72, 0x69, 0x6e, 0x67, 0x0a, 0x64, 0x61, 0x74, 
    0x65, 0x5f, 0x61, 0x64, 0x64, 0x28, 0x74, 0x69, 0x6d, 0x65, 0x73, 0x74, 0x61, 0x6d, 0x70, 0x3a, 
    0x20, 0x6e, 0x75, 0x6d, 0x62, 0x65, 0x72, 0x2c, 0x20, 0x73, 0x65, 0x63, 0x6f, 0x6e, 0x64, 0x73, 
    0x3a, 0x20, 0x6e, 0x75, 0x6d, 0x62, 0x65, 0x72, 0x29, 0x20, 0x2d, 0x3e, 0x20, 0x6e, 0x75, 0x6d, 
    0x62, 0x65, 0x72, 0x0a, 0x64, 0x61, 0x74, 0x65, 0x5f, 0x73, 0x75, 0x62, 0x28, 0x74, 0x69, 0x6d, 
    0x65, 0x73, 0x74, 0x61, 0x6d, 0x70, 0x3a, 0x20, 0x6e, 0x75, 0x6d, 0x62, 0x65, 0x72, 0x2c, 0x20, 
    0x73, 0x65, 0x63, 0x6f, 0x6e, 0x64, 0x73, 0x3a, 0x20, 0x6e, 0x75, 0x6d, 0x62, 0x65, 0x72, 0x29, 
    0x20, 0x2d, 0x3e, 0x20, 0x6e, 0x75, 0x6d, 0x62, 0x65, 0x72, 0x0a, 0x64, 0x61, 0x74, 0x65, 0x5f, 
    0x64, 0x69, 0x66, 0x66, 0x28, 0x74, 0x69, 0x6d, 0x65, 0x73, 0x74, 0x61, 0x6d, 0x70, 0x31, 0x3a, 
    0x20, 0x6e, 0x75, 0x6d, 0x62, 0x65, 0x72, 0x2c, 0x20, 0x74, 0x69, 0x6d, 0x65, 0x73, 0x74, 0x61, 
    0x6d, 0x70, 0x32, 0x3a, 0x20, 0x6e, 0x75, 0x6d, 0x62, 0x65, 0x72, 0x29, 0x20, 0x2d, 0x3e, 0x20, 
    0x6e, 0x75, 0x6d, 0x62, 0x65, 0x72, 0x0a, 0x64, 0x61, 0x74, 0x65, 0x5f, 0x75, 0x6e, 0x69, 0x78, 
    0x28, 0x74, 0x69, 0x6d, 0x65, 0x73, 0x74, 0x61, 0x6d, 0x70, 0x3a, 0x20, 0x6e, 0x75, 0x6d, 0x62, 
    0x65, 0x72, 0x29, 0x20, 0x2d, 0x3e, 0x20, 0x6e, 0x75, 0x6d, 0x62, 0x65, 0x72, 0x0a, 0x64, 0x61, 
    0x74, 0x65, 0x5f, 0x66, 0x72, 0x6f, 0x6d, 0x5f, 0x75, 0x6e, 0x69, 0x78, 0x28, 0x75, 0x6e, 0x69, 
    0x78, 0x3a, 0x20, 0x6e, 0x75, 0x6d, 0x62, 0x65, 0x72, 0x29, 0x20, 0x2d, 0x3e, 0x20, 0x6e, 0x75, 
    0x6d, 0x62, 0x65, 0x72, 0x0a, 0x64, 0x61, 0x74, 0x65, 0x5f, 0x69, 0x73, 0x6f, 0x28, 0x74, 0x69, 
    0x6d, 0x65, 0x73, 0x74, 0x61, 0x6d, 0x70, 0x3a, 0x20, 0x6e, 0x75, 0x6d, 0x62, 0x65, 0x72, 0x29, 
    0x20, 0x2d, 0x3e, 0x20, 0x73, 0x74, 0x72, 0x69, 0x6e, 0x67, 0x0a, 0x64, 0x61, 0x74, 0x65, 0x5f, 
    0x66, 0x6f, 0x72, 0x6d, 0x61, 0x74, 0x28, 0x74, 0x69, 0x6d, 0x65, 0x73, 0x74, 0x61, 0x6d, 0x70, 
    0x3a, 0x20, 0x6e, 0x75, 0x6d, 0x62, 0x65, 0x72, 0x2c, 0x20, 0x66, 0x6f, 0x72, 0x6d, 0x61, 0x74, 
    0x3a, 0x20, 0x73, 0x74, 0x72, 0x69, 0x6e, 0x67, 0x29, 0x20, 0x2d, 0x3e, 0x20, 0x73, 0x74, 0x72, 
    0x69, 0x6e, 0x67, 0x0a, 0x60, 0x60, 0x60, 0x0a, 0x0a, 0x23, 0x23, 0x20, 0x43, 0x72, 0x79, 0x70, 
    0x74, 0x6f, 0x20, 0x28, 0x60, 0x69, 0x6e, 0x74, 0x65, 0x72, 0x66, 0x61, 0x63, 0x65, 0x5f, 0x63, 
    0x72, 0x79, 0x70, 0x74, 0x6f, 0x2e, 0x6b, 0x79, 0x6c, 0x60, 0x29, 0x0a, 0x0a, 0x60, 0x60, 0x60, 
    0x6b, 0x75, 0x79, 0x69, 0x6c, 0x0a, 0x63, 0x72, 0x79, 0x70, 0x74, 0x6f, 0x5f, 0x6d, 0x64, 0x35, 
    0x28, 0x69, 0x6e, 0x70, 0x75, 0x74, 0x3a, 0x20, 0x73, 0x74, 0x72, 0x69, 0x6e, 0x67, 0x29, 0x20, 
    0x2d, 0x3e, 0x20, 0x73, 0x74, 0x72, 0x69, 0x6e, 0x67, 0x0a, 0x63, 0x72, 0x79, 0x70, 0x74, 0x6f, 
    0x5f, 0x73, 0x68, 0x61, 0x32, 0x35, 0x36, 0x28, 0x69, 0x6e, 0x70, 0x75, 0x74, 0x3a, 0x20, 0x73, 
    0x74, 0x72, 0x69, 0x6e, 0x67, 0x29, 0x20, 0x2d, 0x3e, 0x20, 0x73, 0x74, 0x72, 0x69, 0x6e, 0x67, 
    0x0a, 0x63, 0x72, 0x79, 0x70, 0x74, 0x6f, 0x5f, 0x73, 0x68, 0x61, 0x35, 0x31, 0x32, 0x28, 0x69, 
    0x6e, 0x70, 0x75, 0x74, 0x3a, 0x20, 0x73, 0x74, 0x72, 0x69, 0x6e, 0x67, 0x29, 0x20, 0x2d, 0x3e, 
    0x20, 0x73, 0x74, 0x72, 0x69, 0x6e, 0x67, 0x0a, 0x63, 0x72, 0x79, 0x70, 0x74, 0x6f, 0x5f, 0x62, 
    0x6c, 0x61, 0x6b, 0x65, 0x32, 0x62, 0x28, 0x69, 0x6e, 0x70, 0x75, 0x74, 0x3a, 0x20, 0x73, 0x74, 
    0x72, 0x69, 0x6e, 0x67, 0x29, 0x20, 0x2d, 0x3e, 0x20, 0x73, 0x74, 0x72, 0x69, 0x6e, 0x67, 0x0a, 
    0x63, 0x72, 0x79, 0x70, 0x74, 0x6f, 0x5f, 0x68, 0x6d, 0x61, 0x63, 0x5f, 0x73, 0x68, 0x61, 0x32, 
    0x35, 0x36, 0x28, 0x6d, 0x65, 0x73, 0x73, 0x61, 0x67, 0x65, 0x3a, 0x20, 0x73, 0x74, 0x72, 0x69, 
    0x6e, 0x67, 0x2c, 0x20, 0x6b, 0x65, 0x79, 0x3a, 0x20, 0x73, 0x74, 0x72, 0x69, 0x6e, 0x67, 0x29, 
    0x20, 0x2d, 0x3e, 0x20, 0x73, 0x74, 0x72, 0x69, 0x6e, 0x67, 0x0a, 0x63, 0x72, 0x79, 0x70, 0x74, 
    0x6f, 0x5f, 0x62, 0x61, 0x73, 0x65, 0x36, 0x34, 0x5f, 0x65, 0x6e, 0x63, 0x6f, 0x64, 0x65, 0x28, 
    0x69, 0x6e, 0x70, 0x75, 0x74, 0x3a, 0x20, 0x73, 0x74, 0x72, 0x69, 0x6e, 0x67, 0x29, 0x20, 0x2d, 
    0x3e, 0x20, 0x73, 0x74, 0x72, 0x69, 0x6e, 0x67, 0x0a, 0x63, 0x72, 0x79, 0x70, 0x74, 0x6f, 0x5f, 
    0x62, 0x61, 0x73, 0x65, 0x36, 0x34, 0x5f, 0x64, 0x65, 0x63, 0x6f, 0x64, 0x65, 0x28, 0x69, 0x6e, 
    0x70, 0x75, 0x74, 0x3a, 0x20, 0x73, 0x74, 0x72, 0x69, 0x6e, 0x67, 0x29, 0x20, 0x2d, 0x3e, 0x20, 
    0x73, 0x74, 0x72, 0x69, 0x6e, 0x67, 0x0a, 0x63, 0x72, 0x79, 0x70, 0x74, 0x6f, 0x5f, 0x72, 0x61, 
    0x6e, 0x64, 0x6f, 0x6d, 0x5f, 0x68, 0x65, 0x78, 0x28, 0x6c, 0x65, 0x6e, 0x67, 0x74, 0x68, 0x3a, 
    0x20, 0x6e, 0x75, 0x6d, 0x62, 0x65, 0x72, 0x29, 0x20, 0x2d, 0x3e, 0x20, 0x73, 0x74, 0x72, 0x69, 
    0x6e, 0x67, 0x0a, 0x63, 0x72, 0x79, 0x70, 0x74, 0x6f, 0x5f, 0x67, 0x65, 0x6e, 0x65, 0x72, 0x61, 
    0x74, 0x65, 0x5f, 0x75, 0x75, 0x69, 0x64, 0x28, 0x29, 0x20, 0x2d, 0x3e, 0x20, 0x73, 0x74, 0x72, 
    0x69, 0x6e, 0x67, 0x0a, 0x63, 0x72, 0x79, 0x70, 0x74, 0x6f, 0x5f, 0x67, 0x65, 0x6e, 0x65, 0x72, 
    0x61, 0x74, 0x65, 0x5f, 0x74, 0x6f, 0x6b, 0x65, 0x6e, 0x28, 0x6c, 0x65, 0x6e, 0x67, 0x74, 0x68, 
    0x3a, 0x20, 0x6e, 0x75, 0x6d, 0x62, 0x65, 0x72, 0x29, 0x20, 0x2d, 0x3e, 0x20, 0x73, 0x74, 0x72, 
    0x69, 0x6e, 0x67, 0x0a, 0x60, 0x60, 0x60, 0x0a, 0x0a, 0x23, 0x23, 0x20, 0x53, 0x51, 0x4c, 0x69, 
    0x74, 0x65, 0x20, 0x28, 0x60, 0x69, 0x6e, 0x74, 0x65, 0x72, 0x66, 0x61, 0x63, 0x65, 0x5f, 0x73, 
    0x71, 0x6c, 0x69, 0x74, 0x65, 0x2e, 0x6b, 0x79, 0x6c, 0x60, 0x29, 0x0a, 0x0a, 0x60, 0x60, 0x60, 
    0x6b, 0x75, 0x79, 0x69, 0x6c, 0x0a, 0x6f, 0x70, 0x65, 0x6e, 0x5f, 0x64, 0x61, 0x74, 0x61, 0x62, 
    0x61, 0x73, 0x65, 0x28, 0x70, 0x61, 0x74, 0x68, 0x3a, 0x20, 0x73, 0x74, 0x72, 0x69, 0x6e, 0x67, 
    0x29, 0x20, 0x2d, 0x3e, 0x20, 0x6e, 0x75, 0x6d, 0x62, 0x65, 0x72, 0x0a, 0x63, 0x6c, 0x6f, 0x73, 
    0x65, 0x5f, 0x64, 0x61, 0x74, 0x61, 0x62, 0x61, 0x73, 0x65, 0x28, 0x64, 0x62, 0x3a, 0x20, 0x6e, 
    0x75, 0x6d, 0x62, 0x65, 0x72, 0x29, 0x20, 0x2d, 0x3e, 0x20, 0x62, 0x6f, 0x6f, 0x6c, 0x0a, 0x65, 
    0x78, 0x65, 0x63, 0x75, 0x74, 0x65, 0x5f, 0x73, 0x71, 0x6c, 0x28, 0x64, 0x62, 0x3a, 0x20, 0x6e, 
    0x75, 0x6d, 0x62, 0x65, 0x72, 0x2c, 0x20, 0x73, 0x71, 0x6c, 0x3a, 0x20, 0x73, 0x74, 0x72, 0x69, 
    0x6e, 0x67, 0x29, 0x20, 0x2d, 0x3e, 0x20, 0x62, 0x6f, 0x6f, 0x6c, 0x0a, 0x65, 0x78, 0x65, 0x63, 
    0x75, 0x74, 0x65, 0x5f, 0x71, 0x75, 0x65, 0x72, 0x79, 0x28, 0x64, 0x62, 0x3a, 0x20, 0x6e, 0x75, 
    0x6d, 0x62, 0x65, 0x72, 0x2c, 0x20, 0x73, 0x71, 0x6c, 0x3a, 0x20, 0x73, 0x74, 0x72, 0x69, 0x6e, 
    0x67, 0x29, 0x20, 0x2d, 0x3e, 0x20, 0x6e, 0x75, 0x6d, 0x62, 0x65, 0x72, 0x0a, 0x72, 0x65, 0x73, 
    0x75, 0x6c, 0x74, 0x5f, 0x66, 0x69, 0x72, 0x73, 0x74, 0x5f, 0x72, 0x6f, 0x77, 0x28, 0x72, 0x65, 
    0x73, 0x75, 0x6c, 0x74, 0x3a, 0x20, 0x6e, 0x75, 0x6d, 0x62, 0x65, 0x72, 0x29, 0x20, 0x2d, 0x3e, 
    0x20, 0x6e, 0x75, 0x6d, 0x62, 0x65, 0x72, 0x0a, 0x72, 0x65, 0x73, 0x75, 0x6c, 0x74, 0x5f, 0x6e, 
    0x65, 0x78, 0x74, 0x5f, 0x72, 0x6f, 0x77, 0x28, 0x72, 0x65, 0x73, 0x75, 0x6c, 0x74, 0x3a, 0x20, 
    0x6e, 0x75, 0x6d, 0x62, 0x65, 0x72, 0x29, 0x20, 0x2d, 0x3e, 0x20, 0x6e, 0x75, 0x6d, 0x62, 0x65, 
    0x72, 0x0a, 0x72, 0x6f, 0x77, 0x5f, 0x67, 0x65, 0x74, 0x5f, 0x69, 0x6e, 0x74, 0x28, 0x72, 0x6f, 
    0x77, 0x3a, 0x20, 0x6e, 0x75, 0x6d, 0x62, 0x65, 0x72, 0x2c, 0x20, 0x69, 0x6e, 0x64, 0x65, 0x78, 
    0x3a, 0x20, 0x6e, 0x75, 0x6d, 0x62, 0x65, 0x72, 0x29, 0x20, 0x2d, 0x3e, 0x20, 0x6e, 0x75, 0x6d, 
    0x62, 0x65, 0x72, 0x0a, 0x72, 0x6f, 0x77, 0x5f, 0x67, 0x65, 0x74, 0x5f, 0x74, 0x65, 0x78, 0x74, 
    0x28, 0x72, 0x6f, 0x77, 0x3a, 0x20, 0x6e, 0x75, 0x6d, 0x62, 0x65, 0x72, 0x2c, 0x20, 0x69, 0x6e, 
    0x64, 0x65, 0x78, 0x3a, 0x20, 0x6e, 0x75, 0x6d, 0x62, 0x65, 0x72, 0x29, 0x20, 0x2d, 0x3e, 0x20, 
    0x73, 0x74, 0x72, 0x69, 0x6e, 0x67, 0x0a, 0x72, 0x6f, 0x77, 0x5f, 0x67, 0x65, 0x74, 0x5f, 0x72, 
    0x65, 0x61, 0x6c, 0x28, 0x72, 0x6f, 0x77, 0x3a, 0x20, 0x6e, 0x75, 0x6d, 0x62, 0x65, 0x72, 0x2c, 
    0x20, 0x69, 0x6e, 0x64, 0x65, 0x78, 0x3a, 0x20, 0x6e, 0x75, 0x6d, 0x62, 0x65, 0x72, 0x29, 0x20, 
    0x2d, 0x3e, 0x20, 0x6e, 0x75, 0x6d, 0x62, 0x65, 0x72, 0x0a, 0x66, 0x72, 0x65, 0x65, 0x5f, 0x72, 
    0x65, 0x73, 0x75, 0x6c, 0x74, 0x28, 0x72, 0x65, 0x73, 0x75, 0x6c, 0x74, 0x3a, 0x20, 0x6e, 0x75, 
    0x6d, 0x62, 0x65, 0x72, 0x29, 0x20, 0x2d, 0x3e, 0x20, 0x62, 0x6f, 0x6f, 0x6c, 0x0a, 0x67, 0x65, 
    0x74, 0x5f, 0x6c, 0x61, 0x73, 0x74, 0x5f, 0x65, 0x72, 0x72, 0x6f, 0x72, 0x28, 0x29, 0x20, 0x2d, 
    0x3e, 0x20, 0x73, 0x74, 0x72, 0x69, 0x6e, 0x67, 0x0a, 0x60, 0x60, 0x60, 0x0a, 0x0a, 0x23, 0x23, 
    0x20, 0x46, 0x69, 0x6c, 0x65, 0x20, 0x49, 0x2f, 0x4f, 0x20, 0x28, 0x60, 0x69, 0x6e, 0x74, 0x65, 
    0x72, 0x66, 0x61, 0x63, 0x65, 0x5f, 0x66, 0x69, 0x6c, 0x65, 0x69, 0x6f, 0x2e, 0x6b, 0x79, 0x6c, 
    0x60, 0x29, 0x0a, 0x0a, 0x60, 0x60, 0x60, 0x6b, 0x75, 0x79, 0x69, 0x6c, 0x0a, 0x72, 0x65, 0x61, 
    0x64, 0x5f, 0x74, 0x65, 0x78, 0x74, 0x28, 0x70, 0x61, 0x74, 0x68, 0x3a, 0x20, 0x73, 0x74, 0x72, 
    0x69, 0x6e, 0x67, 0x29, 0x20, 0x2d, 0x3e, 0x20, 0x73, 0x74, 0x72, 0x69, 0x6e, 0x67, 0x0a, 0x72, 
    0x65, 0x61, 0x64, 0x5f, 0x63, 0x73, 0x76, 0x28, 0x70, 0x61, 0x74, 0x68, 0x3a, 0x20, 0x73, 0x74, 
    0x72, 0x69, 0x6e, 0x67, 0x29, 0x20, 0x2d, 0x3e, 0x20, 0x61, 0x72, 0x72, 0x61, 0x79, 0x0a, 0x72, 
    0x65, 0x61, 0x64, 0x5f, 0x6a, 0x73, 0x6f, 0x6e, 0x28, 0x70, 0x61, 0x74, 0x68, 0x3a, 0x20, 0x73, 
    0x74, 0x72, 0x69, 0x6e, 0x67, 0x29, 0x20, 0x2d, 0x3e, 0x20, 0x6f, 0x62, 0x6a, 0x65, 0x63, 0x74, 
    0x0a, 0x72, 0x65, 0x61, 0x64, 0x5f, 0x79, 0x61, 0x6d, 0x6c, 0x28, 0x70, 0x61, 0x74, 0x68, 0x3a, 
    0x20, 0x73, 0x74, 0x72, 0x69, 0x6e, 0x67, 0x29, 0x20, 0x2d, 0x3e, 0x20, 0x6f, 0x62, 0x6a, 0x65, 
    0x63, 0x74, 0x0a, 0x65, 0x78, 0x69, 0x73, 0x74, 0x73, 0x28, 0x70, 0x61, 0x74, 0x68, 0x3a, 0x20, 
    0x73, 0x74, 0x72, 0x69, 0x6e, 0x67, 0x29, 0x20, 0x2d, 0x3e, 0x20, 0x62, 0x6f, 0x6f, 0x6c, 0x0a, 
    0x73, 0x69, 0x7a, 0x65, 0x28, 0x70, 0x61, 0x74, 0x68, 0x3a, 0x20, 0x73, 0x74, 0x72, 0x69, 0x6e, 
    0x67, 0x29, 0x20, 0x2d, 0x3e, 0x20, 0x6e, 0x75, 0x6d, 0x62, 0x65, 0x72, 0x0a, 0x76, 0x61, 0x6c, 
    0x69, 0x64, 0x61, 0x74, 0x65, 0x28, 0x70, 0x61, 0x74, 0x68, 0x3a, 0x20, 0x73, 0x74, 0x72, 0x69, 
    0x6e, 0x67, 0x29, 0x20, 0x2d, 0x3e, 0x20, 0x62, 0x6f, 0x6f, 0x6c, 0x0a, 0x77, 0x72, 0x69, 0x74, 
    0x65, 0x5f, 0x74, 0x65, 0x78, 0x74, 0x28, 0x70, 0x61, 0x74, 0x68, 0x3a, 0x20, 0x73, 0x74, 0x72, 
    0x69, 0x6e, 0x67, 0x2c, 0x20, 0x63, 0x6f, 0x6e, 0x74, 0x65, 0x6e, 0x74, 0x3a, 0x20, 0x73, 0x74, 
    0x72, 0x69, 0x6e, 0x67, 0x29, 0x20, 0x2d, 0x3e, 0x20, 0x62, 0x6f, 0x6f, 0x6c, 0x0a, 0x60, 0x60, 
    0x60, 0x0a, 0x0a, 0x23, 0x23, 0x20, 0x52, 0x50, 0x43, 0x20, 0x28, 0x60, 0x69, 0x6e, 0x74, 0x65, 
    0x72, 0x66, 0x61, 0x63, 0x65, 0x5f, 0x72, 0x70, 0x63, 0x2e, 0x6b, 0x79, 0x6c, 0x60, 0x29, 0x0a, 
    0x0a, 0x23, 0x23, 0x23, 0x20, 0x43, 0x6c, 0x69, 0x65, 0x6e, 0x74, 0x20, 0x4f, 0x70, 0x65, 0x72, 
    0x61, 0x74, 0x69, 0x6f, 0x6e, 0x73, 0x0a, 0x60, 0x60, 0x60, 0x6b, 0x75, 0x79, 0x69, 0x6c, 0x0a, 
    0x72, 0x70, 0x63, 0x5f, 0x63, 0x72, 0x65, 0x61, 0x74, 0x65, 0x5f, 0x64, 0x65, 0x66, 0x61, 0x75, 
    0x6c, 0x74, 0x5f, 0x63, 0x6c, 0x69, 0x65, 0x6e, 0x74, 0x5f, 0x63, 0x6f, 0x6e, 0x66, 0x69, 0x67, 
    0x28, 0x29, 0x20, 0x2d, 0x3e, 0x20, 0x6e, 0x75, 0x6d, 0x62, 0x65, 0x72, 0x0a, 0x72, 0x70, 0x63, 
    0x5f, 0x63, 0x6c, 0x69, 0x65, 0x6e, 0x74, 0x5f, 0x63, 0x72, 0x65, 0x61, 0x74, 0x65, 0x28, 0x63, 
    0x6f, 0x6e, 0x66, 0x69, 0x67, 0x3a, 0x20, 0x6e, 0x75, 0x6d, 0x62, 0x65, 0x72, 0x29, 0x20, 0x2d, 
    0x3e, 0x20, 0x6e, 0x75, 0x6d, 0x62, 0x65, 0x72, 0x0a, 0x72, 0x70, 0x63, 0x5f, 0x63, 0x6c, 0x69, 
    0x65, 0x6e, 0x74, 0x5f, 0x63, 0x6f, 0x6e, 0x6e, 0x65, 0x63, 0x74, 0x28, 0x63, 0x6c, 0x69, 0x65, 
    0x6e, 0x74, 0x3a, 0x20, 0x6e, 0x75, 0x6d, 0x62, 0x65, 0x72, 0x29, 0x20, 0x2d, 0x3e, 0x20, 0x62, 
    0x6f, 0x6f, 0x6c, 0x0a, 0x72, 0x70, 0x63, 0x5f, 0x63, 0x6c, 0x69, 0x65, 0x6e, 0x74, 0x5f, 0x64, 
    0x69, 0x73, 0x63, 0x6f, 0x6e, 0x6e, 0x65, 0x63, 0x74, 0x28, 0x63, 0x6c, 0x69, 0x65, 0x6e, 0x74, 
    0x3a, 0x20, 0x6e, 0x75, 0x6d, 0x62, 0x65, 0x72, 0x29, 0x20, 0x2d, 0x3e, 0x20, 0x62, 0x6f, 0x6f, 
    0x6c, 0x0a, 0x72, 0x70, 0x63, 0x5f, 0x63, 0x6c, 0x69, 0x65, 0x6e, 0x74, 0x5f, 0x63, 0x61, 0x6c, 
    0x6c, 0x5f, 0x6d, 0x65, 0x74, 0x68, 0x6f, 0x64, 0x28, 0x63, 0x6c, 0x69, 0x65, 0x6e, 0x74, 0x3a, 
    0x20, 0x6e, 0x75, 0x6d, 0x62, 0x65, 0x72, 0x2c, 0x20, 0x6d, 0x65, 0x74, 0x68, 0x6f, 0x64, 0x3a, 
    0x20, 0x73, 0x74, 0x72, 0x69, 0x6e, 0x67, 0x2c, 0x20, 0x61, 0x72, 0x67, 0x73, 0x3a, 0x20, 0x73, 
    0x74, 0x72, 0x69, 0x6e, 0x67, 0x29, 0x20, 0x2d, 0x3e, 0x20, 0x73, 0x74, 0x72, 0x69, 0x6e, 0x67, 
    0x0a, 0x72, 0x70, 0x63, 0x5f, 0x63, 0x6c, 0x69, 0x65, 0x6e, 0x74, 0x5f, 0x69, 0x73, 0x5f, 0x63, 
    0x6f, 0x6e, 0x6e, 0x65, 0x63, 0x74, 0x65, 0x64, 0x28, 0x63, 0x6c, 0x69, 0x65, 0x6e, 0x74, 0x3a, 
    0x20, 0x6e, 0x75, 0x6d, 0x62, 0x65, 0x72, 0x29, 0x20, 0x2d, 0x3e, 0x20, 0x62, 0x6f, 0x6f, 0x6c, 
    0x0a, 0x72, 0x70, 0x63, 0x5f, 0x63, 0x6c, 0x69, 0x65, 0x6e, 0x74, 0x5f, 0x64, 0x65, 0x73, 0x74, 
    0x72, 0x6f, 0x79, 0x28, 0x63, 0x6c, 0x69, 0x65, 0x6e, 0x74, 0x3a, 0x20, 0x6e, 0x75, 0x6d, 0x62, 
    0x65, 0x72, 0x29, 0x20, 0x2d, 0x3e, 0x20, 0x62, 0x6f, 0x6f, 0x6c, 0x0a, 0x60, 0x60, 0x60, 0x0a, 
    0x0a, 0x23, 0x23, 0x23, 0x20, 0x53, 0x65, 0x72, 0x76, 0x65, 0x72, 0x20, 0x4f, 0x70, 0x65, 0x72, 
    0x61, 0x74, 0x69, 0x6f, 0x6e, 0x73, 0x0a, 0x60, 0x60, 0x60, 0x6b, 0x75, 0x79, 0x69, 0x6c, 0x0a, 
    0x72, 0x70, 0x63, 0x5f, 0x63, 0x72, 0x65, 0x61, 0x74, 0x65, 0x5f, 0x64, 0x65, 0x66, 0x61, 0x75, 
    0x6c, 0x74, 0x5f, 0x73, 0x65, 0x72, 0x76, 0x65, 0x72, 0x5f, 0x63, 0x6f, 0x6e, 0x66, 0x69, 0x67, 
    0x28, 0x29, 0x20, 0x2d, 0x3e, 0x20, 0x6e, 0x75, 0x6d, 0x62, 0x65, 0x72, 0x0a, 0x72, 0x70, 0x63, 
    0x5f, 0x73, 0x65, 0x72, 0x76, 0x65, 0x72, 0x5f, 0x63, 0x72, 0x65, 0x61, 0x74, 0x65, 0x28, 0x63, 
    0x6f, 0x6e, 0x66, 0x69, 0x67, 0x3a, 0x20, 0x6e, 0x75, 0x6d, 0x62, 0x65, 0x72, 0x29, 0x20, 0x2d, 
    0x3e, 0x20, 0x6e, 0x75, 0x6d, 0x62, 0x65, 0x72, 0x0a, 0x72, 0x70, 0x63, 0x5f, 0x73, 0x65, 0x72, 
    0x76, 0x65, 0x72, 0x5f, 0x73, 0x74, 0x61, 0x72, 0x74, 0x28, 0x73, 0x65, 0x72, 0x76, 0x65, 0x72, 
    0x3a, 0x20, 0x6e, 0x75, 0x6d, 0x62, 0x65, 0x72, 0x29, 0x20, 0x2d, 0x3e, 0x20, 0x62, 0x6f, 0x6f, 
    0x6c, 0x0a, 0x72, 0x70, 0x63, 0x5f, 0x73, 0x65, 0x72, 0x76, 0x65, 0x72, 0x5f, 0x73, 0x74, 0x6f, 
    0x70, 0x28, 0x73, 0x65, 0x72, 0x76, 0x65, 0x72, 0x3a, 0x20, 0x6e, 0x75, 0x6d, 0x62, 0x65, 0x72, 
    0x29, 0x20, 0x2d, 0x3e, 0x20, 0x62, 0x6f, 0x6f, 0x6c, 0x0a, 0x72, 0x70, 0x63, 0x5f, 0x73, 0x65, 
    0x72, 0x76, 0x65, 0x72, 0x5f, 0x72, 0x65, 0x67, 0x69, 0x73, 0x74, 0x65, 0x72, 0x5f, 0x6d, 0x65, 
    0x74, 0x68, 0x6f, 0x64, 0x28, 0x73, 0x65, 0x72, 0x76, 0x65, 0x72, 0x3a, 0x20, 0x6e, 0x75, 0x6d, 
    0x62, 0x65, 0x72, 0x2c, 0x20, 0x6e, 0x61, 0x6d, 0x65, 0x3a, 0x20, 0x73, 0x74, 0x72, 0x69, 0x6e, 
    0x67, 0x2c, 0x20, 0x68, 0x61, 0x6e, 0x64, 0x6c, 0x65, 0x72, 0x3a, 0x20, 0x73, 0x74, 0x72, 0x69, 
    0x6e, 0x67, 0x29, 0x20, 0x2d, 0x3e, 0x20, 0x62, 0x6f, 0x6f, 0x6c, 0x0a, 0x72, 0x70, 0x63, 0x5f, 
    0x73, 0x65, 0x72, 0x76, 0x65, 0x72, 0x5f, 0x69, 0x73, 0x5f, 0x72, 0x75, 0x6e, 0x6e, 0x69, 0x6e, 
    0x67, 0x28, 0x73, 0x65, 0x72, 0x76, 0x65, 0x72, 0x3a, 0x20, 0x6e, 0x75, 0x6d, 0x62, 0x65, 0x72, 
    0x29, 0x20, 0x2d, 0x3e, 0x20, 0x62, 0x6f, 0x6f, 0x6c, 0x0a, 0x72, 0x70, 0x63, 0x5f, 0x73, 0x65, 
    0x72, 0x76, 0x65, 0x72, 0x5f, 0x64, 0x65, 0x73, 0x74, 0x72, 0x6f, 0x79, 0x28, 0x73, 0x65, 0x72, 
    0x76, 0x65, 0x72, 0x3a, 0x20, 0x6e, 0x75, 0x6d, 0x62, 0x65, 0x72, 0x29, 0x20, 0x2d, 0x3e, 0x20, 
    0x62, 0x6f, 0x6f, 0x6c, 0x0a, 0x60, 0x60, 0x60, 0x0a, 0x0a, 0x23, 0x23, 0x20, 0x57, 0x65, 0x62, 
    0x56, 0x69, 0x65, 0x77, 0x20, 0x28, 0x60, 0x69, 0x6e, 0x74, 0x65, 0x72, 0x66, 0x61, 0x63, 0x65, 
    0x5f, 0x77, 0x65, 0x62, 0x76, 0x69, 0x65, 0x77, 0x2e, 0x6b, 0x79, 0x6c, 0x60, 0x29, 0x0a, 0x0a, 
    0x60, 0x60, 0x60, 0x6b, 0x75, 0x79, 0x69, 0x6c, 0x0a, 0x77, 0x65, 0x62, 0x76, 0x69, 0x65, 0x77, 
    0x5f, 0x69, 0x6e, 0x69, 0x74, 0x28, 0x29, 0x20, 0x2d, 0x3e, 0x20, 0x6e, 0x75, 0x6d, 0x62, 0x65, 
    0x72, 0x0a, 0x77, 0x65, 0x62, 0x76, 0x69, 0x65, 0x77, 0x5f, 0x63, 0x72, 0x65, 0x61, 0x74, 0x65, 
    0x28, 0x74, 0x69, 0x74, 0x6c, 0x65, 0x3a, 0x20, 0x73, 0x74, 0x72, 0x69, 0x6e, 0x67, 0x2c, 0x20, 
    0x77, 0x69, 0x64, 0x74, 0x68, 0x3a, 0x20, 0x6e, 0x75, 0x6d, 0x62, 0x65, 0x72, 0x2c, 0x20, 0x68, 
    0x65, 0x69, 0x67, 0x68, 0x74, 0x3a, 0x20, 0x6e, 0x75, 0x6d, 0x62, 0x65, 0x72, 0x29, 0x20, 0x2d, 
    0x3e, 0x20, 0x6e, 0x75, 0x6d, 0x62, 0x65, 0x72, 0x0a, 0x77, 0x65, 0x62, 0x76, 0x69, 0x65, 0x77, 
    0x5f, 0x6c, 0x6f, 0x61, 0x64, 0x5f, 0x68, 0x74, 0x6d, 0x6c, 0x28, 0x77, 0x65, 0x62, 0x76, 0x69, 
    0x65, 0x77, 0x3a, 0x20, 0x6e, 0x75, 0x6d, 0x62, 0x65, 0x72, 0x2c, 0x20, 0x68, 0x74, 0x6d, 0x6c, 
    0x3a, 0x20, 0x73, 0x74, 0x72, 0x69, 0x6e, 0x67, 0x29, 0x20, 0x2d, 0x3e, 0x20, 0x62, 0x6f, 0x6f, 
    0x6c, 0x0a, 0x77, 0x65, 0x62, 0x76, 0x69, 0x65, 0x77, 0x5f, 0x6c, 0x6f, 0x61, 0x64, 0x5f, 0x75, 
    0x72, 0x6c, 0x28, 0x77, 0x65, 0x62, 0x76, 0x69, 0x65, 0x77, 0x3a, 0x20, 0x6e, 0x75, 0x6d, 0x62, 
    0x65, 0x72, 0x2c, 0x20, 0x75, 0x72, 0x6c, 0x3a, 0x20, 0x73, 0x74, 0x72, 0x69, 0x6e, 0x67, 0x29, 
    0x20, 0x2d, 0x3e, 0x20, 0x62, 0x6f, 0x6f, 0x6c, 0x0a, 0x77, 0x65, 0x62, 0x76, 0x69, 0x65, 0x77, 
    0x5f, 0x72, 0x75, 0x6e, 0x28, 0x77, 0x65, 0x62, 0x76, 0x69, 0x65, 0x77, 0x3a, 0x20, 0x6e, 0x75, 
    0x6d, 0x62, 0x65, 0x72, 0x29, 0x20, 0x2d, 0x3e, 0x20, 0x62, 0x6f, 0x6f, 0x6c, 0x0a, 0x77, 0x65, 
    0x62, 0x76, 0x69, 0x65, 0x77, 0x5f, 0x73, 0x68, 0x6f, 0x77, 0x28, 0x77, 0x65, 0x62, 0x76, 0x69, 
    0x65, 0x77, 0x3a, 0x20, 0x6e, 0x75, 0x6d, 0x62, 0x65, 0x72, 0x29, 0x20, 0x2d, 0x3e, 0x20, 0x62, 
    0x6f, 0x6f, 0x6c, 0x0a, 0x77, 0x65, 0x62, 0x76, 0x69, 0x65, 0x77, 0x5f, 0x68, 0x69, 0x64, 0x65, 
    0x28, 0x77, 0x65, 0x62, 0x76, 0x69, 0x65, 0x77, 0x3a, 0x20, 0x6e, 0x75, 0x6d, 0x62, 0x65, 0x72, 
    0x29, 0x20, 0x2d, 0x3e, 0x20, 0x62, 0x6f, 0x6f, 0x6c, 0x0a, 0x77, 0x65, 0x62, 0x76, 0x69, 0x65, 
    0x77, 0x5f, 0x64, 0x65, 0x73, 0x74, 0x72, 0x6f, 0x79, 0x28, 0x77, 0x65, 0x62, 0x76, 0x69, 0x65, 
    0x77, 0x3a, 0x20, 0x6e, 0x75, 0x6d, 0x62, 0x65, 0x72, 0x29, 0x20, 0x2d, 0x3e, 0x20, 0x62, 0x6f, 
    0x6f, 0x6c, 0x0a, 0x77, 0x65, 0x62, 0x76, 0x69, 0x65, 0x77, 0x5f, 0x63, 0x6c, 0x65, 0x61, 0x6e, 
    0x75, 0x70, 0x28, 0x29, 0x20, 0x2d, 0x3e, 0x20, 0x62, 0x6f, 0x6f, 0x6c, 0x0a, 0x60, 0x60, 0x60, 
    0x0a, 0x0a, 0x23, 0x23, 0x20, 0x46, 0x46, 0x6d, 0x70, 0x65, 0x67, 0x20, 0x41, 0x75, 0x64, 0x69, 
    0x6f, 0x20, 0x28, 0x60, 0x69, 0x6e, 0x74, 0x65, 0x72, 0x66, 0x61, 0x63, 0x65, 0x5f, 0x66, 0x66, 
    0x6d, 0x70, 0x65, 0x67, 0x2e, 0x6b, 0x79, 0x6c, 0x60, 0x29, 0x0a, 0x0a, 0x60, 0x60, 0x60, 0x6b, 
    0x75, 0x79, 0x69, 0x6c, 0x0a, 0x61, 0x75, 0x64, 0x69, 0x6f, 0x5f, 0x65, 0x64, 0x69, 0x74, 0x6f, 
    0x72, 0x5f, 0x63, 0x72, 0x65, 0x61, 0x74, 0x65, 0x28, 0x29, 0x20, 0x2d, 0x3e, 0x20, 0x6e, 0x75, 
    0x6d, 0x62, 0x65, 0x72, 0x0a, 0x61, 0x75, 0x64, 0x69, 0x6f, 0x5f, 0x6c, 0x6f, 0x61, 0x64, 0x28, 
    0x70, 0x61, 0x74, 0x68, 0x3a, 0x20, 0x73, 0x74, 0x72, 0x69, 0x6e, 0x67, 0x29, 0x20, 0x2d, 0x3e, 
    0x20, 0x6e, 0x75, 0x6d, 0x62, 0x65, 0x72, 0x0a, 0x61, 0x75, 0x64, 0x69, 0x6f, 0x5f, 0x73, 0x61, 
    0x76, 0x65, 0x28, 0x73, 0x65, 0x67, 0x6d, 0x65, 0x6e, 0x74, 0x3a, 0x20, 0x6e, 0x75, 0x6d, 0x62, 
    0x65, 0x72, 0x2c, 0x20, 0x70, 0x61, 0x74, 0x68, 0x3a, 0x20, 0x73, 0x74, 0x72, 0x69, 0x6e, 0x67, 
    0x29, 0x20, 0x2d, 0x3e, 0x20, 0x62, 0x6f, 0x6f, 0x6c, 0x0a, 0x61, 0x75, 0x64, 0x69, 0x6f, 0x5f, 
    0x67, 0x65, 0x74, 0x5f, 0x64, 0x75, 0x72, 0x61, 0x74, 0x69, 0x6f, 0x6e, 0x28, 0x73, 0x65, 0x67, 
    0x6d, 0x65, 0x6e, 0x74, 0x3a, 0x20, 0x6e, 0x75, 0x6d, 0x62, 0x65, 0x72, 0x29, 0x20, 0x2d, 0x3e, 
    0x20, 0x6e, 0x75, 0x6d, 0x62, 0x65, 0x72, 0x0a, 0x61, 0x75, 0x64, 0x69, 0x6f, 0x5f, 0x74, 0x72, 
    0x69, 0x6d, 0x28, 0x73, 0x65, 0x67, 0x6d, 0x65, 0x6e, 0x74, 0x3a, 0x20, 0x6e, 0x75, 0x6d, 0x62, 
    0x65, 0x72, 0x2c, 0x20, 0x73, 0x74, 0x61, 0x72, 0x74, 0x3a, 0x20, 0x6e, 0x75, 0x6d, 0x62, 0x65, 
    0x72, 0x2c, 0x20, 0x65, 0x6e, 0x64, 0x3a, 0x20, 0x6e, 0x75, 0x6d, 0x62, 0x65, 0x72, 0x29, 0x20, 
    0x2d, 0x3e, 0x20, 0x6e, 0x75, 0x6d, 0x62, 0x65, 0x72, 0x0a, 0x61, 0x75, 0x64, 0x69, 0x6f, 0x5f, 
    0x66, 0x61, 0x64, 0x65, 0x5f, 0x69, 0x6e, 0x28, 0x73, 0x65, 0x67, 0x6d, 0x65, 0x6e, 0x74, 0x3a, 
    0x20, 0x6e, 0x75, 0x6d, 0x62, 0x65, 0x72, 0x2c, 0x20, 0x64, 0x75, 0x72, 0x61, 0x74, 0x69, 0x6f, 
    0x6e, 0x3a, 0x20, 0x6e, 0x75, 0x6d, 0x62, 0x65, 0x72, 0x29, 0x20, 0x2d, 0x3e, 0x20, 0x6e, 0x75, 
    0x6d, 0x62, 0x65, 0x72, 0x0a, 0x61, 0x75, 0x64, 0x69, 0x6f, 0x5f, 0x66, 0x61, 0x64, 0x65, 0x5f, 
    0x6f, 0x75, 0x74, 0x28, 0x73, 0x65, 0x67, 0x6d, 0x65, 0x6e, 0x74, 0x3a, 0x20, 0x6e, 0x75, 0x6d, 
    0x62, 0x65, 0x72, 0x2c, 0x20, 0x64, 0x75, 0x72, 0x61, 0x74, 0x69, 0x6f, 0x6e, 0x3a, 0x20, 0x6e, 
    0x75, 0x6d, 0x62, 0x65, 0x72, 0x29, 0x20, 0x2d, 0x3e, 0x20, 0x6e, 0x75, 0x6d, 0x62, 0x65, 0x72, 
    0x0a, 0x61, 0x75, 0x64, 0x69, 0x6f, 0x5f, 0x61, 0x64, 0x6a, 0x75, 0x73, 0x74, 0x5f, 0x76, 0x6f, 
    0x6c, 0x75, 0x6d, 0x65, 0x28, 0x73, 0x65, 0x67, 0x6d, 0x65, 0x6e, 0x74, 0x3a, 0x20, 0x6e, 0x75, 
    0x6d, 0x62, 0x65, 0x72, 0x2c, 0x20, 0x66, 0x61, 0x63, 0x74, 0x6f, 0x72, 0x3a, 0x20, 0x6e, 0x75, 
    0x6d, 0x62, 0x65, 0x72, 0x29, 0x20, 0x2d, 0x3e, 0x20, 0x6e, 0x75, 0x6d, 0x62, 0x65, 0x72, 0x0a, 
    0x61, 0x75, 0x64, 0x69, 0x6f, 0x5f, 0x6e, 0x6f, 0x72, 0x6d, 0x61, 0x6c, 0x69, 0x7a, 0x65, 0x28, 
    0x73, 0x65, 0x67, 0x6d, 0x65, 0x6e, 0x74, 0x3a, 0x20, 0x6e, 0x75, 0x6d, 0x62, 0x65, 0x72, 0x29, 
    0x20, 0x2d, 0x3e, 0x20, 0x6e, 0x75, 0x6d, 0x62, 0x65, 0x72, 0x0a, 0x61, 0x75, 0x64, 0x69, 0x6f, 
    0x5f, 0x63, 0x6f, 0x6e, 0x63, 0x61, 0x74, 0x28, 0x73, 0x65, 0x67, 0x6d, 0x65, 0x6e, 0x74, 0x73, 
    0x3a, 0x20, 0x61, 0x72, 0x72, 0x61, 0x79, 0x29, 0x20, 0x2d, 0x3e, 0x20, 0x6e, 0x75, 0x6d, 0x62, 
    0x65, 0x72, 0x0a, 0x61, 0x75, 0x64, 0x69, 0x6f, 0x5f, 0x6f, 0x76, 0x65, 0x72, 0x6c, 0x61, 0x79, 
    0x28, 0x62, 0x61, 0x73, 0x65, 0x3a, 0x20, 0x6e, 0x75, 0x6d, 0x62, 0x65, 0x72, 0x2c, 0x20, 0x6f, 
    0x76, 0x65, 0x72, 0x6c, 0x61, 0x79, 0x3a, 0x20, 0x6e, 0x75, 0x6d, 0x62, 0x65, 0x72, 0x2c, 0x20, 
    0x70, 0x6f, 0x73, 0x69, 0x74, 0x69, 0x6f, 0x6e, 0x3a, 0x20, 0x6e, 0x75, 0x6d, 0x62, 0x65, 0x72, 
    0x29, 0x20, 0x2d, 0x3e, 0x20, 0x6e, 0x75, 0x6d, 0x62, 0x65, 0x72, 0x0a, 0x61, 0x75, 0x64, 0x69, 
    0x6f, 0x5f, 0x65, 0x64, 0x69, 0x74, 0x6f, 0x72, 0x5f, 0x64, 0x65, 0x73, 0x74, 0x72, 0x6f, 0x79, 
    0x28, 0x65, 0x64, 0x69, 0x74, 0x6f, 0x72, 0x3a, 0x20, 0x6e, 0x75, 0x6d, 0x62, 0x65, 0x72, 0x29, 
    0x20, 0x2d, 0x3e, 0x20, 0x62, 0x6f, 0x6f, 0x6c, 0x0a, 0x60, 0x60, 0x60, 0x0a, 0x0a, 0x23, 0x23, 
    0x20, 0x43, 0x6f, 0x6d, 0x70, 0x72, 0x65, 0x73, 0x73, 0x69, 0x6f, 0x6e, 0x20, 0x28, 0x60, 0x69, 
    0x6e, 0x74, 0x65, 0x72, 0x66, 0x61, 0x63, 0x65, 0x5f, 0x74, 0x72, 0x61, 0x6e, 0x73, 0x63, 0x6f, 
    0x64, 0x65, 0x72, 0x2e, 0x6b, 0x79, 0x6c, 0x60, 0x29, 0x0a, 0x0a, 0x60, 0x60, 0x60, 0x6b, 0x75, 
    0x79, 0x69, 0x6c, 0x0a, 0x2f, 0x2f, 0x20, 0x43, 0x6f, 0x6d, 0x70, 0x72, 0x65, 0x73, 0x73, 0x69, 
    0x6f, 0x6e, 0x0a, 0x63, 0x6f, 0x6d, 0x70, 0x72, 0x65, 0x73, 0x73, 0x2e, 0x67, 0x7a, 0x69, 0x70, 
    0x28, 0x69, 0x6e, 0x70, 0x75, 0x74, 0x3a, 0x20, 0x73, 0x74, 0x72, 0x69, 0x6e, 0x67, 0x29, 0x20, 
    0x2d, 0x3e, 0x20, 0x73, 0x74, 0x72, 0x69, 0x6e, 0x67, 0x0a, 0x63, 0x6f, 0x6d, 0x70, 0x72, 0x65, 
    0x73, 0x73, 0x2e, 0x7a, 0x69, 0x70, 0x28, 0x69, 0x6e, 0x70, 0x75, 0x74, 0x3a, 0x20, 0x73, 0x74, 
    0x72, 0x69, 0x6e, 0x67, 0x29, 0x20, 0x2d, 0x3e, 0x20, 0x73, 0x74, 0x72, 0x69, 0x6e, 0x67, 0x0a, 
    0x0a, 0x2f, 0x2f, 0x20, 0x44, 0x65, 0x63, 0x6f, 0x6d, 0x70, 0x72, 0x65, 0x73, 0x73, 0x69, 0x6f, 
    0x6e, 0x0a, 0x64, 0x65, 0x63, 0x6f, 0x6d, 0x70, 0x72, 0x65, 0x73, 0x73, 0x2e, 0x67, 0x7a, 0x69, 
    0x70, 0x28, 0x69, 0x6e, 0x70, 0x75, 0x74, 0x3a, 0x20, 0x73, 0x74, 0x72, 0x69, 0x6e, 0x67, 0x29, 
    0x20, 0x2d, 0x3e, 0x20, 0x73, 0x74, 0x72, 0x69, 0x6e, 0x67, 0x0a, 0x64, 0x65, 0x63, 0x6f, 0x6d, 
    0x70, 0x72, 0x65, 0x73, 0x73, 0x2e, 0x7a, 0x69, 0x70, 0x28, 0x69, 0x6e, 0x70, 0x75, 0x74, 0x3a, 
    0x20, 0x73, 0x74, 0x72, 0x69, 0x6e, 0x67, 0x29, 0x20, 0x2d, 0x3e, 0x20, 0x73, 0x74, 0x72, 0x69, 
    0x6e, 0x67, 0x0a, 0x0a, 0x2f, 0x2f, 0x20, 0x55, 0x74, 0x69, 0x6c, 0x69, 0x74, 0x69, 0x65, 0x73, 
    0x0a, 0x75, 0x6e, 0x7a, 0x69, 0x70, 0x2e, 0x74, 0x6f, 0x5f, 0x64, 0x69, 0x72, 0x65, 0x63, 0x74, 
    0x6f, 0x72, 0x79, 0x28, 0x7a, 0x69, 0x70, 0x50, 0x61, 0x74, 0x68, 0x3a, 0x20, 0x73, 0x74, 0x72, 
    0x69, 0x6e, 0x67, 0x29, 0x20, 0x2d, 0x3e, 0x20, 0x62, 0x6f, 0x6f, 0x6c, 0x0a, 0x60, 0x60, 0x60, 
    0x0a, 0x0a, 0x23, 0x23, 0x20, 0x55, 0x73, 0x61, 0x67, 0x65, 0x20, 0x50, 0x61, 0x74, 0x74, 0x65, 
    0x72, 0x6e, 0x73, 0x0a, 0x0a, 0x23, 0x23, 0x23, 0x20, 0x53, 0x69, 0x6e, 0x67, 0x6c, 0x65, 0x20, 
    0x4c, 0x69, 0x62, 0x72, 0x61, 0x72, 0x79, 0x0a, 0x60, 0x60, 0x60, 0x6b, 0x75, 0x79, 0x69, 0x6c, 
    0x0a, 0x69, 0x6d, 0x70, 0x6f, 0x72, 0x74, 0x28, 0x22, 0x2e, 0x2e, 0x2f, 0x69, 0x6e, 0x74, 0x65, 
    0x72, 0x66, 0x61, 0x63, 0x65, 0x73, 0x2f, 0x69, 0x6e, 0x74, 0x65, 0x72, 0x66, 0x61, 0x63, 0x65, 
    0x5f, 0x73, 0x74, 0x72, 0x2e, 0x6b, 0x79, 0x6c, 0x22, 0x29, 0x0a, 0x70, 0x72, 0x69, 0x6e, 0x74, 
    0x28, 0x75, 0x70, 0x70, 0x65, 0x72, 0x28, 0x22, 0x68, 0x65, 0x6c, 0x6c, 0x6f, 0x22, 0x29, 0x29, 
    0x0a, 0x60, 0x60, 0x60, 0x0a, 0x0a, 0x23, 0x23, 0x23, 0x20, 0x4d, 0x75, 0x6c, 0x74, 0x69, 0x70, 
    0x6c, 0x65, 0x20, 0x4c, 0x69, 0x62, 0x72, 0x61, 0x72, 0x69, 0x65, 0x73, 0x0a, 0x60, 0x60, 0x60, 
    0x6b, 0x75, 0x79, 0x69, 0x6c, 0x0a, 0x69, 0x6d, 0x70, 0x6f, 0x72, 0x74, 0x28, 0x22, 0x2e, 0x2e, 
    0x2f, 0x69, 0x6e, 0x74, 0x65, 0x72, 0x66, 0x61, 0x63, 0x65, 0x73, 0x2f, 0x69, 0x6e, 0x74, 0x65, 
    0x72, 0x66, 0x61, 0x63, 0x65, 0x5f, 0x73, 0x74, 0x72, 0x2e, 0x6b, 0x79, 0x6c, 0x22, 0x29, 0x0a, 
    0x69, 0x6d, 0x70, 0x6f, 0x72, 0x74, 0x28, 0x22, 0x2e, 0x2e, 0x2f, 0x69, 0x6e, 0x74, 0x65, 0x72, 
    0x66, 0x61, 0x63, 0x65, 0x73, 0x2f, 0x69, 0x6e, 0x74, 0x65, 0x72, 0x66, 0x61, 0x63, 0x65, 0x5f, 
    0x6d, 0x61, 0x74, 0x68, 0x2e, 0x6b, 0x79, 0x6c, 0x22, 0x29, 0x0a, 0x0a, 0x6c, 0x65, 0x74, 0x20, 
    0x74, 0x65, 0x78, 0x74, 0x20, 0x3d, 0x20, 0x22, 0x76, 0x61, 0x6c, 0x75, 0x65, 0x3a, 0x20, 0x22, 
    0x20, 0x2b, 0x20, 0x72, 0x6f, 0x75, 0x6e, 0x64, 0x28, 0x73, 0x71, 0x72, 0x74, 0x28, 0x31, 0x36, 
    0x29, 0x29, 0x0a, 0x70, 0x72, 0x69, 0x6e, 0x74, 0x28, 0x75, 0x70, 0x70, 0x65, 0x72, 0x28, 0x74, 
    0x65, 0x78, 0x74, 0x29, 0x29, 0x0a, 0x60, 0x60, 0x60, 0x0a, 0x0a, 0x23, 0x23, 0x23, 0x20, 0x4d, 
    0x69, 0x78, 0x65, 0x64, 0x20, 0x41, 0x6c, 0x69, 0x61, 0x73, 0x65, 0x73, 0x0a, 0x60, 0x60, 0x60, 
    0x6b, 0x75, 0x79, 0x69, 0x6c, 0x0a, 0x69, 0x6d, 0x70, 0x6f, 0x72, 0x74, 0x28, 0x22, 0x2e, 0x2e, 
    0x2f, 0x69, 0x6e, 0x74, 0x65, 0x72, 0x66, 0x61, 0x63, 0x65, 0x73, 0x2f, 0x69, 0x6e, 0x74, 0x65, 
    0x72, 0x66, 0x61, 0x63, 0x65, 0x5f, 0x73, 0x74, 0x72, 0x2e, 0x6b, 0x79, 0x6c, 0x22, 0x29, 0x0a, 
    0x0a, 0x2f, 0x2f, 0x20, 0x41, 0x6c, 0x6c, 0x20, 0x65, 0x71, 0x75, 0x69, 0x76, 0x61, 0x6c, 0x65, 
    0x6e, 0x74, 0x3a, 0x0a, 0x6c, 0x65, 0x6e, 0x67, 0x74, 0x68, 0x28, 0x22, 0x74, 0x65, 0x73, 0x74, 
    0x22, 0x29, 0x20, 0x20, 0x20, 0x20, 0x20, 0x20, 0x2f, 0x2f, 0x20, 0x55, 0x6e, 0x70, 0x72, 0x65, 
    0x66, 0x69, 0x78, 0x65, 0x64, 0x0a, 0x73, 0x74, 0x72, 0x5f, 0x6c, 0x65, 0x6e, 0x67, 0x74, 0x68, 
    0x28, 0x22, 0x74, 0x65, 0x73, 0x74, 0x22, 0x29, 0x20, 0x20, 0x2f, 0x2f, 0x20, 0x50, 0x72, 0x65, 
    0x66, 0x69, 0x78, 0x65, 0x64, 0x0a, 0x73, 0x74, 0x72, 0x2e, 0x6c, 0x65, 0x6e, 0x67, 0x74, 0x68, 
    0x28, 0x22, 0x74, 0x65, 0x73, 0x74, 0x22, 0x29, 0x20, 0x20, 0x2f, 0x2f, 0x20, 0x44, 0x6f, 0x74, 
    0x74, 0x65, 0x64, 0x0a, 0x60, 0x60, 0x60, 0x0a, 0x0a, 0x23, 0x23, 0x20, 0x49, 0x6e, 0x73, 0x74, 
    0x61, 0x6c, 0x6c, 0x61, 0x74, 0x69, 0x6f, 0x6e, 0x0a, 0x0a, 0x49, 0x6e, 0x74, 0x65, 0x72, 0x66, 
    0x61, 0x63, 0x65, 0x20, 0x66, 0x69, 0x6c, 0x65, 0x73, 0x20, 0x61, 0x72, 0x65, 0x20, 0x61, 0x6c, 
    0x72, 0x65, 0x61, 0x64, 0x79, 0x20, 0x69, 0x6e, 0x63, 0x6c, 0x75, 0x64, 0x65, 0x64, 0x20, 0x69, 
    0x6e, 0x20, 0x4b, 0x75, 0x79, 0x69, 0x6c, 0x20, 0x75, 0x6e, 0x64, 0x65, 0x72, 0x20, 0x60, 0x69, 
    0x6e, 0x74, 0x65, 0x72, 0x66, 0x61, 0x63, 0x65, 0x73, 0x2f, 0x60, 0x2e, 0x20, 0x4e, 0x6f, 0x20, 
    0x61, 0x64, 0x64, 0x69, 0x74, 0x69, 0x6f, 0x6e, 0x61, 0x6c, 0x20, 0x73, 0x65, 0x74, 0x75, 0x70, 
    0x20, 0x6e, 0x65, 0x65, 0x64, 0x65, 0x64, 0x21, 0x0a, 0x0a, 0x23, 0x23, 0x20, 0x53, 0x65, 0x65, 
    0x20, 0x46, 0x75, 0x6c, 0x6c, 0x20, 0x44, 0x6f, 0x63, 0x75, 0x6d, 0x65, 0x6e, 0x74, 0x61, 0x74, 
    0x69, 0x6f, 0x6e, 0x0a, 0x0a, 0x2d, 0x20, 0x5b, 0x49, 0x6e, 0x74, 0x65, 0x72, 0x66, 0x61, 0x63, 
    0x65, 0x20, 0x53, 0x79, 0x73, 0x74, 0x65, 0x6d, 0x20, 0x47, 0x75, 0x69, 0x64, 0x65, 0x5d, 0x28, 
    0x49, 0x4e, 0x54, 0x45, 0x52, 0x46, 0x41, 0x43, 0x45, 0x5f, 0x53, 0x59, 0x53, 0x54, 0x45, 0x4d, 
    0x5f, 0x47, 0x55, 0x49, 0x44, 0x45, 0x2e, 0x6d, 0x64, 0x29, 0x0a, 0x2d, 0x20, 0x5b, 0x46, 0x46, 
    0x49, 0x20, 0x53, 0x79, 0x73, 0x74, 0x65, 0x6d, 0x20, 0x47, 0x75, 0x69, 0x64, 0x65, 0x5d, 0x28, 
    0x46, 0x46, 0x49, 0x5f, 0x53, 0x59, 0x53, 0x54, 0x45, 0x4d, 0x5f, 0x47, 0x55, 0x49, 0x44, 0x45, 
    0x2e, 0x6d, 0x64, 0x29, 0x0a, 0x2d, 0x20, 0x5b, 0x4c, 0x61, 0x6e, 0x67, 0x75, 0x61, 0x67, 0x65, 
    0x20, 0x52, 0x65, 0x66, 0x65, 0x72, 0x65, 0x6e, 0x63, 0x65, 0x5d, 0x28, 0x6c, 0x61, 0x6e, 0x67, 
    0x75, 0x61, 0x67, 0x65, 0x2d, 0x72, 0x65, 0x66, 0x65, 0x72, 0x65, 0x6e, 0x63, 0x65, 0x2e, 0x6d, 
    0x64, 0x29, 0x0a, 
};

static const unsigned char embedded_interface_fileio_kyl_data[] = {
    0x2f, 0x2f, 0x20, 0x49, 0x6e, 0x74, 0x65, 0x72, 0x66, 0x61, 0x63, 0x65, 0x20, 0x66, 0x6f, 0x72, 
    0x20, 0x46, 0x69, 0x6c, 0x65, 0x20, 0x49, 0x2f, 0x4f, 0x20, 0x6c, 0x69, 0x62, 0x72, 0x61, 0x72, 
    0x79, 0x0a, 0x69, 0x6e, 0x74, 0x65, 0x72, 0x66, 0x61, 0x63, 0x65, 0x20, 0x66, 0x69, 0x6c, 0x65, 
    0x20, 0x66, 0x72, 0x6f, 0x6d, 0x20, 0x22, 0x6c, 0x69, 0x62, 0x73, 0x2f, 0x6c, 0x69, 0x62, 0x6b, 
    0x79, 0x6c, 0x66, 0x69, 0x6c, 0x65, 0x69, 0x6f, 0x2e, 0x73, 0x6f, 0x22, 0x20, 0x7b, 0x0a, 0x20, 
    0x20, 0x40, 0x61, 0x6c, 0x69, 0x61, 0x73, 0x28, 0x22, 0x72, 0x65, 0x61, 0x64, 0x54, 0x65, 0x78, 
    0x74, 0x22, 0x29, 0x0a, 0x20, 0x20, 0x73, 0x74, 0x72, 0x69, 0x6e, 0x67, 0x20, 0x66, 0x69, 0x6c, 
    0x65, 0x5f, 0x72, 0x65, 0x61, 0x64, 0x54, 0x65, 0x78, 0x74, 0x28, 0x70, 0x61, 0x74, 0x68, 0x3a, 
    0x20, 0x73, 0x74, 0x72, 0x69, 0x6e, 0x67, 0x29, 0x0a, 0x20, 0x20, 0x0a, 0x20, 0x20, 0x40, 0x61, 
    0x6c, 0x69, 0x61, 0x73, 0x28, 0x22, 0x72, 0x65, 0x61, 0x64, 0x43, 0x73, 0x76, 0x22, 0x29, 0x0a, 
    0x20, 0x20, 0x61, 0x72, 0x72, 0x61, 0x79, 0x20, 0x66, 0x69, 0x6c, 0x65, 0x5f, 0x72, 0x65, 0x61, 
    0x64, 0x43, 0x73, 0x76, 0x28, 0x70, 0x61, 0x74, 0x68, 0x3a, 0x20, 0x73, 0x74, 0x72, 0x69, 0x6e, 
    0x67, 0x29, 0x0a, 0x20, 0x20, 0x0a, 0x20, 0x20, 0x40, 0x61, 0x6c, 0x69, 0x61, 0x73, 0x28, 0x22, 
    0x72, 0x65, 0x61, 0x64, 0x4a, 0x73, 0x6f, 0x6e, 0x22, 0x29, 0x0a, 0x20, 0x20, 0x6f, 0x62, 0x6a, 
    0x65, 0x63, 0x74, 0x20, 0x66, 0x69, 0x6c, 0x65, 0x5f, 0x72, 0x65, 0x61, 0x64, 0x4a, 0x73, 0x6f, 
    0x6e, 0x28, 0x70, 0x61, 0x74, 0x68, 0x3a, 0x20, 0x73, 0x74, 0x72, 0x69, 0x6e, 0x67, 0x29, 0x0a, 
    0x20, 0x20, 0x0a, 0x20, 0x20, 0x40, 0x61, 0x6c, 0x69, 0x61, 0x73, 0x28, 0x22, 0x72, 0x65, 0x61, 
    0x64, 0x59, 0x61, 0x6d, 0x6c, 0x22, 0x29, 0x0a, 0x20, 0x20, 0x6f, 0x62, 0x6a, 0x65, 0x63, 0x74, 
    0x20, 0x66, 0x69, 0x6c, 0x65, 0x5f, 0x72, 0x65, 0x61, 0x64, 0x59, 0x61, 0x6d, 0x6c, 0x28, 0x70, 
    0x61, 0x74, 0x68, 0x3a, 0x20, 0x73, 0x74, 0x72, 0x69, 0x6e, 0x67, 0x29, 0x0a, 0x20, 0x20, 0x0a, 
    0x20, 0x20, 0x40, 0x61, 0x6c, 0x69, 0x61, 0x73, 0x28, 0x22, 0x65, 0x78, 0x69, 0x73, 0x74, 0x73, 
    0x22, 0x29, 0x0a, 0x20, 0x20, 0x62, 0x6f, 0x6f, 0x6c, 0x20, 0x66, 0x69, 0x6c, 0x65, 0x5f, 0x65, 
    0x78, 0x69, 0x73, 0x74, 0x73, 0x28, 0x70, 0x61, 0x74, 0x68, 0x3a, 0x20, 0x73, 0x74, 0x72, 0x69, 
    0x6e, 0x67, 0x29, 0x0a, 0x20, 0x20, 0x0a, 0x20, 0x20, 0x40, 0x61, 0x6c, 0x69, 0x61, 0x73, 0x28, 
    0x22, 0x73, 0x69, 0x7a, 0x65, 0x22, 0x29, 0x0a, 0x20, 0x20, 0x69, 0x6e, 0x74, 0x33, 0x32, 0x20, 
    0x66, 0x69, 0x6c, 0x65, 0x5f, 0x73, 0x69, 0x7a, 0x65, 0x28, 0x70, 0x61, 0x74, 0x68, 0x3a, 0x20, 
    0x73, 0x74, 0x72, 0x69, 0x6e, 0x67, 0x29, 0x0a, 0x20, 0x20, 0x0a, 0x20, 0x20, 0x40, 0x61, 0x6c, 
    0x69, 0x61, 0x73, 0x28, 0x22, 0x76, 0x61, 0x6c, 0x69, 0x64, 0x61, 0x74, 0x65, 0x22, 0x29, 0x0a, 
    0x20, 0x20, 0x62, 0x6f, 0x6f, 0x6c, 0x20, 0x66, 0x69, 0x6c, 0x65, 0x5f, 0x76, 0x61, 0x6c, 0x69, 
    0x64, 0x61, 0x74, 0x65, 0x28, 0x70, 0x61, 0x74, 0x68, 0x3a, 0x20, 0x73, 0x74, 0x72, 0x69, 0x6e, 
    0x67, 0x29, 0x0a, 0x20, 0x20, 0x0a, 0x20, 0x20, 0x40, 0x61, 0x6c, 0x69, 0x61, 0x73, 0x28, 0x22, 
    0x77, 0x72, 0x69, 0x74, 0x65, 0x54, 0x65, 0x78, 0x74, 0x22, 0x29, 0x0a, 0x20, 0x20, 0x62, 0x6f, 
    0x6f, 0x6c, 0x20, 0x66, 0x69, 0x6c, 0x65, 0x5f, 0x77, 0x72, 0x69, 0x74, 0x65, 0x54, 0x65, 0x78, 
    0x74, 0x28, 0x70, 0x61, 0x74, 0x68, 0x3a, 0x20, 0x73, 0x74, 0x72, 0x69, 0x6e, 0x67, 0x2c, 0x20, 
    0x63, 0x6f, 0x6e, 0x74, 0x65, 0x6e, 0x74, 0x3a, 0x20, 0x73, 0x74, 0x72, 0x69, 0x6e, 0x67, 0x29, 
    0x0a, 0x20, 0x20, 0x0a, 0x20, 0x20, 0x40, 0x61, 0x6c, 0x69, 0x61, 0x73, 0x28, 0x22, 0x69, 0x6e, 
    0x66, 0x6f, 0x22, 0x29, 0x0a, 0x20, 0x20, 0x6f, 0x62, 0x6a, 0x65, 0x63, 0x74, 0x20, 0x66, 0x69, 
    0x6c, 0x65, 0x5f, 0x69, 0x6e, 0x66, 0x6f, 0x28, 0x70, 0x61, 0x74, 0x68, 0x3a, 0x20, 0x73, 0x74, 
    0x72, 0x69, 0x6e, 0x67, 0x29, 0x0a, 0x7d, 0x0a, 
};

static const unsigned char embedded_interface_heapfs_kyl_data[] = {
    0x2f, 0x2f, 0x20, 0x48, 0x65, 0x61, 0x70, 0x46, 0x53, 0x20, 0x49, 0x6e, 0x74, 0x65, 0x72, 0x66, 
    0x61, 0x63, 0x65, 0x20, 0x2d, 0x20, 0x45, 0x6d, 0x62, 0x65, 0x64, 0x64, 0x65, 0x64, 0x20, 0x52, 
    0x65, 0x73, 0x6f, 0x75, 0x72, 0x63, 0x65, 0x20, 0x41, 0x63, 0x63, 0x65, 0x73, 0x73, 0x0a, 0x2f, 
    0x2f, 0x20, 0x50, 0x72, 0x6f, 0x76, 0x69, 0x64, 0x65, 0x73, 0x20, 0x61, 0x63, 0x63, 0x65, 0x73, 
    0x73, 0x20, 0x74, 0x6f, 0x20, 0x66, 0x69, 0x6c, 0x65, 0x73, 0x20, 0x65, 0x6d, 0x62, 0x65, 0x64, 
    0x64, 0x65, 0x64, 0x20, 0x69, 0x6e, 0x20, 0x74, 0x68, 0x65, 0x20, 0x62, 0x69, 0x6e, 0x61, 0x72, 
    0x79, 0x20, 0x61, 0x74, 0x20, 0x63, 0x6f, 0x6d, 0x70, 0x69, 0x6c, 0x65, 0x20, 0x74, 0x69, 0x6d, 
    0x65, 0x0a, 0x2f, 0x2f, 0x20, 0x54, 0x68, 0x65, 0x73, 0x65, 0x20, 0x61, 0x72, 0x65, 0x20, 0x73, 
    0x79, 0x73, 0x74, 0x65, 0x6d, 0x20, 0x66, 0x75, 0x6e, 0x63, 0x74, 0x69, 0x6f, 0x6e, 0x73, 0x20, 
    0x62, 0x75, 0x69, 0x6c, 0x74, 0x20, 0x69, 0x6e, 0x74, 0x6f, 0x20, 0x74, 0x68, 0x65, 0x20, 0x56, 
    0x4d, 0x20, 0x28, 0x6e, 0x6f, 0x20, 0x73, 0x68, 0x61, 0x72, 0x65, 0x64, 0x20, 0x6c, 0x69, 0x62, 
    0x72, 0x61, 0x72, 0x79, 0x20, 0x72, 0x65, 0x71, 0x75, 0x69, 0x72, 0x65, 0x64, 0x29, 0x0a, 0x2f, 
    0x2f, 0x20, 0x44, 0x4f, 0x20, 0x4e, 0x4f, 0x54, 0x20, 0x69, 0x6d, 0x70, 0x6f, 0x72, 0x74, 0x20, 
    0x74, 0x68, 0x69, 0x73, 0x20, 0x66, 0x69, 0x6c, 0x65, 0x20, 0x2d, 0x20, 0x63, 0x61, 0x6c, 0x6c, 
    0x20, 0x68, 0x65, 0x61, 0x70, 0x66, 0x73, 0x5f, 0x2a, 0x20, 0x66, 0x75, 0x6e, 0x63, 0x74, 0x69, 
    0x6f, 0x6e, 0x73, 0x20, 0x64, 0x69, 0x72, 0x65, 0x63, 0x74, 0x6c, 0x79, 0x0a, 
};

static const unsigned char embedded_interface_asyncio_kyl_data[] = {
    0x2f, 0x2f, 0x20, 0x41, 0x73, 0x79, 0x6e, 0x63, 0x20, 0x49, 0x2f, 0x4f, 0x20, 0x6c, 0x69, 0x62, 
    0x72, 0x61, 0x72, 0x79, 0x20, 0x2d, 0x20, 0x4e, 0x6f, 0x6e, 0x2d, 0x62, 0x6c, 0x6f, 0x63, 0x6b, 
    0x69, 0x6e, 0x67, 0x20, 0x48, 0x54, 0x54, 0x50, 0x20, 0x61, 0x6e, 0x64, 0x20, 0x66, 0x69, 0x6c, 
    0x65, 0x20, 0x6f, 0x70, 0x65, 0x72, 0x61, 0x74, 0x69, 0x6f, 0x6e, 0x73, 0x0a, 0x2f, 0x2f, 0x20, 
    0x41, 0x6c, 0x6c, 0x20, 0x6f, 0x70, 0x65, 0x72, 0x61, 0x74, 0x69, 0x6f, 0x6e, 0x73, 0x20, 0x72, 
    0x65, 0x74, 0x75, 0x72, 0x6e, 0x20, 0x61, 0x20, 0x72, 0x65, 0x71, 0x75, 0x65, 0x73, 0x74, 0x20, 
    0x49, 0x44, 0x20, 0x61, 0x6e, 0x64, 0x20, 0x65, 0x78, 0x65, 0x63, 0x75, 0x74, 0x65, 0x20, 0x61, 
    0x73, 0x79, 0x6e, 0x63, 0x68, 0x72, 0x6f, 0x6e, 0x6f, 0x75, 0x73, 0x6c, 0x79, 0x0a, 0x69, 0x6e, 
    0x74, 0x65, 0x72, 0x66, 0x61, 0x63, 0x65, 0x20, 0x61, 0x73, 0x79, 0x6e, 0x63, 0x69, 0x6f, 0x20, 
    0x66, 0x72, 0x6f, 0x6d, 0x20, 0x22, 0x6c, 0x69, 0x62, 0x73, 0x2f, 0x6c, 0x69, 0x62, 0x6b, 0x79, 
    0x6c, 0x61, 0x73, 0x79, 0x6e, 0x63, 0x69, 0x6f, 0x2e, 0x73, 0x6f, 0x22, 0x20, 0x7b, 0x0a, 0x20, 
    0x20, 0x2f, 0x2f, 0x20, 0x53, 0x75, 0x62, 0x6d, 0x69, 0x74, 0x20, 0x61, 0x73, 0x79, 0x6e, 0x63, 
    0x20, 0x48, 0x54, 0x54, 0x50, 0x20, 0x50, 0x4f, 0x53, 0x54, 0x20, 0x72, 0x65, 0x71, 0x75, 0x65, 
    0x73, 0x74, 0x0a, 0x20, 0x20, 0x2f, 0x2f, 0x20, 0x62, 0x6f, 0x64, 0x79, 0x3a, 0x20, 0x73, 0x74, 
    0x72, 0x69, 0x6e, 0x67, 0x20, 0x6f, 0x72, 0x20, 0x62, 0x79, 0x74, 0x65, 0x20, 0x61, 0x72, 0x72, 
    0x61, 0x79, 0x0a, 0x20, 0x20, 0x2f, 0x2f, 0x20, 0x52, 0x65, 0x74, 0x75, 0x72, 0x6e, 0x73, 0x20, 
    0x72, 0x65, 0x71, 0x75, 0x65, 0x73, 0x74, 0x20, 0x49, 0x44, 0x20, 0x28, 0x3e, 0x30, 0x29, 0x20, 
    0x6f, 0x72, 0x20, 0x2d, 0x31, 0x20, 0x6f, 0x6e, 0x20, 0x65, 0x72, 0x72, 0x6f, 0x72, 0x0a, 0x20, 
    0x20, 0x40, 0x61, 0x6c, 0x69, 0x61, 0x73, 0x28, 0x22, 0x68, 0x74, 0x74, 0x70, 0x50, 0x6f, 0x73, 
    0x74, 0x22, 0x29, 0x0a, 0x20, 0x20, 0x69, 0x6e, 0x74, 0x33, 0x32, 0x20, 0x61, 0x73, 0x79, 0x6e, 
    0x63, 0x69, 0x6f, 0x5f, 0x68, 0x74, 0x74, 0x70, 0x50, 0x6f, 0x73, 0x74, 0x28, 0x75, 0x72, 0x6c, 
    0x3a, 0x20, 0x73, 0x74, 0x72, 0x69, 0x6e, 0x67, 0x2c, 0x20, 0x62, 0x6f, 0x64, 0x79, 0x3a, 0x20, 
    0x61, 0x6e, 0x79, 0x29, 0x0a, 0x0a, 0x20, 0x20, 0x2f, 0x2f, 0x20, 0x53, 0x75, 0x62, 0x6d, 0x69, 
    0x74, 0x20, 0x61, 0x73, 0x79, 0x6e, 0x63, 0x20, 0x48, 0x54, 0x54, 0x50, 0x20, 0x47, 0x45, 0x54, 
    0x20, 0x72, 0x65, 0x71, 0x75, 0x65, 0x73, 0x74, 0x0a, 0x20, 0x20, 0x2f, 0x2f, 0x20, 0x52, 0x65, 
    0x74, 0x75, 0x72, 0x6e, 0x73, 0x20, 0x72, 0x65, 0x71, 0x75, 0x65, 0x73, 0x74, 0x20, 0x49, 0x44, 
    0x20, 0x28, 0x3e, 0x30, 0x29, 0x20, 0x6f, 0x72, 0x20, 0x2d, 0x31, 0x20, 0x6f, 0x6e, 0x20, 0x65, 
    0x72, 0x72, 0x6f, 0x72, 0x0a, 0x20, 0x20, 0x40, 0x61, 0x6c, 0x69, 0x61, 0x73, 0x28, 0x22, 0x68, 
    0x74, 0x74, 0x70, 0x47, 0x65, 0x74, 0x22, 0x29, 0x0a, 0x20, 0x20, 0x69, 0x6e, 0x74, 0x33, 0x32, 
    0x20, 0x61, 0x73, 0x79, 0x6e, 0x63, 0x69, 0x6f, 0x5f, 0x68, 0x74, 0x74, 0x70, 0x47, 0x65, 0x74, 
    0x28, 0x75, 0x72, 0x6c, 0x3a, 0x20, 0x73, 0x74, 0x72, 0x69, 0x6e, 0x67, 0x29, 0x0a, 0x20, 0x20, 
    0x0a, 0x20, 0x20, 0x2f, 0x2f, 0x20, 0x53, 0x75, 0x62, 0x6d, 0x69, 0x74, 0x20, 0x61, 0x73, 0x79, 
    0x6e, 0x63, 0x20, 0x48, 0x54, 0x54, 0x50, 0x20, 0x47, 0x45, 0x54, 0x20, 0x77, 0x69, 0x74, 0x68, 
    0x20, 0x68, 0x65, 0x61, 0x64, 0x65, 0x72, 0x73, 0x20, 0x61, 0x6e, 0x64, 0x20, 0x74, 0x69, 0x6d, 
    0x65, 0x6f, 0x75, 0x74, 0x73, 0x0a, 0x20, 0x20, 0x2f, 0x2f, 0x20, 0x68, 0x65, 0x61, 0x64, 0x65, 
    0x72, 0x73, 0x3a, 0x20, 0x61, 0x72, 0x72, 0x61, 0x79, 0x20, 0x6f, 0x66, 0x20, 0x73, 0x74, 0x72, 
    0x69, 0x6e, 0x67, 0x73, 0x20, 0x6c, 0x69, 0x6b, 0x65, 0x20, 0x5b, 0x22, 0x41, 0x75, 0x74, 0x68, 
    0x6f, 0x72, 0x69, 0x7a, 0x61, 0x74, 0x69, 0x6f, 0x6e, 0x3a, 0x20, 0x42, 0x65, 0x61, 0x72, 0x65, 
    0x72, 0x20, 0x78, 0x78, 0x78, 0x22, 0x2c, 0x20, 0x22, 0x41, 0x63, 0x63, 0x65, 0x70, 0x74, 0x3a, 
    0x20, 0x61, 0x70, 0x70, 0x6c, 0x69, 0x63, 0x61, 0x74, 0x69, 0x6f, 0x6e, 0x2f, 0x6a, 0x73, 0x6f, 
    0x6e, 0x22, 0x5d, 0x0a, 0x20, 0x20, 0x2f, 0x2f, 0x20, 0x74, 0x69, 0x6d, 0x65, 0x6f, 0x75, 0x74, 
    0x73, 0x20, 0x69, 0x6e, 0x20, 0x6d, 0x69, 0x6c, 0x6c, 0x69, 0x73, 0x65, 0x63, 0x6f, 0x6e, 0x64, 
    0x73, 0x20, 0x28, 0x30, 0x20, 0x3d, 0x20, 0x64, 0x65, 0x66, 0x61, 0x75, 0x6c, 0x74, 0x29, 0x0a, 
    0x20, 0x20, 0x40, 0x61, 0x6c, 0x69, 0x61, 0x73, 0x28, 0x22, 0x68, 0x74, 0x74, 0x70, 0x47, 0x65, 
    0x74, 0x45, 0x78, 0x22, 0x29, 0x0a, 0x20, 0x20, 0x69, 0x6e, 0x74, 0x33, 0x32, 0x20, 0x61, 0x73, 
    0x79, 0x6e, 0x63, 0x69, 0x6f, 0x5f, 0x68, 0x74, 0x74, 0x70, 0x47, 0x65, 0x74, 0x45, 0x78, 0x28, 
    0x75, 0x72, 0x6c, 0x3a, 0x20, 0x73, 0x74, 0x72, 0x69, 0x6e, 0x67, 0x2c, 0x20, 0x68, 0x65, 0x61, 
    0x64, 0x65, 0x72, 0x73, 0x3a, 0x20, 0x61, 0x6e, 0x79, 0x2c, 0x20, 0x64, 0x6e, 0x73, 0x5f, 0x74, 
    0x69, 0x6d, 0x65, 0x6f, 0x75, 0x74, 0x3a, 0x20, 0x69, 0x6e, 0x74, 0x33, 0x32, 0x2c, 0x20, 0x0a, 
    0x20, 0x20, 0x20, 0x20, 0x20, 0x20, 0x20, 0x20, 0x20, 0x20, 0x20, 0x20, 0x20, 0x20, 0x20, 0x20, 
    0x20, 0x20, 0x20, 0x20, 0x20, 0x20, 0x20, 0x20, 0x20, 0x20, 0x20, 0x63, 0x6f, 0x6e, 0x6e, 0x65, 
    0x63, 0x74, 0x5f, 0x74, 0x69, 0x6d, 0x65, 0x6f, 0x75, 0x74, 0x3a, 0x20, 0x69, 0x6e, 0x74, 0x33, 
    0x32, 0x2c, 0x20, 0x72, 0x65, 0x61, 0x64, 0x5f, 0x74, 0x69, 0x6d, 0x65, 0x6f, 0x75, 0x74, 0x3a, 
    0x20, 0x69, 0x6e, 0x74, 0x33, 0x32, 0x2c, 0x20, 0x77, 0x72, 0x69, 0x74, 0x65, 0x5f, 0x74, 0x69, 
    0x6d, 0x65, 0x6f, 0x75, 0x74, 0x3a, 0x20, 0x69, 0x6e, 0x74, 0x33, 0x32, 0x29, 0x0a, 0x20, 0x20, 
    0x0a, 0x20, 0x20, 0x2f, 0x2f, 0x20, 0x53, 0x75, 0x62, 0x6d, 0x69, 0x74, 0x20, 0x61, 0x73, 0x79, 
    0x6e, 0x63, 0x20, 0x48, 0x54, 0x54, 0x50, 0x20, 0x50, 0x4f, 0x53, 0x54, 0x20, 0x77, 0x69, 0x74, 
    0x68, 0x20, 0x68, 0x65, 0x61, 0x64, 0x65, 0x72, 0x73, 0x20, 0x61, 0x6e, 0x64, 0x20, 0x74, 0x69, 
    0x6d, 0x65, 0x6f, 0x75, 0x74, 0x73, 0x0a, 0x20, 0x20, 0x40, 0x61, 0x6c, 0x69, 0x61, 0x73, 0x28, 
    0x22, 0x68, 0x74, 0x74, 0x70, 0x50, 0x6f, 0x73, 0x74, 0x45, 0x78, 0x22, 0x29, 0x0a, 0x20, 0x20, 
    0x69, 0x6e, 0x74, 0x33, 0x32, 0x20, 0x61, 0x73, 0x79, 0x6e, 0x63, 0x69, 0x6f, 0x5f, 0x68, 0x74, 
    0x74, 0x70, 0x50, 0x6f, 0x73, 0x74, 0x45, 0x78, 0x28, 0x75, 0x72, 0x6c, 0x3a, 0x20, 0x73, 0x74, 
    0x72, 0x69, 0x6e, 0x67, 0x2c, 0x20, 0x62, 0x6f, 0x64, 0x79, 0x3a, 0x20, 0x61, 0x6e, 0x79, 0x2c, 
    0x20, 0x68, 0x65, 0x61, 0x64, 0x65, 0x72, 0x73, 0x3a, 0x20, 0x61, 0x6e, 0x79, 0x2c, 0x20, 0x0a, 
    0x20, 0x20, 0x20, 0x20, 0x20, 0x20, 0x20, 0x20, 0x20, 0x20, 0x20, 0x20, 0x20, 0x20, 0x20, 0x20, 
    0x20, 0x20, 0x20, 0x20, 0x20, 0x20, 0x20, 0x20, 0x20, 0x20, 0x20, 0x20, 0x64, 0x6e, 0x73, 0x5f, 
    0x74, 0x69, 0x6d, 0x65, 0x6f, 0x75, 0x74, 0x3a, 0x20, 0x69, 0x6e, 0x74, 0x33, 0x32, 0x2c, 0x20, 
    0x63, 0x6f, 0x6e, 0x6e, 0x65, 0x63, 0x74, 0x5f, 0x74, 0x69, 0x6d, 0x65, 0x6f, 0x75, 0x74, 0x3a, 
    0x20, 0x69, 0x6e, 0x74, 0x33, 0x32, 0x2c, 0x20, 0x0a, 0x20, 0x20, 0x20, 0x20, 0x20, 0x20, 0x20, 
    0x20, 0x20, 0x20, 0x20, 0x20, 0x20, 0x20, 0x20, 0x20, 0x20, 0x20, 0x20, 0x20, 0x20, 0x20, 0x20, 
    0x20, 0x20, 0x20, 0x20, 0x20, 0x72, 0x65, 0x61, 0x64, 0x5f, 0x74, 0x69, 0x6d, 0x65, 0x6f, 0x75, 
    0x74, 0x3a, 0x20, 0x69, 0x6e, 0x74, 0x33, 0x32, 0x2c, 0x20, 0x77, 0x72, 0x69, 0x74, 0x65, 0x5f, 
    0x74, 0x69, 0x6d, 0x65, 0x6f, 0x75, 0x74, 0x3a, 0x20, 0x69, 0x6e, 0x74, 0x33, 0x32, 0x29, 0x0a, 
    0x0a, 0x20, 0x20, 0x2f, 0x2f, 0x20, 0x57, 0x61, 0x69, 0x74, 0x20, 0x66, 0x6f, 0x72, 0x20, 0x61, 
    0x73, 0x79, 0x6e, 0x63, 0x20, 0x72, 0x65, 0x71, 0x75, 0x65, 0x73, 0x74, 0x20, 0x74, 0x6f, 0x20, 
    0x63, 0x6f, 0x6d, 0x70, 0x6c, 0x65, 0x74, 0x65, 0x20, 0x61, 0x6e, 0x64, 0x20, 0x67, 0x65, 0x74, 
    0x20, 0x72, 0x65, 0x73, 0x75, 0x6c, 0x74, 0x0a, 0x20, 0x20, 0x2f, 0x2f, 0x20, 0x74, 0x69, 0x6d, 
    0x65, 0x6f, 0x75, 0x74, 0x5f, 0x6d, 0x73, 0x3a, 0x20, 0x30, 0x20, 0x3d, 0x20, 0x77, 0x61, 0x69, 
    0x74, 0x20, 0x66, 0x6f, 0x72, 0x65, 0x76, 0x65, 0x72, 0x2c, 0x20, 0x3e, 0x30, 0x20, 0x3d, 0x20, 
    0x74, 0x69, 0x6d, 0x65, 0x6f, 0x75, 0x74, 0x20, 0x69, 0x6e, 0x20, 0x6d, 0x69, 0x6c, 0x6c, 0x69, 
    0x73, 0x65, 0x63, 0x6f, 0x6e, 0x64, 0x73, 0x0a, 0x20, 0x20, 0x2f, 0x2f, 0x20, 0x52, 0x65, 0x74, 
    0x75, 0x72, 0x6e, 0x73, 0x20, 0x62, 0x79, 0x74, 0x65, 0x20, 0x61, 0x72, 0x72, 0x61, 0x79, 0x20, 
    0x6f, 0x72, 0x20, 0x6e, 0x69, 0x6c, 0x20, 0x6f, 0x6e, 0x20, 0x65, 0x72, 0x72, 0x6f, 0x72, 0x2f, 
    0x74, 0x69, 0x6d, 0x65, 0x6f, 0x75, 0x74, 0x0a, 0x20, 0x20, 0x40, 0x61, 0x6c, 0x69, 0x61, 0x73, 
    0x28, 0x22, 0x77, 0x61, 0x69, 0x74, 0x52, 0x65, 0x73, 0x75, 0x6c, 0x74, 0x22, 0x29, 0x0a, 0x20, 
    0x20, 0x61, 0x6e, 0x79, 0x20, 0x61, 0x73, 0x79, 0x6e, 0x63, 0x69, 0x6f, 0x5f, 0x77, 0x61, 0x69, 
    0x74, 0x52, 0x65, 0x73, 0x75, 0x6c, 0x74, 0x28, 0x72, 0x65, 0x71, 0x75, 0x65, 0x73, 0x74, 0x49, 
    0x64, 0x3a, 0x20, 0x69, 0x6e, 0x74, 0x33, 0x32, 0x2c, 0x20, 0x74, 0x69, 0x6d, 0x65, 0x6f, 0x75, 
    0x74, 0x5f, 0x6d, 0x73, 0x3a, 0x20, 0x69, 0x6e, 0x74, 0x33, 0x32, 0x29, 0x0a, 0x0a, 0x20, 0x20, 
    0x2f, 0x2f, 0x20, 0x43, 0x68, 0x65, 0x63, 0x6b, 0x20, 0x69, 0x66, 0x20, 0x61, 0x73, 0x79, 0x6e, 
    0x63, 0x20, 0x72, 0x65, 0x71, 0x75, 0x65, 0x73, 0x74, 0x20, 0x69, 0x73, 0x20, 0x63, 0x6f, 0x6d, 
    0x70, 0x6c, 0x65, 0x74, 0x65, 0x20, 0x28, 0x6e, 0x6f, 0x6e, 0x2d, 0x62, 0x6c, 0x6f, 0x63, 0x6b, 
    0x69, 0x6e, 0x67, 0x29, 0x0a, 0x20, 0x20, 0x2f, 0x2f, 0x20, 0x52, 0x65, 0x74, 0x75, 0x72, 0x6e, 
    0x73, 0x20, 0x74, 0x72, 0x75, 0x65, 0x20, 0x69, 0x66, 0x20, 0x63, 0x6f, 0x6d, 0x70, 0x6c, 0x65, 
    0x74, 0x65, 0x64, 0x20, 0x28, 0x73, 0x75, 0x63, 0x63, 0x65, 0x73, 0x73, 0x20, 0x6f, 0x72, 0x20, 
    0x65, 0x72, 0x72, 0x6f, 0x72, 0x29, 0x2c, 0x20, 0x66, 0x61, 0x6c, 0x73, 0x65, 0x20, 0x69, 0x66, 
    0x20, 0x73, 0x74, 0x69, 0x6c, 0x6c, 0x20, 0x70, 0x65, 0x6e, 0x64, 0x69, 0x6e, 0x67, 0x0a, 0x20, 
    0x20, 0x40, 0x61, 0x6c, 0x69, 0x61, 0x73, 0x28, 0x22, 0x69, 0x73, 0x43, 0x6f, 0x6d, 0x70, 0x6c, 
    0x65, 0x74, 0x65, 0x22, 0x29, 0x0a, 0x20, 0x20, 0x62, 0x6f, 0x6f, 0x6c, 0x20, 0x61, 0x73, 0x79, 
    0x6e, 0x63, 0x69, 0x6f, 0x5f, 0x69, 0x73, 0x43, 0x6f, 0x6d, 0x70, 0x6c, 0x65, 0x74, 0x65, 0x28, 
    0x72, 0x65, 0x71, 0x75, 0x65, 0x73, 0x74, 0x49, 0x64, 0x3a, 0x20, 0x69, 0x6e, 0x74, 0x33, 0x32, 
    0x29, 0x0a, 0x0a, 0x20, 0x20, 0x2f, 0x2f, 0x20, 0x47, 0x65, 0x74, 0x20, 0x72, 0x65, 0x73, 0x75, 
    0x6c, 0x74, 0x20, 0x6f, 0x66, 0x20, 0x63, 0x6f, 0x6d, 0x70, 0x6c, 0x65, 0x74, 0x65, 0x64, 0x20, 
    0x72, 0x65, 0x71, 0x75, 0x65, 0x73, 0x74, 0x20, 0x28, 0x6e, 0x6f, 0x6e, 0x2d, 0x62, 0x6c, 0x6f, 
    0x63, 0x6b, 0x69, 0x6e, 0x67, 0x29, 0x0a, 0x20, 0x20, 0x2f, 0x2f, 0x20, 0x52, 0x65, 0x74, 0x75, 
    0x72, 0x6e, 0x73, 0x20, 0x62, 0x79, 0x74, 0x65, 0x20, 0x61, 0x72, 0x72, 0x61, 0x79, 0x20, 0x6f, 
    0x72, 0x20, 0x6e, 0x69, 0x6c, 0x20, 0x69, 0x66, 0x20, 0x6e, 0x6f, 0x74, 0x20, 0x63, 0x6f, 0x6d, 
    0x70, 0x6c, 0x65, 0x74, 0x65, 0x0a, 0x20, 0x20, 0x40, 0x61, 0x6c, 0x69, 0x61, 0x73, 0x28, 0x22, 
    0x67, 0x65, 0x74, 0x52, 0x65, 0x73, 0x75, 0x6c, 0x74, 0x22, 0x29, 0x0a, 0x20, 0x20, 0x61, 0x6e, 
    0x79, 0x20, 0x61, 0x73, 0x79, 0x6e, 0x63, 0x69, 0x6f, 0x5f, 0x67, 0x65, 0x74, 0x52, 0x65, 0x73, 
    0x75, 0x6c, 0x74, 0x28, 0x72, 0x65, 0x71, 0x75, 0x65, 0x73, 0x74, 0x49, 0x64, 0x3a, 0x20, 0x69, 
    0x6e, 0x74, 0x33, 0x32, 0x29, 0x0a, 0x0a, 0x20, 0x20, 0x2f, 0x2f, 0x20, 0x53, 0x75, 0x62, 0x6d, 
    0x69, 0x74, 0x20, 0x61, 0x73, 0x79, 0x6e, 0x63, 0x20, 0x66, 0x69, 0x6c, 0x65, 0x20, 0x72, 0x65, 
    0x61, 0x64, 0x20, 0x72, 0x65, 0x71, 0x75, 0x65, 0x73, 0x74, 0x0a, 0x20, 0x20, 0x2f, 0x2f, 0x20, 
    0x52, 0x65, 0x74, 0x75, 0x72, 0x6e, 0x73, 0x20, 0x72, 0x65, 0x71, 0x75, 0x65, 0x73, 0x74, 0x20, 
    0x49, 0x44, 0x20, 0x28, 0x3e, 0x30, 0x29, 0x20, 0x6f, 0x72, 0x20, 0x2d, 0x31, 0x20, 0x6f, 0x6e, 
    0x20, 0x65, 0x72, 0x72, 0x6f, 0x72, 0x0a, 0x20, 0x20, 0x40, 0x61, 0x6c, 0x69, 0x61, 0x73, 0x28, 
    0x22, 0x66, 0x69, 0x6c, 0x65, 0x52, 0x65, 0x61, 0x64, 0x22, 0x29, 0x0a, 0x20, 0x20, 0x69, 0x6e, 
    0x74, 0x33, 0x32, 0x20, 0x61, 0x73, 0x79, 0x6e, 0x63, 0x69, 0x6f, 0x5f, 0x66, 0x69, 0x6c, 0x65, 
    0x52, 0x65, 0x61, 0x64, 0x28, 0x70, 0x61, 0x74, 0x68, 0x3a, 0x20, 0x73, 0x74, 0x72, 0x69, 0x6e, 
    0x67, 0x29, 0x0a, 0x0a, 0x20, 0x20, 0x2f, 0x2f, 0x20, 0x53, 0x75, 0x62, 0x6d, 0x69, 0x74, 0x20, 
    0x61, 0x73, 0x79, 0x6e, 0x63, 0x20, 0x66, 0x69, 0x6c, 0x65, 0x20, 0x77, 0x72, 0x69, 0x74, 0x65, 
    0x20, 0x72, 0x65, 0x71, 0x75, 0x65, 0x73, 0x74, 0x0a, 0x20, 0x20, 0x2f, 0x2f, 0x20, 0x52, 0x65, 
    0x74, 0x75, 0x72, 0x6e, 0x73, 0x20, 0x72, 0x65, 0x71, 0x75, 0x65, 0x73, 0x74, 0x20, 0x49, 0x44, 
    0x20, 0x28, 0x3e, 0x30, 0x29, 0x20, 0x6f, 0x72, 0x20, 0x2d, 0x31, 0x20, 0x6f, 0x6e, 0x20, 0x65, 
    0x72, 0x72, 0x6f, 0x72, 0x0a, 0x20, 0x20, 0x40, 0x61, 0x6c, 0x69, 0x61, 0x73, 0x28, 0x22, 0x66, 
    0x69, 0x6c, 0x65, 0x57, 0x72, 0x69, 0x74, 0x65, 0x22, 0x29, 0x0a, 0x20, 0x20, 0x69, 0x6e, 0x74, 
    0x33, 0x32, 0x20, 0x61, 0x73, 0x79, 0x6e, 0x63, 0x69, 0x6f, 0x5f, 0x66, 0x69, 0x6c, 0x65, 0x57, 
    0x72, 0x69, 0x74, 0x65, 0x28, 0x70, 0x61, 0x74, 0x68, 0x3a, 0x20, 0x73, 0x74, 0x72, 0x69, 0x6e, 
    0x67, 0x2c, 0x20, 0x64, 0x61, 0x74, 0x61, 0x3a, 0x20, 0x73, 0x74, 0x72, 0x69, 0x6e, 0x67, 0x29, 
    0x0a, 0x7d, 0x0a, 0x0a, 0x2f, 0x2f, 0x20, 0xe2, 0x95, 0x90, 0xe2, 0x95, 0x90, 0xe2, 0x95, 0x90, 
    0xe2, 0x95, 0x90, 0xe2, 0x95, 0x90, 0xe2, 0x95, 0x90, 0xe2, 0x95, 0x90, 0xe2, 0x95, 0x90, 0xe2, 
    0x95, 0x90, 0xe2, 0x95, 0x90, 0xe2, 0x95, 0x90, 0xe2, 0x95, 0x90, 0xe2, 0x95, 0x90, 0xe2, 0x95, 
    0x90, 0xe2, 0x95, 0x90, 0xe2, 0x95, 0x90, 0xe2, 0x95, 0x90, 0xe2, 0x95, 0x90, 0xe2, 0x95, 0x90, 
    0xe2, 0x95, 0x90, 0xe2, 0x95, 0x90, 0xe2, 0x95, 0x90, 0xe2, 0x95, 0x90, 0xe2, 0x95, 0x90, 0xe2, 
    0x95, 0x90, 0xe2, 0x95, 0x90, 0xe2, 0x95, 0x90, 0xe2, 0x95, 0x90, 0xe2, 0x95, 0x90, 0xe2, 0x95, 
    0x90, 0xe2, 0x95, 0x90, 0xe2, 0x95, 0x90, 0xe2, 0x95, 0x90, 0xe2, 0x95, 0x90, 0xe2, 0x95, 0x90, 
    0xe2, 0x95, 0x90, 0xe2, 0x95, 0x90, 0xe2, 0x95, 0x90, 0xe2, 0x95, 0x90, 0xe2, 0x95, 0x90, 0xe2, 
    0x95, 0x90, 0xe2, 0x95, 0x90, 0xe2, 0x95, 0x90, 0xe2, 0x95, 0x90, 0xe2, 0x95, 0x90, 0xe2, 0x95, 
    0x90, 0xe2, 0x95, 0x90, 0xe2, 0x95, 0x90, 0xe2, 0x95, 0x90, 0xe2, 0x95, 0x90, 0xe2, 0x95, 0x90, 
    0xe2, 0x95, 0x90, 0xe2, 0x95, 0x90, 0xe2, 0x95, 0x90, 0xe2, 0x95, 0x90, 0xe2, 0x95, 0x90, 0xe2, 
    0x95, 0x90, 0xe2, 0x95, 0x90, 0xe2, 0x95, 0x90, 0xe2, 0x95, 0x90, 0xe2, 0x95, 0x90, 0xe2, 0x95, 
    0x90, 0xe2, 0x95, 0x90, 0x0a, 0x2f, 0x2f, 0x20, 0x20, 0x57, 0x52, 0x41, 0x50, 0x50, 0x45, 0x52, 
    0x20, 0x46, 0x55, 0x4e, 0x43, 0x54, 0x49, 0x4f, 0x4e, 0x53, 0x20, 0x57, 0x49, 0x54, 0x48, 0x20, 
    0x4f, 0x50, 0x54, 0x49, 0x4f, 0x4e, 0x53, 0x20, 0x53, 0x55, 0x50, 0x50, 0x4f, 0x52, 0x54, 0x0a, 
    0x2f, 0x2f, 0x20, 0xe2, 0x95, 0x90, 0xe2, 0x95, 0x90, 0xe2, 0x95, 0x90, 0xe2, 0x95, 0x90, 0xe2, 
    0x95, 0x90, 0xe2, 0x95, 0x90, 0xe2, 0x95, 0x90, 0xe2, 0x95, 0x90, 0xe2, 0x95, 0x90, 0xe2, 0x95, 
    0x90, 0xe2, 0x95, 0x90, 0xe2, 0x95, 0x90, 0xe2, 0x95, 0x90, 0xe2, 0x95, 0x90, 0xe2, 0x95, 0x90, 
    0xe2, 0x95, 0x90, 0xe2, 0x95, 0x90, 0xe2, 0x95, 0x90, 0xe2, 0x95, 0x90, 0xe2, 0x95, 0x90, 0xe2, 
    0x95, 0x90, 0xe2, 0x95, 0x90, 0xe2, 0x95, 0x90, 0xe2, 0x95, 0x90, 0xe2, 0x95, 0x90, 0xe2, 0x95, 
    0x90, 0xe2, 0x95, 0x90, 0xe2, 0x95, 0x90, 0xe2, 0x95, 0x90, 0xe2, 0x95, 0x90, 0xe2, 0x95, 0x90, 
    0xe2, 0x95, 0x90, 0xe2, 0x95, 0x90, 0xe2, 0x95, 0x90, 0xe2, 0x95, 0x90, 0xe2, 0x95, 0x90, 0xe2, 
    0x95, 0x90, 0xe2, 0x95, 0x90, 0xe2, 0x95, 0x90, 0xe2, 0x95, 0x90, 0xe2, 0x95, 0x90, 0xe2, 0x95, 
    0x90, 0xe2, 0x95, 0x90, 0xe2, 0x95, 0x90, 0xe2, 0x95, 0x90, 0xe2, 0x95, 0x90, 0xe2, 0x95, 0x90, 
    0xe2, 0x95, 0x90, 0xe2, 0x95, 0x90, 0xe2, 0x95, 0x90, 0xe2, 0x95, 0x90, 0xe2, 0x95, 0x90, 0xe2, 
    0x95, 0x90, 0xe2, 0x95, 0x90, 0xe2, 0x95, 0x90, 0xe2, 0x95, 0x90, 0xe2, 0x95, 0x90, 0xe2, 0x95, 
    0x90, 0xe2, 0x95, 0x90, 0xe2, 0x95, 0x90, 0xe2, 0x95, 0x90, 0xe2, 0x95, 0x90, 0xe2, 0x95, 0x90, 
    0x0a, 0x0a, 0x2f, 0x2f, 0x20, 0x48, 0x65, 0x6c, 0x70, 0x65, 0x72, 0x3a, 0x20, 0x50, 0x72, 0x65, 
    0x70, 0x61, 0x72, 0x65, 0x20, 0x68, 0x65, 0x61, 0x64, 0x65, 0x72, 0x73, 0x20, 0x61, 0x72, 0x72, 
    0x61, 0x79, 0x0a, 0x66, 0x6e, 0x20, 0x5f, 0x70, 0x72, 0x65, 0x70, 0x61, 0x72, 0x65, 0x48, 0x65, 
    0x61, 0x64, 0x65, 0x72, 0x73, 0x28, 0x68, 0x65, 0x61, 0x64, 0x65, 0x72, 0x73, 0x29, 0x20, 0x7b, 
    0x0a, 0x20, 0x20, 0x69, 0x66, 0x20, 0x28, 0x68, 0x65, 0x61, 0x64, 0x65, 0x72, 0x73, 0x20, 0x3d, 
    0x3d, 0x20, 0x6e, 0x69, 0x6c, 0x29, 0x20, 0x7b, 0x0a, 0x20, 0x20, 0x20, 0x20, 0x72, 0x65, 0x74, 
    0x75, 0x72, 0x6e, 0x20, 0x5b, 0x5d, 0x0a, 0x20, 0x20, 0x7d, 0x0a, 0x20, 0x20, 0x72, 0x65, 0x74, 
    0x75, 0x72, 0x6e, 0x20, 0x68, 0x65, 0x61, 0x64, 0x65, 0x72, 0x73, 0x20, 0x20, 0x2f, 0x2f, 0x20, 
    0x45, 0x78, 0x70, 0x65, 0x63, 0x74, 0x20, 0x61, 0x72, 0x72, 0x61, 0x79, 0x20, 0x6f, 0x66, 0x20, 
    0x22, 0x4b, 0x65, 0x79, 0x3a, 0x20, 0x56, 0x61, 0x6c, 0x75, 0x65, 0x22, 0x20, 0x73, 0x74, 0x72, 
    0x69, 0x6e, 0x67, 0x73, 0x0a, 0x7d, 0x0a, 0x0a, 0x2f, 0x2f, 0x20, 0x48, 0x65, 0x6c, 0x70, 0x65, 
    0x72, 0x3a, 0x20, 0x47, 0x65, 0x74, 0x20, 0x74, 0x69, 0x6d, 0x65, 0x6f, 0x75, 0x74, 0x20, 0x76, 
    0x61, 0x6c, 0x75, 0x65, 0x20, 0x77, 0x69, 0x74, 0x68, 0x20, 0x64, 0x65, 0x66, 0x61, 0x75, 0x6c, 
    0x74, 0x0a, 0x66, 0x6e, 0x20, 0x5f, 0x67, 0x65, 0x74, 0x54, 0x69, 0x6d, 0x65, 0x6f, 0x75, 0x74, 
    0x56, 0x61, 0x6c, 0x75, 0x65, 0x28, 0x6f, 0x70, 0x74, 0x69, 0x6f, 0x6e, 0x73, 0x2c, 0x20, 0x6b, 
    0x65, 0x79, 0x2c, 0x20, 0x64, 0x65, 0x66, 0x61, 0x75, 0x6c, 0x74, 0x56, 0x61, 0x6c, 0x29, 0x20, 
    0x7b, 0x0a, 0x20, 0x20, 0x69, 0x66, 0x20, 0x28, 0x6f, 0x70, 0x74, 0x69, 0x6f, 0x6e, 0x73, 0x20, 
    0x3d, 0x3d, 0x20, 0x6e, 0x69, 0x6c, 0x29, 0x20, 0x7b, 0x20, 0x72, 0x65, 0x74, 0x75, 0x72, 0x6e, 
    0x20, 0x64, 0x65, 0x66, 0x61, 0x75, 0x6c, 0x74, 0x56, 0x61, 0x6c, 0x20, 0x7d, 0x0a, 0x20, 0x20, 
    0x69, 0x66, 0x20, 0x28, 0x6f, 0x70, 0x74, 0x69, 0x6f, 0x6e, 0x73, 0x2e, 0x74, 0x69, 0x6d, 0x65, 
    0x6f, 0x75, 0x74, 0x20, 0x3d, 0x3d, 0x20, 0x6e, 0x69, 0x6c, 0x29, 0x20, 0x7b, 0x20, 0x72, 0x65, 
    0x74, 0x75, 0x72, 0x6e, 0x20, 0x64, 0x65, 0x66, 0x61, 0x75, 0x6c, 0x74, 0x56, 0x61, 0x6c, 0x20, 
    0x7d, 0x0a, 0x20, 0x20, 0x0a, 0x20, 0x20, 0x2f, 0x2f, 0x20, 0x48, 0x61, 0x6e, 0x64, 0x6c, 0x65, 
    0x20, 0x70, 0x72, 0x6f, 0x70, 0x65, 0x72, 0x74, 0x79, 0x20, 0x61, 0x63, 0x63, 0x65, 0x73, 0x73, 
    0x20, 0x2d, 0x20, 0x63, 0x68, 0x65, 0x63, 0x6b, 0x20, 0x69, 0x66, 0x20, 0x74, 0x69, 0x6d, 0x65, 
    0x6f, 0x75, 0x74, 0x20, 0x69, 0x73, 0x20, 0x61, 0x20, 0x6d, 0x61, 0x70, 0x0a, 0x20, 0x20, 0x69, 
    0x66, 0x20, 0x28, 0x6b, 0x65, 0x79, 0x20, 0x3d, 0x3d, 0x20, 0x22, 0x64, 0x6e, 0x73, 0x22, 0x29, 
    0x20, 0x7b, 0x0a, 0x20, 0x20, 0x20, 0x20, 0x6c, 0x65, 0x74, 0x20, 0x76, 0x61, 0x6c, 0x20, 0x3d, 
    0x20, 0x6f, 0x70, 0x74, 0x69, 0x6f, 0x6e, 0x73, 0x2e, 0x74, 0x69, 0x6d, 0x65, 0x6f, 0x75, 0x74, 
    0x2e, 0x64, 0x6e, 0x73, 0x0a, 0x20, 0x20, 0x20, 0x20, 0x69, 0x66, 0x20, 0x28, 0x76, 0x61, 0x6c, 
    0x20, 0x3d, 0x3d, 0x20, 0x6e, 0x69, 0x6c, 0x29, 0x20, 0x7b, 0x20, 0x72, 0x65, 0x74, 0x75, 0x72, 
    0x6e, 0x20, 0x64, 0x65, 0x66, 0x61, 0x75, 0x6c, 0x74, 0x56, 0x61, 0x6c, 0x20, 0x7d, 0x0a, 0x20, 
    0x20, 0x20, 0x20, 0x72, 0x65, 0x74, 0x75, 0x72, 0x6e, 0x20, 0x76, 0x61, 0x6c, 0x0a, 0x20, 0x20, 
    0x7d, 0x0a, 0x20, 0x20, 0x69, 0x66, 0x20, 0x28, 0x6b, 0x65, 0x79, 0x20, 0x3d, 0x3d, 0x20, 0x22, 
    0x63, 0x6f, 0x6e, 0x6e, 0x65, 0x63, 0x74, 0x22, 0x29, 0x20, 0x7b, 0x0a, 0x20, 0x20, 0x20, 0x20, 
    0x6c, 0x65, 0x74, 0x20, 0x76, 0x61, 0x6c, 0x20, 0x3d, 0x20, 0x6f, 0x70, 0x74, 0x69, 0x6f, 0x6e, 
    0x73, 0x2e, 0x74, 0x69, 0x6d, 0x65, 0x6f, 0x75, 0x74, 0x2e, 0x63, 0x6f, 0x6e, 0x6e, 0x65, 0x63, 
    0x74, 0x0a, 0x20, 0x20, 0x20, 0x20, 0x69, 0x66, 0x20, 0x28, 0x76, 0x61, 0x6c, 0x20, 0x3d, 0x3d, 
    0x20, 0x6e, 0x69, 0x6c, 0x29, 0x20, 0x7b, 0x20, 0x72, 0x65, 0x74, 0x75, 0x72, 0x6e, 0x20, 0x64, 
    0x65, 0x66, 0x61, 0x75, 0x6c, 0x74, 0x56, 0x61, 0x6c, 0x20, 0x7d, 0x0a, 0x20, 0x20, 0x20, 0x20, 
    0x72, 0x65, 0x74, 0x75, 0x72, 0x6e, 0x20, 0x76, 0x61, 0x6c, 0x0a, 0x20, 0x20, 0x7d, 0x0a, 0x20, 
    0x20, 0x69, 0x66, 0x20, 0x28, 0x6b, 0x65, 0x79, 0x20, 0x3d, 0x3d, 0x20, 0x22, 0x72, 0x65, 0x61, 
    0x64, 0x22, 0x29, 0x20, 0x7b, 0x0a, 0x20, 0x20, 0x20, 0x20, 0x6c, 0x65, 0x74, 0x20, 0x76, 0x61, 
    0x6c, 0x20, 0x3d, 0x20, 0x6f, 0x70, 0x74, 0x69, 0x6f, 0x6e, 0x73, 0x2e, 0x74, 0x69, 0x6d, 0x65, 
    0x6f, 0x75, 0x74, 0x2e, 0x72, 0x65, 0x61, 0x64, 0x0a, 0x20, 0x20, 0x20, 0x20, 0x69, 0x66, 0x20, 
    0x28, 0x76, 0x61, 0x6c, 0x20, 0x3d, 0x3d, 0x20, 0x6e, 0x69, 0x6c, 0x29, 0x20, 0x7b, 0x20, 0x72, 
    0x65, 0x74, 0x75, 0x72, 0x6e, 0x20, 0x64, 0x65, 0x66, 0x61, 0x75, 0x6c, 0x74, 0x56, 0x61, 0x6c, 
    0x20, 0x7d, 0x0a, 0x20, 0x20, 0x20, 0x20, 0x72, 0x65, 0x74, 0x75, 0x72, 0x6e, 0x20, 0x76, 0x61, 
    0x6c, 0x0a, 0x20, 0x20, 0x7d, 0x0a, 0x20, 0x20, 0x69, 0x66, 0x20, 0x28, 0x6b, 0x65, 0x79, 0x20, 
    0x3d, 0x3d, 0x20, 0x22, 0x77, 0x72, 0x69, 0x74, 0x65, 0x22, 0x29, 0x20, 0x7b, 0x0a, 0x20, 0x20, 
    0x20, 0x20, 0x6c, 0x65, 0x74, 0x20, 0x76, 0x61, 0x6c, 0x20, 0x3d, 0x20, 0x6f, 0x70, 0x74, 0x69, 
    0x6f, 0x6e, 0x73, 0x2e, 0x74, 0x69, 0x6d, 0x65, 0x6f, 0x75, 0x74, 0x2e, 0x77, 0x72, 0x69, 0x74, 
    0x65, 0x0a, 0x20, 0x20, 0x20, 0x20, 0x69, 0x66, 0x20, 0x28, 0x76, 0x61, 0x6c, 0x20, 0x3d, 0x3d, 
    0x20, 0x6e, 0x69, 0x6c, 0x29, 0x20, 0x7b, 0x20, 0x72, 0x65, 0x74, 0x75, 0x72, 0x6e, 0x20, 0x64, 
    0x65, 0x66, 0x61, 0x75, 0x6c, 0x74, 0x56, 0x61, 0x6c, 0x20, 0x7d, 0x0a, 0x20, 0x20, 0x20, 0x20, 
    0x72, 0x65, 0x74, 0x75, 0x72, 0x6e, 0x20, 0x76, 0x61, 0x6c, 0x0a, 0x20, 0x20, 0x7d, 0x0a, 0x20, 
    0x20, 0x72, 0x65, 0x74, 0x75, 0x72, 0x6e, 0x20, 0x64, 0x65, 0x66, 0x61, 0x75, 0x6c, 0x74, 0x56, 
    0x61, 0x6c, 0x0a, 0x7d, 0x0a, 0x0a, 0x2f, 0x2f, 0x20, 0x48, 0x54, 0x54, 0x50, 0x20, 0x47, 0x45, 
    0x54, 0x20, 0x77, 0x69, 0x74, 0x68, 0x20, 0x6f, 0x70, 0x74, 0x69, 0x6f, 0x6e, 0x61, 0x6c, 0x20, 
    0x6f, 0x70, 0x74, 0x69, 0x6f, 0x6e, 0x73, 0x20, 0x70, 0x61, 0x72, 0x61, 0x6d, 0x65, 0x74, 0x65, 
    0x72, 0x0a, 0x2f, 0x2f, 0x20, 0x55, 0x73, 0x61, 0x67, 0x65, 0x3a, 0x0a, 0x2f, 0x2f, 0x20, 0x20, 
    0x20, 0x68, 0x74, 0x74, 0x70, 0x47, 0x65, 0x74, 0x28, 0x22, 0x68, 0x74, 0x74, 0x70, 0x73, 0x3a, 
    0x2f, 0x2f, 0x61, 0x70, 0x69, 0x2e, 0x65, 0x78, 0x61, 0x6d, 0x70, 0x6c, 0x65, 0x2e, 0x63, 0x6f, 
    0x6d, 0x22, 0x2c, 0x20, 0x6e, 0x69, 0x6c, 0x29, 0x20, 0x20, 0x2f, 0x2f, 0x20, 0x53, 0x69, 0x6d, 
    0x70, 0x6c, 0x65, 0x20, 0x47, 0x45, 0x54, 0x0a, 0x2f, 0x2f, 0x20, 0x20, 0x20, 0x68, 0x74, 0x74, 
    0x70, 0x47, 0x65, 0x74, 0x28, 0x22, 0x68, 0x74, 0x74, 0x70, 0x73, 0x3a, 0x2f, 0x2f, 0x61, 0x70, 
    0x69, 0x2e, 0x65, 0x78, 0x61, 0x6d, 0x70, 0x6c, 0x65, 0x2e, 0x63, 0x6f, 0x6d, 0x22, 0x2c, 0x20, 
    0x6f, 0x70, 0x74, 0x69, 0x6f, 0x6e, 0x73, 0x29, 0x20, 0x20, 0x2f, 0x2f, 0x20, 0x57, 0x69, 0x74, 
    0x68, 0x20, 0x6f, 0x70, 0x74, 0x69, 0x6f, 0x6e, 0x73, 0x0a, 0x2f, 0x2f, 0x0a, 0x2f, 0x2f, 0x20, 
    0x4f, 0x70, 0x74, 0x69, 0x6f, 0x6e, 0x73, 0x20, 0x66, 0x6f, 0x72, 0x6d, 0x61, 0x74, 0x3a, 0x0a, 
    0x2f, 0x2f, 0x20, 0x20, 0x20, 0x7b, 0x20, 0x0a, 0x2f, 0x2f, 0x20, 0x20, 0x20, 0x20, 0x20, 0x68, 
    0x65, 0x61, 0x64, 0x65, 0x72, 0x73, 0x3a, 0x20, 0x5b, 0x22, 0x43, 0x6f, 0x6e, 0x74, 0x65, 0x6e, 
    0x74, 0x2d, 0x54, 0x79, 0x70, 0x65, 0x3a, 0x20, 0x61, 0x70, 0x70, 0x6c, 0x69, 0x63, 0x61, 0x74, 
    0x69, 0x6f, 0x6e, 0x2f, 0x6a, 0x73, 0x6f, 0x6e, 0x22, 0x2c, 0x20, 0x22, 0x41, 0x75, 0x74, 0x68, 
    0x6f, 0x72, 0x69, 0x7a, 0x61, 0x74, 0x69, 0x6f, 0x6e, 0x3a, 0x20, 0x42, 0x65, 0x61, 0x72, 0x65, 
    0x72, 0x20, 0x78, 0x78, 0x78, 0x22, 0x5d, 0x2c, 0x0a, 0x2f, 0x2f, 0x20, 0x20, 0x20, 0x20, 0x20, 
    0x74, 0x69, 0x6d, 0x65, 0x6f, 0x75, 0x74, 0x3a, 0x20, 0x7b, 0x20, 0x64, 0x6e, 0x73, 0x3a, 0x20, 
    0x33, 0x30, 0x2c, 0x20, 0x63, 0x6f, 0x6e, 0x6e, 0x65, 0x63, 0x74, 0x3a, 0x20, 0x35, 0x30, 0x30, 
    0x2c, 0x20, 0x72, 0x65, 0x61, 0x64, 0x3a, 0x20, 0x32, 0x30, 0x30, 0x30, 0x2c, 0x20, 0x77, 0x72, 
    0x69, 0x74, 0x65, 0x3a, 0x20, 0x35, 0x30, 0x30, 0x20, 0x7d, 0x0a, 0x2f, 0x2f, 0x20, 0x20, 0x20, 
    0x7d, 0x0a, 0x65, 0x78, 0x70, 0x6f, 0x72, 0x74, 0x20, 0x66, 0x6e, 0x20, 0x68, 0x74, 0x74, 0x70, 
    0x47, 0x65, 0x74, 0x28, 0x75, 0x72, 0x6c, 0x2c, 0x20, 0x6f, 0x70, 0x74, 0x69, 0x6f, 0x6e, 0x73, 
    0x29, 0x20, 0x7b, 0x0a, 0x20, 0x20, 0x69, 0x66, 0x20, 0x28, 0x6f, 0x70, 0x74, 0x69, 0x6f, 0x6e, 
    0x73, 0x20, 0x3d, 0x3d, 0x20, 0x6e, 0x69, 0x6c, 0x29, 0x20, 0x7b, 0x0a, 0x20, 0x20, 0x20, 0x20, 
    0x72, 0x65, 0x74, 0x75, 0x72, 0x6e, 0x20, 0x6b, 0x79, 0x6c, 0x5f, 0x61, 0x73, 0x79, 0x6e, 0x63, 
    0x69, 0x6f, 0x5f, 0x68, 0x74, 0x74, 0x70, 0x47, 0x65, 0x74, 0x28, 0x75, 0x72, 0x6c, 0x29, 0x0a, 
    0x20, 0x20, 0x7d, 0x0a, 0x20, 0x20, 0x0a, 0x20, 0x20, 0x6c, 0x65, 0x74, 0x20, 0x68, 0x65, 0x61, 
    0x64, 0x65, 0x72, 0x73, 0x20, 0x3d, 0x20, 0x5f, 0x70, 0x72, 0x65, 0x70, 0x61, 0x72, 0x65, 0x48, 
    0x65, 0x61, 0x64, 0x65, 0x72, 0x73, 0x28, 0x6f, 0x70, 0x74, 0x69, 0x6f, 0x6e, 0x73, 0x2e, 0x68, 
    0x65, 0x61, 0x64, 0x65, 0x72, 0x73, 0x29, 0x0a, 0x20, 0x20, 0x6c, 0x65, 0x74, 0x20, 0x64, 0x6e, 
    0x73, 0x54, 0x69, 0x6d, 0x65, 0x6f, 0x75, 0x74, 0x20, 0x3d, 0x20, 0x5f, 0x67, 0x65, 0x74, 0x54, 
    0x69, 0x6d, 0x65, 0x6f, 0x75, 0x74, 0x56, 0x61, 0x6c, 0x75, 0x65, 0x28, 0x6f, 0x70, 0x74, 0x69, 
    0x6f, 0x6e, 0x73, 0x2c, 0x20, 0x22, 0x64, 0x6e, 0x73, 0x22, 0x2c, 0x20, 0x30, 0x29, 0x0a, 0x20, 
    0x20, 0x6c, 0x65, 0x74, 0x20, 0x63, 0x6f, 0x6e, 0x6e, 0x65, 0x63, 0x74, 0x54, 0x69, 0x6d, 0x65, 
    0x6f, 0x75, 0x74, 0x20, 0x3d, 0x20, 0x5f, 0x67, 0x65, 0x74, 0x54, 0x69, 0x6d, 0x65, 0x6f, 0x75, 
    0x74, 0x56, 0x61, 0x6c, 0x75, 0x65, 0x28, 0x6f, 0x70, 0x74, 0x69, 0x6f, 0x6e, 0x73, 0x2c, 0x20, 
    0x22, 0x63, 0x6f, 0x6e, 0x6e, 0x65, 0x63, 0x74, 0x22, 0x2c, 0x20, 0x30, 0x29, 0x0a, 0x20, 0x20, 
    0x6c, 0x65, 0x74, 0x20, 0x72, 0x65, 0x61, 0x64, 0x54, 0x69, 0x6d, 0x65, 0x6f, 0x75, 0x74, 0x20, 
    0x3d, 0x20, 0x5f, 0x67, 0x65, 0x74, 0x54, 0x69, 0x6d, 0x65, 0x6f, 0x75, 0x74, 0x56, 0x61, 0x6c, 
    0x75, 0x65, 0x28, 0x6f, 0x70, 0x74, 0x69, 0x6f, 0x6e, 0x73, 0x2c, 0x20, 0x22, 0x72, 0x65, 0x61, 
    0x64, 0x22, 0x2c, 0x20, 0x30, 0x29, 0x0a, 0x20, 0x20, 0x6c, 0x65, 0x74, 0x20, 0x77, 0x72, 0x69, 
    0x74, 0x65, 0x54, 0x69, 0x6d, 0x65, 0x6f, 0x75, 0x74, 0x20, 0x3d, 0x20, 0x5f, 0x67, 0x65, 0x74, 
    0x54, 0x69, 0x6d, 0x65, 0x6f, 0x75, 0x74, 0x56, 0x61, 0x6c, 0x75, 0x65, 0x28, 0x6f, 0x70, 0x74, 
    0x69, 0x6f, 0x6e, 0x73, 0x2c, 0x20, 0x22, 0x77, 0x72, 0x69, 0x74, 0x65, 0x22, 0x2c, 0x20, 0x30, 
    0x29, 0x0a, 0x20, 0x20, 0x0a, 0x20, 0x20, 0x72, 0x65, 0x74, 0x75, 0x72, 0x6e, 0x20, 0x6b, 0x79, 
    0x6c, 0x5f, 0x61, 0x73, 0x79, 0x6e, 0x63, 0x69, 0x6f, 0x5f, 0x68, 0x74, 0x74, 0x70, 0x47, 0x65, 
    0x74, 0x45, 0x78, 0x28, 0x75, 0x72, 0x6c, 0x2c, 0x20, 0x68, 0x65, 0x61, 0x64, 0x65, 0x72, 0x73, 
    0x2c, 0x20, 0x64, 0x6e, 0x73, 0x54, 0x69, 0x6d, 0x65, 0x6f, 0x75, 0x74, 0x2c, 0x20, 0x63, 0x6f, 
    0x6e, 0x6e, 0x65, 0x63, 0x74, 0x54, 0x69, 0x6d, 0x65, 0x6f, 0x75, 0x74, 0x2c, 0x20, 0x72, 0x65, 
    0x61, 0x64, 0x54, 0x69, 0x6d, 0x65, 0x6f, 0x75, 0x74, 0x2c, 0x20, 0x77, 0x72, 0x69, 0x74, 0x65, 
    0x54, 0x69, 0x6d, 0x65, 0x6f, 0x75, 0x74, 0x29, 0x0a, 0x7d, 0x0a, 0x0a, 0x2f, 0x2f, 0x20, 0x48, 
    0x54, 0x54, 0x50, 0x20, 0x50, 0x4f, 0x53, 0x54, 0x20, 0x77, 0x69, 0x74, 0x68, 0x20, 0x6f, 0x70, 
    0x74, 0x69, 0x6f, 0x6e, 0x61, 0x6c, 0x20, 0x6f, 0x70, 0x74, 0x69, 0x6f, 0x6e, 0x73, 0x20, 0x70, 
    0x61, 0x72, 0x61, 0x6d, 0x65, 0x74, 0x65, 0x72, 0x20, 0x20, 0x0a, 0x2f, 0x2f, 0x20, 0x55, 0x73, 
    0x61, 0x67, 0x65, 0x3a, 0x0a, 0x2f, 0x2f, 0x20, 0x20, 0x20, 0x68, 0x74, 0x74, 0x70, 0x50, 0x6f, 
    0x73, 0x74, 0x28, 0x22, 0x68, 0x74, 0x74, 0x70, 0x73, 0x3a, 0x2f, 0x2f, 0x61, 0x70, 0x69, 0x2e, 
    0x65, 0x78, 0x61, 0x6d, 0x70, 0x6c, 0x65, 0x2e, 0x63, 0x6f, 0x6d, 0x22, 0x2c, 0x20, 0x62, 0x6f, 
    0x64, 0x79, 0x2c, 0x20, 0x6e, 0x69, 0x6c, 0x29, 0x20, 0x20, 0x2f, 0x2f, 0x20, 0x53, 0x69, 0x6d, 
    0x70, 0x6c, 0x65, 0x20, 0x50, 0x4f, 0x53, 0x54, 0x0a, 0x2f, 0x2f, 0x20, 0x20, 0x20, 0x68, 0x74, 
    0x74, 0x70, 0x50, 0x6f, 0x73, 0x74, 0x28, 0x22, 0x68, 0x74, 0x74, 0x70, 0x73, 0x3a, 0x2f, 0x2f, 
    0x61, 0x70, 0x69, 0x2e, 0x65, 0x78, 0x61, 0x6d, 0x70, 0x6c, 0x65, 0x2e, 0x63, 0x6f, 0x6d, 0x22, 
    0x2c, 0x20, 0x62, 0x6f, 0x64, 0x79, 0x2c, 0x20, 0x6f, 0x70, 0x74, 0x69, 0x6f, 0x6e, 0x73, 0x29, 
    0x20, 0x20, 0x2f, 0x2f, 0x20, 0x57, 0x69, 0x74, 0x68, 0x20, 0x6f, 0x70, 0x74, 0x69, 0x6f, 0x6e, 
    0x73, 0x0a, 0x65, 0x78, 0x70, 0x6f, 0x72, 0x74, 0x20, 0x66, 0x6e, 0x20, 0x68, 0x74, 0x74, 0x70, 
    0x50, 0x6f, 0x73, 0x74, 0x28, 0x75, 0x72, 0x6c, 0x2c, 0x20, 0x62, 0x6f, 0x64, 0x79, 0x2c, 0x20, 
    0x6f, 0x70, 0x74, 0x69, 0x6f, 0x6e, 0x73, 0x29, 0x20, 0x7b, 0x0a, 0x20, 0x20, 0x69, 0x66, 0x20, 
    0x28, 0x6f, 0x70, 0x74, 0x69, 0x6f, 0x6e, 0x73, 0x20, 0x3d, 0x3d, 0x20, 0x6e, 0x69, 0x6c, 0x29, 
    0x20, 0x7b, 0x0a, 0x20, 0x20, 0x20, 0x20, 0x72, 0x65, 0x74, 0x75, 0x72, 0x6e, 0x20, 0x6b, 0x79, 
    0x6c, 0x5f, 0x61, 0x73, 0x79, 0x6e, 0x63, 0x69, 0x6f, 0x5f, 0x68, 0x74, 0x74, 0x70, 0x50, 0x6f, 
    0x73, 0x74, 0x28, 0x75, 0x72, 0x6c, 0x2c, 0x20, 0x62, 0x6f, 0x64, 0x79, 0x29, 0x0a, 0x20, 0x20, 
    0x7d, 0x0a, 0x20, 0x20, 0x0a, 0x20, 0x20, 0x6c, 0x65, 0x74, 0x20, 0x68, 0x65, 0x61, 0x64, 0x65, 
    0x72, 0x73, 0x20, 0x3d, 0x20, 0x5f, 0x70, 0x72, 0x65, 0x70, 0x61, 0x72, 0x65, 0x48, 0x65, 0x61, 
    0x64, 0x65, 0x72, 0x73, 0x28, 0x6f, 0x70, 0x74, 0x69, 0x6f, 0x6e, 0x73, 0x2e, 0x68, 0x65, 0x61, 
    0x64, 0x65, 0x72, 0x73, 0x29, 0x0a, 0x20, 0x20, 0x6c, 0x65, 0x74, 0x20, 0x64, 0x6e, 0x73, 0x54, 
    0x69, 0x6d, 0x65, 0x6f, 0x75, 0x74, 0x20, 0x3d, 0x20, 0x5f, 0x67, 0x65, 0x74, 0x54, 0x69, 0x6d, 
    0x65, 0x6f, 0x75, 0x74, 0x56, 0x61, 0x6c, 0x75, 0x65, 0x28, 0x6f, 0x70, 0x74, 0x69, 0x6f, 0x6e, 
    0x73, 0x2c, 0x20, 0x22, 0x64, 0x6e, 0x73, 0x22, 0x2c, 0x20, 0x30, 0x29, 0x0a, 0x20, 0x20, 0x6c, 
    0x65, 0x74, 0x20, 0x63, 0x6f, 0x6e, 0x6e, 0x65, 0x63, 0x74, 0x54, 0x69, 0x6d, 0x65, 0x6f, 0x75, 
    0x74, 0x20, 0x3d, 0x20, 0x5f, 0x67, 0x65, 0x74, 0x54, 0x69, 0x6d, 0x65, 0x6f, 0x75, 0x74, 0x56, 
    0x61, 0x6c, 0x75, 0x65, 0x28, 0x6f, 0x70, 0x74, 0x69, 0x6f, 0x6e, 0x73, 0x2c, 0x20, 0x22, 0x63, 
    0x6f, 0x6e, 0x6e, 0x65, 0x63, 0x74, 0x22, 0x2c, 0x20, 0x30, 0x29, 0x0a, 0x20, 0x20, 0x6c, 0x65, 
    0x74, 0x20, 0x72, 0x65, 0x61, 0x64, 0x54, 0x69, 0x6d, 0x65, 0x6f, 0x75, 0x74, 0x20, 0x3d, 0x20, 
    0x5f, 0x67, 0x65, 0x74, 0x54, 0x69, 0x6d, 0x65, 0x6f, 0x75, 0x74, 0x56, 0x61, 0x6c, 0x75, 0x65, 
    0x28, 0x6f, 0x70, 0x74, 0x69, 0x6f, 0x6e, 0x73, 0x2c, 0x20, 0x22, 0x72, 0x65, 0x61, 0x64, 0x22, 
    0x2c, 0x20, 0x30, 0x29, 0x0a, 0x20, 0x20, 0x6c, 0x65, 0x74, 0x20, 0x77, 0x72, 0x69, 0x74, 0x65, 
    0x54, 0x69, 0x6d, 0x65, 0x6f, 0x75, 0x74, 0x20, 0x3d, 0x20, 0x5f, 0x67, 0x65, 0x74, 0x54, 0x69, 
    0x6d, 0x65, 0x6f, 0x75, 0x74, 0x56, 0x61, 0x6c, 0x75, 0x65, 0x28, 0x6f, 0x70, 0x74, 0x69, 0x6f, 
    0x6e, 0x73, 0x2c, 0x20, 0x22, 0x77, 0x72, 0x69, 0x74, 0x65, 0x22, 0x2c, 0x20, 0x30, 0x29, 0x0a, 
    0x20, 0x20, 0x0a, 0x20, 0x20, 0x72, 0x65, 0x74, 0x75, 0x72, 0x6e, 0x20, 0x6b, 0x79, 0x6c, 0x5f, 
    0x61, 0x73, 0x79, 0x6e, 0x63, 0x69, 0x6f, 0x5f, 0x68, 0x74, 0x74, 0x70, 0x50, 0x6f, 0x73, 0x74, 
    0x45, 0x78, 0x28, 0x75, 0x72, 0x6c, 0x2c, 0x20, 0x62, 0x6f, 0x64, 0x79, 0x2c, 0x20, 0x68, 0x65, 
    0x61, 0x64, 0x65, 0x72, 0x73, 0x2c, 0x20, 0x64, 0x6e, 0x73, 0x54, 0x69, 0x6d, 0x65, 0x6f, 0x75, 
    0x74, 0x2c, 0x20, 0x63, 0x6f, 0x6e, 0x6e, 0x65, 0x63, 0x74, 0x54, 0x69, 0x6d, 0x65, 0x6f, 0x75, 
    0x74, 0x2c, 0x20, 0x72, 0x65, 0x61, 0x64, 0x54, 0x69, 0x6d, 0x65, 0x6f, 0x75, 0x74, 0x2c, 0x20, 
    0x77, 0x72, 0x69, 0x74, 0x65, 0x54, 0x69, 0x6d, 0x65, 0x6f, 0x75, 0x74, 0x29, 0x0a, 0x7d, 0x0a, 
    0x0a, 0x2f, 0x2f, 0x20, 0x57, 0x61, 0x69, 0x74, 0x20, 0x66, 0x6f, 0x72, 0x20, 0x72, 0x65, 0x71, 
    0x75, 0x65, 0x73, 0x74, 0x20, 0x74, 0x6f, 0x20, 0x63, 0x6f, 0x6d, 0x70, 0x6c, 0x65, 0x74, 0x65, 
    0x20, 0x61, 0x6e, 0x64, 0x20, 0x67, 0x65, 0x74, 0x20, 0x72, 0x65, 0x73, 0x75, 0x6c, 0x74, 0x0a, 
    0x65, 0x78, 0x70, 0x6f, 0x72, 0x74, 0x20, 0x66, 0x6e, 0x20, 0x77, 0x61, 0x69, 0x74, 0x46, 0x6f, 
    0x72, 0x28, 0x72, 0x65, 0x71, 0x75, 0x65, 0x73, 0x74, 0x49, 0x64, 0x2c, 0x20, 0x74, 0x69, 0x6d, 
    0x65, 0x6f, 0x75, 0x74, 0x4d, 0x73, 0x29, 0x20, 0x7b, 0x0a, 0x20, 0x20, 0x69, 0x66, 0x20, 0x28, 
    0x74, 0x69, 0x6d, 0x65, 0x6f, 0x75, 0x74, 0x4d, 0x73, 0x20, 0x3d, 0x3d, 0x20, 0x6e, 0x69, 0x6c, 
    0x29, 0x20, 0x7b, 0x0a, 0x20, 0x20, 0x20, 0x20, 0x74, 0x69, 0x6d, 0x65, 0x6f, 0x75, 0x74, 0x4d, 
    0x73, 0x20, 0x3d, 0x20, 0x30, 0x0a, 0x20, 0x20, 0x7d, 0x0a, 0x20, 0x20, 0x72, 0x65, 0x74, 0x75, 
    0x72, 0x6e, 0x20, 0x6b, 0x79, 0x6c, 0x5f, 0x61, 0x73, 0x79, 0x6e, 0x63, 0x69, 0x6f, 0x5f, 0x77, 
    0x61, 0x69, 0x74, 0x52, 0x65, 0x73, 0x75, 0x6c, 0x74, 0x28, 0x72, 0x65, 0x71, 0x75, 0x65, 0x73, 
    0x74, 0x49, 0x64, 0x2c, 0x20, 0x74, 0x69, 0x6d, 0x65, 0x6f, 0x75, 0x74, 0x4d, 0x73, 0x29, 0x0a, 
    0x7d, 0x0a, 0x0a, 0x2f, 0x2f, 0x20, 0x43, 0x68, 0x65, 0x63, 0x6b, 0x20, 0x69, 0x66, 0x20, 0x72, 
    0x65, 0x71, 0x75, 0x65, 0x73, 0x74, 0x20, 0x69, 0x73, 0x20, 0x63, 0x6f, 0x6d, 0x70, 0x6c, 0x65, 
    0x74, 0x65, 0x20, 0x28, 0x6e, 0x6f, 0x6e, 0x2d, 0x62, 0x6c, 0x6f, 0x63, 0x6b, 0x69, 0x6e, 0x67, 
    0x29, 0x0a, 0x65, 0x78, 0x70, 0x6f, 0x72, 0x74, 0x20, 0x66, 0x6e, 0x20, 0x69, 0x73, 0x44, 0x6f, 
    0x6e, 0x65, 0x28, 0x72, 0x65, 0x71, 0x75, 0x65, 0x73, 0x74, 0x49, 0x64, 0x29, 0x20, 0x7b, 0x0a, 
    0x20, 0x20, 0x72, 0x65, 0x74, 0x75, 0x72, 0x6e, 0x20, 0x6b, 0x79, 0x6c, 0x5f, 0x61, 0x73, 0x79, 
    0x6e, 0x63, 0x69, 0x6f, 0x5f, 0x69, 0x73, 0x43, 0x6f, 0x6d, 0x70, 0x6c, 0x65, 0x74, 0x65, 0x28, 
    0x72, 0x65, 0x71, 0x75, 0x65, 0x73, 0x74, 0x49, 0x64, 0x29, 0x0a, 0x7d, 0x0a, 0x0a, 0x2f, 0x2f, 
    0x20, 0x47, 0x65, 0x74, 0x20, 0x72, 0x65, 0x73, 0x75, 0x6c, 0x74, 0x20, 0x77, 0x69, 0x74, 0x68, 
    0x6f, 0x75, 0x74, 0x20, 0x62, 0x6c, 0x6f, 0x63, 0x6b, 0x69, 0x6e, 0x67, 0x20, 0x28, 0x72, 0x65, 
    0x74, 0x75, 0x72, 0x6e, 0x73, 0x20, 0x6e, 0x69, 0x6c, 0x20, 0x69, 0x66, 0x20, 0x6e, 0x6f, 0x74, 
    0x20, 0x72, 0x65, 0x61, 0x64, 0x79, 0x29, 0x0a, 0x65, 0x78, 0x70, 0x6f, 0x72, 0x74, 0x20, 0x66, 
    0x6e, 0x20, 0x67, 0x65, 0x74, 0x52, 0x65, 0x73, 0x75, 0x6c, 0x74, 0x28, 0x72, 0x65, 0x71, 0x75, 
    0x65, 0x73, 0x74, 0x49, 0x64, 0x29, 0x20, 0x7b, 0x0a, 0x20, 0x20, 0x72, 0x65, 0x74, 0x75, 0x72, 
    0x6e, 0x20, 0x6b, 0x79, 0x6c, 0x5f, 0x61, 0x73, 0x79, 0x6e, 0x63, 0x69, 0x6f, 0x5f, 0x67, 0x65, 
    0x74, 0x52, 0x65, 0x73, 0x75, 0x6c, 0x74, 0x28, 0x72, 0x65, 0x71, 0x75, 0x65, 0x73, 0x74, 0x49, 
    0x64, 0x29, 0x0a, 0x7d, 0x0a, 0x0a, 0x2f, 0x2f, 0x20, 0xe2, 0x95, 0x90, 0xe2, 0x95, 0x90, 0xe2, 
    0x95, 0x90, 0xe2, 0x95, 0x90, 0xe2, 0x95, 0x90, 0xe2, 0x95, 0x90, 0xe2, 0x95, 0x90, 0xe2, 0x95, 
    0x90, 0xe2, 0x95, 0x90, 0xe2, 0x95, 0x90, 0xe2, 0x95, 0x90, 0xe2, 0x95, 0x90, 0xe2, 0x95, 0x90, 
    0xe2, 0x95, 0x90, 0xe2, 0x95, 0x90, 0xe2, 0x95, 0x90, 0xe2, 0x95, 0x90, 0xe2, 0x95, 0x90, 0xe2, 
    0x95, 0x90, 0xe2, 0x95, 0x90, 0xe2, 0x95, 0x90, 0xe2, 0x95, 0x90, 0xe2, 0x95, 0x90, 0xe2, 0x95, 
    0x90, 0xe2, 0x95, 0x90, 0xe2, 0x95, 0x90, 0xe2, 0x95, 0x90, 0xe2, 0x95, 0x90, 0xe2, 0x95, 0x90, 
    0xe2, 0x95, 0x90, 0xe2, 0x95, 0x90, 0xe2, 0x95, 0x90, 0xe2, 0x95, 0x90, 0xe2, 0x95, 0x90, 0xe2, 
    0x95, 0x90, 0xe2, 0x95, 0x90, 0xe2, 0x95, 0x90, 0xe2, 0x95, 0x90, 0xe2, 0x95, 0x90, 0xe2, 0x95, 
    0x90, 0xe2, 0x95, 0x90, 0xe2, 0x95, 0x90, 0xe2, 0x95, 0x90, 0xe2, 0x95, 0x90, 0xe2, 0x95, 0x90, 
    0xe2, 0x95, 0x90, 0xe2, 0x95, 0x90, 0xe2, 0x95, 0x90, 0xe2, 0x95, 0x90, 0xe2, 0x95, 0x90, 0xe2, 
    0x95, 0x90, 0xe2, 0x95, 0x90, 0xe2, 0x95, 0x90, 0xe2, 0x95, 0x90, 0xe2, 0x95, 0x90, 0xe2, 0x95, 
    0x90, 0xe2, 0x95, 0x90, 0xe2, 0x95, 0x90, 0xe2, 0x95, 0x90, 0xe2, 0x95, 0x90, 0xe2, 0x95, 0x90, 
    0xe2, 0x95, 0x90, 0xe2, 0x95, 0x90, 0x0a, 0x2f, 0x2f, 0x20, 0x20, 0x44, 0x49, 0x52, 0x45, 0x43, 
    0x54, 0x20, 0x41, 0x50, 0x49, 0x20, 0x55, 0x53, 0x41, 0x47, 0x45, 0x20, 0x28, 0x41, 0x76, 0x61, 
    0x69, 0x6c, 0x61, 0x62, 0x6c, 0x65, 0x20, 0x61, 0x66, 0x74, 0x65, 0x72, 0x20, 0x6c, 0x6f, 0x61, 
    0x64, 0x6c, 0x69, 0x62, 0x29, 0x0a, 0x2f, 0x2f, 0x20, 0xe2, 0x95, 0x90, 0xe2, 0x95, 0x90, 0xe2, 
    0x95, 0x90, 0xe2, 0x95, 0x90, 0xe2, 0x95, 0x90, 0xe2, 0x95, 0x90, 0xe2, 0x95, 0x90, 0xe2, 0x95, 
    0x90, 0xe2, 0x95, 0x90, 0xe2, 0x95, 0x90, 0xe2, 0x95, 0x90, 0xe2, 0x95, 0x90, 0xe2, 0x95, 0x90, 
    0xe2, 0x95, 0x90, 0xe2, 0x95, 0x90, 0xe2, 0x95, 0x90, 0xe2, 0x95, 0x90, 0xe2, 0x95, 0x90, 0xe2, 
    0x95, 0x90, 0xe2, 0x95, 0x90, 0xe2, 0x95, 0x90, 0xe2, 0x95, 0x90, 0xe2, 0x95, 0x90, 0xe2, 0x95, 
    0x90, 0xe2, 0x95, 0x90, 0xe2, 0x95, 0x90, 0xe2, 0x95, 0x90, 0xe2, 0x95, 0x90, 0xe2, 0x95, 0x90, 
    0xe2, 0x95, 0x90, 0xe2, 0x95, 0x90, 0xe2, 0x95, 0x90, 0xe2, 0x95, 0x90, 0xe2, 0x95, 0x90, 0xe2, 
    0x95, 0x90, 0xe2, 0x95, 0x90, 0xe2, 0x95, 0x90, 0xe2, 0x95, 0x90, 0xe2, 0x95, 0x90, 0xe2, 0x95, 
    0x90, 0xe2, 0x95, 0x90, 0xe2, 0x95, 0x90, 0xe2, 0x95, 0x90, 0xe2, 0x95, 0x90, 0xe2, 0x95, 0x90, 
    0xe2, 0x95, 0x90, 0xe2, 0x95, 0x90, 0xe2, 0x95, 0x90, 0xe2, 0x95, 0x90, 0xe2, 0x95, 0x90, 0xe2, 
    0x95, 0x90, 0xe2, 0x95, 0x90, 0xe2, 0x95, 0x90, 0xe2, 0x95, 0x90, 0xe2, 0x95, 0x90, 0xe2, 0x95, 
    0x90, 0xe2, 0x95, 0x90, 0xe2, 0x95, 0x90, 0xe2, 0x95, 0x90, 0xe2, 0x95, 0x90, 0xe2, 0x95, 0x90, 
    0xe2, 0x95, 0x90, 0xe2, 0x95, 0x90, 0x0a, 0x2f, 0x2f, 0x0a, 0x2f, 0x2f, 0x20, 0x53, 0x69, 0x6d, 
    0x70, 0x6c, 0x65, 0x20, 0x47, 0x45, 0x54, 0x2f, 0x50, 0x4f, 0x53, 0x54, 0x3a, 0x0a, 0x2f, 0x2f, 
    0x20, 0x20, 0x20, 0x6b, 0x79, 0x6c, 0x5f, 0x61, 0x73, 0x79, 0x6e, 0x63, 0x69, 0x6f, 0x5f, 0x68, 
    0x74, 0x74, 0x70, 0x47, 0x65, 0x74, 0x28, 0x75, 0x72, 0x6c, 0x29, 0x20, 0x2d, 0x3e, 0x20, 0x72, 
    0x65, 0x71, 0x75, 0x65, 0x73, 0x74, 0x49, 0x64, 0x0a, 0x2f, 0x2f, 0x20, 0x20, 0x20, 0x6b, 0x79, 
    0x6c, 0x5f, 0x61, 0x73, 0x79, 0x6e, 0x63, 0x69, 0x6f, 0x5f, 0x68, 0x74, 0x74, 0x70, 0x50, 0x6f, 
    0x73, 0x74, 0x28, 0x75, 0x72, 0x6c, 0x2c, 0x20, 0x62, 0x6f, 0x64, 0x79, 0x29, 0x20, 0x2d, 0x3e, 
    0x20, 0x72, 0x65, 0x71, 0x75, 0x65, 0x73, 0x74, 0x49, 0x64, 0x0a, 0x2f, 0x2f, 0x0a, 0x2f, 0x2f, 
    0x20, 0x47, 0x45, 0x54, 0x2f, 0x50, 0x4f, 0x53, 0x54, 0x20, 0x77, 0x69, 0x74, 0x68, 0x20, 0x68, 
    0x65, 0x61, 0x64, 0x65, 0x72, 0x73, 0x20, 0x61, 0x6e, 0x64, 0x20, 0x74, 0x69, 0x6d, 0x65, 0x6f, 
    0x75, 0x74, 0x73, 0x3a, 0x0a, 0x2f, 0x2f, 0x20, 0x20, 0x20, 0x6b, 0x79, 0x6c, 0x5f, 0x61, 0x73, 
    0x79, 0x6e, 0x63, 0x69, 0x6f, 0x5f, 0x68, 0x74, 0x74, 0x70, 0x47, 0x65, 0x74, 0x45, 0x78, 0x28, 
    0x75, 0x72, 0x6c, 0x2c, 0x20, 0x68, 0x65, 0x61, 0x64, 0x65, 0x72, 0x73, 0x5b, 0x5d, 0x2c, 0x20, 
    0x64, 0x6e, 0x73, 0x5f, 0x6d, 0x73, 0x2c, 0x20, 0x63, 0x6f, 0x6e, 0x6e, 0x65, 0x63, 0x74, 0x5f, 
    0x6d, 0x73, 0x2c, 0x20, 0x72, 0x65, 0x61, 0x64, 0x5f, 0x6d, 0x73, 0x2c, 0x20, 0x77, 0x72, 0x69, 
    0x74, 0x65, 0x5f, 0x6d, 0x73, 0x29, 0x0a, 0x2f, 0x2f, 0x20, 0x20, 0x20, 0x6b, 0x79, 0x6c, 0x5f, 
    0x61, 0x73, 0x79, 0x6e, 0x63, 0x69, 0x6f, 0x5f, 0x68, 0x74, 0x74, 0x70, 0x50, 0x6f, 0x73, 0x74, 
    0x45, 0x78, 0x28, 0x75, 0x72, 0x6c, 0x2c, 0x20, 0x62, 0x6f, 0x64, 0x79, 0x2c, 0x20, 0x68, 0x65, 
    0x61, 0x64, 0x65, 0x72, 0x73, 0x5b, 0x5d, 0x2c, 0x20, 0x64, 0x6e, 0x73, 0x5f, 0x6d, 0x73, 0x2c, 
    0x20, 0x63, 0x6f, 0x6e, 0x6e, 0x65, 0x63, 0x74, 0x5f, 0x6d, 0x73, 0x2c, 0x20, 0x72, 0x65, 0x61, 
    0x64, 0x5f, 0x6d, 0x73, 0x2c, 0x20, 0x77, 0x72, 0x69, 0x74, 0x65, 0x5f, 0x6d, 0x73, 0x29, 0x0a, 
    0x2f, 0x2f, 0x0a, 0x2f, 0x2f, 0x20, 0x20, 0x20, 0x68, 0x65, 0x61, 0x64, 0x65, 0x72, 0x73, 0x3a, 
    0x20, 0x5b, 0x22, 0x55, 0x73, 0x65, 0x72, 0x2d, 0x41, 0x67, 0x65, 0x6e, 0x74, 0x3a, 0x20, 0x4b, 
    0x75, 0x79, 0x69, 0x6c, 0x22, 0x2c, 0x20, 0x22, 0x43, 0x6f, 0x6e, 0x74, 0x65, 0x6e, 0x74, 0x2d, 
    0x54, 0x79, 0x70, 0x65, 0x3a, 0x20, 0x61, 0x70, 0x70, 0x6c, 0x69, 0x63, 0x61, 0x74, 0x69, 0x6f, 
    0x6e, 0x2f, 0x6a, 0x73, 0x6f, 0x6e, 0x22, 0x5d, 0x0a, 0x2f, 0x2f, 0x20, 0x20, 0x20, 0x74, 0x69, 
    0x6d, 0x65, 0x6f, 0x75, 0x74, 0x73, 0x3a, 0x20, 0x6d, 0x69, 0x6c, 0x6c, 0x69, 0x73, 0x65, 0x63, 
    0x6f, 0x6e, 0x64, 0x73, 0x20, 0x28, 0x30, 0x20, 0x3d, 0x20, 0x64, 0x65, 0x66, 0x61, 0x75, 0x6c, 
    0x74, 0x29, 0x0a, 0x2f, 0x2f, 0x0a, 0x2f, 0x2f, 0x20, 0x57, 0x61, 0x69, 0x74, 0x20, 0x61, 0x6e, 
    0x64, 0x20, 0x63, 0x68, 0x65, 0x63, 0x6b, 0x3a, 0x0a, 0x2f, 0x2f, 0x20, 0x20, 0x20, 0x6b, 0x79, 
    0x6c, 0x5f, 0x61, 0x73, 0x79, 0x6e, 0x63, 0x69, 0x6f, 0x5f, 0x77, 0x61, 0x69, 0x74, 0x52, 0x65, 
    0x73, 0x75, 0x6c, 0x74, 0x28, 0x72, 0x65, 0x71, 0x75, 0x65, 0x73, 0x74, 0x49, 0x64, 0x2c, 0x20, 
    0x74, 0x69, 0x6d, 0x65, 0x6f, 0x75, 0x74, 0x5f, 0x6d, 0x73, 0x29, 0x20, 0x2d, 0x3e, 0x20, 0x64, 
    0x61, 0x74, 0x61, 0x20, 0x6f, 0x72, 0x20, 0x6e, 0x69, 0x6c, 0x0a, 0x2f, 0x2f, 0x20, 0x20, 0x20, 
    0x6b, 0x79, 0x6c, 0x5f, 0x61, 0x73, 0x79, 0x6e, 0x63, 0x69, 0x6f, 0x5f, 0x69, 0x73, 0x43, 0x6f, 
    0x6d, 0x70, 0x6c, 0x65, 0x74, 0x65, 0x28, 0x72, 0x65, 0x71, 0x75, 0x65, 0x73, 0x74, 0x49, 0x64, 
    0x29, 0x20, 0x2d, 0x3e, 0x20, 0x62, 0x6f, 0x6f, 0x6c, 0x0a, 0x2f, 0x2f, 0x20, 0x20, 0x20, 0x6b, 
    0x79, 0x6c, 0x5f, 0x61, 0x73, 0x79, 0x6e, 0x63, 0x69, 0x6f, 0x5f, 0x67, 0x65, 0x74, 0x52, 0x65, 
    0x73, 0x75, 0x6c, 0x74, 0x28, 0x72, 0x65, 0x71, 0x75, 0x65, 0x73, 0x74, 0x49, 0x64, 0x29, 0x20, 
    0x2d, 0x3e, 0x20, 0x64, 0x61, 0x74, 0x61, 0x20, 0x6f, 0x72, 0x20, 0x6e, 0x69, 0x6c, 0x20, 0x28, 
    0x6e, 0x6f, 0x6e, 0x2d, 0x62, 0x6c, 0x6f, 0x63, 0x6b, 0x69, 0x6e, 0x67, 0x29, 0x0a, 0x2f, 0x2f, 
    0x0a, 0x2f, 0x2f, 0x20, 0x46, 0x69, 0x6c, 0x65, 0x20, 0x6f, 0x70, 0x65, 0x72, 0x61, 0x74, 0x69, 
    0x6f, 0x6e, 0x73, 0x3a, 0x0a, 0x2f, 0x2f, 0x20, 0x20, 0x20, 0x6b, 0x79, 0x6c, 0x5f, 0x61, 0x73, 
    0x79, 0x6e, 0x63, 0x69, 0x6f, 0x5f, 0x66, 0x69, 0x6c, 0x65, 0x52, 0x65, 0x61, 0x64, 0x28, 0x70, 
    0x61, 0x74, 0x68, 0x29, 0x20, 0x2d, 0x3e, 0x20, 0x72, 0x65, 0x71, 0x75, 0x65, 0x73, 0x74, 0x49, 
    0x64, 0x0a, 0x2f, 0x2f, 0x20, 0x20, 0x20, 0x6b, 0x79, 0x6c, 0x5f, 0x61, 0x73, 0x79, 0x6e, 0x63, 
    0x69, 0x6f, 0x5f, 0x66, 0x69, 0x6c, 0x65, 0x57, 0x72, 0x69, 0x74, 0x65, 0x28, 0x70, 0x61, 0x74, 
    0x68, 0x2c, 0x20, 0x64, 0x61, 0x74, 0x61, 0x29, 0x20, 0x2d, 0x3e, 0x20, 0x72, 0x65, 0x71, 0x75, 
    0x65, 0x73, 0x74, 0x49, 0x64, 0x0a, 0x0a, 
};

static const unsigned char embedded_interface_system_kyl_data[] = {
    0x2f, 0x2f, 0x20, 0x49, 0x6e, 0x74, 0x65, 0x72, 0x66, 0x61, 0x63, 0x65, 0x20, 0x66, 0x6f, 0x72, 
    0x20, 0x53, 0x79, 0x73, 0x74, 0x65, 0x6d, 0x20, 0x75, 0x74, 0x69, 0x6c, 0x69, 0x74, 0x69, 0x65, 
    0x73, 0x20, 0x6c, 0x69, 0x62, 0x72, 0x61, 0x72, 0x79, 0x0a, 0x69, 0x6e, 0x74, 0x65, 0x72, 0x66, 
    0x61, 0x63, 0x65, 0x20, 0x73, 0x79, 0x73, 0x74, 0x65, 0x6d, 0x20, 0x66, 0x72, 0x6f, 0x6d, 0x20, 
    0x22, 0x6c, 0x69, 0x62, 0x73, 0x2f, 0x6c, 0x69, 0x62, 0x6b, 0x79, 0x6c, 0x73, 0x79, 0x73, 0x74, 
    0x65, 0x6d, 0x2e, 0x73, 0x6f, 0x22, 0x20, 0x7b, 0x0a, 0x20, 0x20, 0x2f, 0x2f, 0x20, 0x53, 0x6c, 
    0x65, 0x65, 0x70, 0x20, 0x66, 0x6f, 0x72, 0x20, 0x73, 0x70, 0x65, 0x63, 0x69, 0x66, 0x69, 0x65, 
    0x64, 0x20, 0x6d, 0x69, 0x6c, 0x6c, 0x69, 0x73, 0x65, 0x63, 0x6f, 0x6e, 0x64, 0x73, 0x0a, 0x20, 
    0x20, 0x2f, 0x2f, 0x20, 0x45, 0x78, 0x61, 0x6d, 0x70, 0x6c, 0x65, 0x3a, 0x20, 0x73, 0x6c, 0x65, 
    0x65, 0x70, 0x28, 0x31, 0x30, 0x30, 0x30, 0x29, 0x20, 0x2d, 0x20, 0x73, 0x6c, 0x65, 0x65, 0x70, 
    0x20, 0x66, 0x6f, 0x72, 0x20, 0x31, 0x20, 0x73, 0x65, 0x63, 0x6f, 0x6e, 0x64, 0x0a, 0x20, 0x20, 
    0x62, 0x6f, 0x6f, 0x6c, 0x20, 0x73, 0x6c, 0x65, 0x65, 0x70, 0x28, 0x6d, 0x69, 0x6c, 0x6c, 0x69, 
    0x73, 0x65, 0x63, 0x6f, 0x6e, 0x64, 0x73, 0x3a, 0x20, 0x69, 0x6e, 0x74, 0x33, 0x32, 0x29, 0x0a, 
    0x20, 0x20, 0x0a, 0x20, 0x20, 0x2f, 0x2f, 0x20, 0x47, 0x65, 0x74, 0x20, 0x63, 0x75, 0x72, 0x72, 
    0x65, 0x6e, 0x74, 0x20, 0x74, 0x69, 0x6d, 0x65, 0x73, 0x74, 0x61, 0x6d, 0x70, 0x20, 0x69, 0x6e, 
    0x20, 0x6d, 0x69, 0x6c, 0x6c, 0x69, 0x73, 0x65, 0x63, 0x6f, 0x6e, 0x64, 0x73, 0x20, 0x73, 0x69, 
    0x6e, 0x63, 0x65, 0x20, 0x65, 0x70, 0x6f, 0x63, 0x68, 0x0a, 0x20, 0x20, 0x69, 0x6e, 0x74, 0x36, 
    0x34, 0x20, 0x74, 0x69, 0x6d, 0x65, 0x73, 0x74, 0x61, 0x6d, 0x70, 0x28, 0x29, 0x0a, 0x20, 0x20, 
    0x0a, 0x20, 0x20, 0x2f, 0x2f, 0x20, 0x55, 0x6e, 0x65, 0x73, 0x63, 0x61, 0x70, 0x65, 0x20, 0x61, 
    0x20, 0x4a, 0x53, 0x4f, 0x4e, 0x20, 0x73, 0x74, 0x72, 0x69, 0x6e, 0x67, 0x3a, 0x20, 0x63, 0x6f, 
    0x6e, 0x76, 0x65, 0x72, 0x74, 0x20, 0x5c, 0x22, 0x20, 0x74, 0x6f, 0x20, 0x22, 0x20, 0x61, 0x6e, 
    0x64, 0x20, 0x5c, 0x5c, 0x20, 0x74, 0x6f, 0x20, 0x5c, 0x0a, 0x20, 0x20, 0x2f, 0x2f, 0x20, 0x45, 
    0x78, 0x61, 0x6d, 0x70, 0x6c, 0x65, 0x3a, 0x20, 0x75, 0x6e, 0x65, 0x73, 0x63, 0x61, 0x70, 0x65, 
    0x28, 0x22, 0x7b, 0x5c, 0x22, 0x6b, 0x65, 0x79, 0x5c, 0x22, 0x3a, 0x5c, 0x22, 0x76, 0x61, 0x6c, 
    0x75, 0x65, 0x5c, 0x22, 0x7d, 0x22, 0x29, 0x20, 0x72, 0x65, 0x74, 0x75, 0x72, 0x6e, 0x73, 0x20, 
    0x7b, 0x22, 0x6b, 0x65, 0x79, 0x22, 0x3a, 0x22, 0x76, 0x61, 0x6c, 0x75, 0x65, 0x22, 0x7d, 0x0a, 
    0x20, 0x20, 0x73, 0x74, 0x72, 0x69, 0x6e, 0x67, 0x20, 0x75, 0x6e, 0x65, 0x73, 0x63, 0x61, 0x70, 
    0x65, 0x28, 0x73, 0x74, 0x72, 0x3a, 0x20, 0x73, 0x74, 0x72, 0x69, 0x6e, 0x67, 0x29, 0x0a, 0x7d, 
    0x0a, 
};

static const unsigned char embedded_interface_eventloop_kyl_data[] = {
    0x2f, 0x2f, 0x20, 0x4b, 0x75, 0x79, 0x69, 0x6c, 0x20, 0x45, 0x76, 0x65, 0x6e, 0x74, 0x20, 0x4c, 
    0x6f, 0x6f, 0x70, 0x20, 0x49, 0x6e, 0x74, 0x65, 0x72, 0x66, 0x61, 0x63, 0x65, 0x0a, 0x2f, 0x2f, 
    0x20, 0x46, 0x75, 0x6e, 0x63, 0x74, 0x69, 0x6f, 0x6e, 0x73, 0x20, 0x74, 0x6f, 0x20, 0x69, 0x6e, 
    0x74, 0x65, 0x67, 0x72, 0x61, 0x74, 0x65, 0x20, 0x77, 0x69, 0x74, 0x68, 0x20, 0x57, 0x65, 0x62, 
    0x56, 0x69, 0x65, 0x77, 0x20, 0x61, 0x6e, 0x64, 0x20, 0x70, 0x72, 0x6f, 0x63, 0x65, 0x73, 0x73, 
    0x20, 0x61, 0x73, 0x79, 0x6e, 0x63, 0x20, 0x74, 0x61, 0x73, 0x6b, 0x73, 0x0a, 0x69, 0x6e, 0x74, 
    0x65, 0x72, 0x66, 0x61, 0x63, 0x65, 0x20, 0x65, 0x76, 0x65, 0x6e, 0x74, 0x6c, 0x6f, 0x6f, 0x70, 
    0x20, 0x66, 0x72, 0x6f, 0x6d, 0x20, 0x22, 0x6c, 0x69, 0x62, 0x73, 0x2f, 0x6c, 0x69, 0x62, 0x6b, 
    0x79, 0x6c, 0x65, 0x76, 0x65, 0x6e, 0x74, 0x6c, 0x6f, 0x6f, 0x70, 0x2e, 0x73, 0x6f, 0x22, 0x20, 
    0x7b, 0x0a, 0x20, 0x20, 0x2f, 0x2f, 0x20, 0x50, 0x72, 0x6f, 0x63, 0x65, 0x73, 0x73, 0x20, 0x70, 
    0x65, 0x6e, 0x64, 0x69, 0x6e, 0x67, 0x20, 0x48, 0x54, 0x54, 0x50, 0x20, 0x63, 0x61, 0x6c, 0x6c, 
    0x62, 0x61, 0x63, 0x6b, 0x73, 0x20, 0x61, 0x6e, 0x64, 0x20, 0x6f, 0x74, 0x68, 0x65, 0x72, 0x20, 
    0x61, 0x73, 0x79, 0x6e, 0x63, 0x20, 0x74, 0x61, 0x73, 0x6b, 0x73, 0x0a, 0x20, 0x20, 0x2f, 0x2f, 
    0x20, 0x43, 0x61, 0x6c, 0x6c, 0x20, 0x74, 0x68, 0x69, 0x73, 0x20, 0x72, 0x65, 0x67, 0x75, 0x6c, 
    0x61, 0x72, 0x6c, 0x79, 0x20, 0x66, 0x72, 0x6f, 0x6d, 0x20, 0x79, 0x6f, 0x75, 0x72, 0x20, 0x65, 
    0x76, 0x65, 0x6e, 0x74, 0x20, 0x6c, 0x6f, 0x6f, 0x70, 0x0a, 0x20, 0x20, 0x2f, 0x2f, 0x20, 0x52, 
    0x65, 0x74, 0x75, 0x72, 0x6e, 0x73, 0x3a, 0x20, 0x6e, 0x75, 0x6d, 0x62, 0x65, 0x72, 0x20, 0x6f, 
    0x66, 0x20, 0x74, 0x61, 0x73, 0x6b, 0x73, 0x20, 0x70, 0x72, 0x6f, 0x63, 0x65, 0x73, 0x73, 0x65, 
    0x64, 0x0a, 0x20, 0x20, 0x40, 0x61, 0x6c, 0x69, 0x61, 0x73, 0x28, 0x22, 0x70, 0x72, 0x6f, 0x63, 
    0x65, 0x73, 0x73, 0x50, 0x65, 0x6e, 0x64, 0x69, 0x6e, 0x67, 0x54, 0x61, 0x73, 0x6b, 0x73, 0x22, 
    0x29, 0x0a, 0x20, 0x20, 0x69, 0x6e, 0x74, 0x33, 0x32, 0x20, 0x65, 0x76, 0x65, 0x6e, 0x74, 0x6c, 
    0x6f, 0x6f, 0x70, 0x5f, 0x70, 0x72, 0x6f, 0x63, 0x65, 0x73, 0x73, 0x50, 0x65, 0x6e, 0x64, 0x69, 
    0x6e, 0x67, 0x54, 0x61, 0x73, 0x6b, 0x73, 0x28, 0x6d, 0x61, 0x78, 0x54, 0x61, 0x73, 0x6b, 0x73, 
    0x3a, 0x20, 0x69, 0x6e, 0x74, 0x33, 0x32, 0x29, 0x0a, 0x0a, 0x20, 0x20, 0x2f, 0x2f, 0x20, 0x43, 
    0x68, 0x65, 0x63, 0x6b, 0x20, 0x69, 0x66, 0x20, 0x74, 0x61, 0x73, 0x6b, 0x20, 0x71, 0x75, 0x65, 
    0x75, 0x65, 0x20, 0x69, 0x73, 0x20, 0x65, 0x6d, 0x70, 0x74, 0x79, 0x0a, 0x20, 0x20, 0x40, 0x61, 
    0x6c, 0x69, 0x61, 0x73, 0x28, 0x22, 0x74, 0x61, 0x73, 0x6b, 0x73, 0x45, 0x6d, 0x70, 0x74, 0x79, 
    0x22, 0x29, 0x0a, 0x20, 0x20, 0x62, 0x6f, 0x6f, 0x6c, 0x20, 0x65, 0x76, 0x65, 0x6e, 0x74, 0x6c, 
    0x6f, 0x6f, 0x70, 0x5f, 0x74, 0x61, 0x73, 0x6b, 0x73, 0x45, 0x6d, 0x70, 0x74, 0x79, 0x28, 0x29, 
    0x0a, 0x0a, 0x20, 0x20, 0x2f, 0x2f, 0x20, 0x47, 0x65, 0x74, 0x20, 0x6e, 0x75, 0x6d, 0x62, 0x65, 
    0x72, 0x20, 0x6f, 0x66, 0x20, 0x70, 0x65, 0x6e, 0x64, 0x69, 0x6e, 0x67, 0x20, 0x74, 0x61, 0x73, 
    0x6b, 0x73, 0x0a, 0x20, 0x20, 0x40, 0x61, 0x6c, 0x69, 0x61, 0x73, 0x28, 0x22, 0x74, 0x61, 0x73, 
    0x6b, 0x43, 0x6f, 0x75, 0x6e, 0x74, 0x22, 0x29, 0x0a, 0x20, 0x20, 0x69, 0x6e, 0x74, 0x33, 0x32, 
    0x20, 0x65, 0x76, 0x65, 0x6e, 0x74, 0x6c, 0x6f, 0x6f, 0x70, 0x5f, 0x74, 0x61, 0x73, 0x6b, 0x43, 
    0x6f, 0x75, 0x6e, 0x74, 0x28, 0x29, 0x0a, 0x20, 0x20, 0x0a, 0x20, 0x20, 0x2f, 0x2f, 0x20, 0x50, 
    0x72, 0x6f, 0x63, 0x65, 0x73, 0x73, 0x20, 0x63, 0x6f, 0x6d, 0x70, 0x6c, 0x65, 0x74, 0x65, 0x64, 
    0x20, 0x61, 0x76, 0x61, 0x74, 0x61, 0x72, 0x73, 0x20, 0x28, 0x67, 0x72, 0x65, 0x65, 0x6e, 0x20, 
    0x74, 0x68, 0x72, 0x65, 0x61, 0x64, 0x73, 0x29, 0x0a, 0x20, 0x20, 0x2f, 0x2f, 0x20, 0x43, 0x61, 
    0x6c, 0x6c, 0x20, 0x74, 0x68, 0x69, 0x73, 0x20, 0x72, 0x65, 0x67, 0x75, 0x6c, 0x61, 0x72, 0x6c, 
    0x79, 0x20, 0x74, 0x6f, 0x20, 0x70, 0x72, 0x6f, 0x63, 0x65, 0x73, 0x73, 0x20, 0x61, 0x76, 0x61, 
    0x74, 0x61, 0x72, 0x20, 0x63, 0x6f, 0x6d, 0x70, 0x6c, 0x65, 0x74, 0x69, 0x6f, 0x6e, 0x73, 0x0a, 
    0x20, 0x20, 0x2f, 0x2f, 0x20, 0x52, 0x65, 0x74, 0x75, 0x72, 0x6e, 0x73, 0x3a, 0x20, 0x6e, 0x75, 
    0x6d, 0x62, 0x65, 0x72, 0x20, 0x6f, 0x66, 0x20, 0x61, 0x76, 0x61, 0x74, 0x61, 0x72, 0x73, 0x20, 
    0x70, 0x72, 0x6f, 0x63, 0x65, 0x73, 0x73, 0x65, 0x64, 0x0a, 0x20, 0x20, 0x40, 0x61, 0x6c, 0x69, 
    0x61, 0x73, 0x28, 0x22, 0x70, 0x72, 0x6f, 0x63, 0x65, 0x73, 0x73, 0x41, 0x76, 0x61, 0x74, 0x61, 
    0x72, 0x43, 0x6f, 0x6d, 0x70, 0x6c, 0x65, 0x74, 0x69, 0x6f, 0x6e, 0x73, 0x22, 0x29, 0x0a, 0x20, 
    0x20, 0x69, 0x6e, 0x74, 0x33, 0x32, 0x20, 0x65, 0x76, 0x65, 0x6e, 0x74, 0x6c, 0x6f, 0x6f, 0x70, 
    0x5f, 0x70, 0x72, 0x6f, 0x63, 0x65, 0x73, 0x73, 0x41, 0x76, 0x61, 0x74, 0x61, 0x72, 0x43, 0x6f, 
    0x6d, 0x70, 0x6c, 0x65, 0x74, 0x69, 0x6f, 0x6e, 0x73, 0x28, 0x6d, 0x61, 0x78, 0x41, 0x76, 0x61, 
    0x74, 0x61, 0x72, 0x73, 0x3a, 0x20, 0x69, 0x6e, 0x74, 0x33, 0x32, 0x29, 0x0a, 0x20, 0x20, 0x0a, 
    0x20, 0x20, 0x2f, 0x2f, 0x20, 0x47, 0x65, 0x74, 0x20, 0x6e, 0x75, 0x6d, 0x62, 0x65, 0x72, 0x20, 
    0x6f, 0x66, 0x20, 0x70, 0x65, 0x6e, 0x64, 0x69, 0x6e, 0x67, 0x20, 0x61, 0x76, 0x61, 0x74, 0x61, 
    0x72, 0x73, 0x0a, 0x20, 0x20, 0x40, 0x61, 0x6c, 0x69, 0x61, 0x73, 0x28, 0x22, 0x61, 0x76, 0x61, 
    0x74, 0x61, 0x72, 0x50, 0x65, 0x6e, 0x64, 0x69, 0x6e, 0x67, 0x43, 0x6f, 0x75, 0x6e, 0x74, 0x22, 
    0x29, 0x0a, 0x20, 0x20, 0x69, 0x6e, 0x74, 0x33, 0x32, 0x20, 0x65, 0x76, 0x65, 0x6e, 0x74, 0x6c, 
    0x6f, 0x6f, 0x70, 0x5f, 0x61, 0x76, 0x61, 0x74, 0x61, 0x72, 0x50, 0x65, 0x6e, 0x64, 0x69, 0x6e, 
    0x67, 0x43, 0x6f, 0x75, 0x6e, 0x74, 0x28, 0x29, 0x0a, 0x7d, 0x0a, 
};

static const unsigned char embedded_interface_transcoder_kyl_data[] = {
    0x2f, 0x2f, 0x20, 0x49, 0x6e, 0x74, 0x65, 0x72, 0x66, 0x61, 0x63, 0x65, 0x20, 0x66, 0x6f, 0x72, 
    0x20, 0x43, 0x6f, 0x6d, 0x70, 0x72, 0x65, 0x73, 0x73, 0x69, 0x6f, 0x6e, 0x2f, 0x54, 0x72, 0x61, 
    0x6e, 0x73, 0x63, 0x6f, 0x64, 0x65, 0x72, 0x20, 0x6c, 0x69, 0x62, 0x72, 0x61, 0x72, 0x79, 0x0a, 
    0x2f, 0x2f, 0x20, 0x43, 0x6f, 0x6d, 0x70, 0x72, 0x65, 0x73, 0x73, 0x69, 0x6f, 0x6e, 0x20, 0x66, 
    0x75, 0x6e, 0x63, 0x74, 0x69, 0x6f, 0x6e, 0x73, 0x0a, 0x69, 0x6e, 0x74, 0x65, 0x72, 0x66, 0x61, 
    0x63, 0x65, 0x20, 0x63, 0x6f, 0x6d, 0x70, 0x72, 0x65, 0x73, 0x73, 0x20, 0x66, 0x72, 0x6f, 0x6d, 
    0x20, 0x22, 0x6c, 0x69, 0x62, 0x73, 0x2f, 0x6c, 0x69, 0x62, 0x6b, 0x79, 0x6c, 0x74, 0x72, 0x61, 
    0x6e, 0x73, 0x63, 0x6f, 0x64, 0x65, 0x72, 0x2e, 0x73, 0x6f, 0x22, 0x20, 0x7b, 0x0a, 0x20, 0x20, 
    0x40, 0x61, 0x6c, 0x69, 0x61, 0x73, 0x28, 0x22, 0x63, 0x6f, 0x6d, 0x70, 0x72, 0x65, 0x73, 0x73, 
    0x47, 0x7a, 0x69, 0x70, 0x22, 0x29, 0x0a, 0x20, 0x20, 0x6f, 0x62, 0x6a, 0x65, 0x63, 0x74, 0x20, 
    0x63, 0x6f, 0x6d, 0x70, 0x72, 0x65, 0x73, 0x73, 0x5f, 0x63, 0x6f, 0x6d, 0x70, 0x72, 0x65, 0x73, 
    0x73, 0x47, 0x7a, 0x69, 0x70, 0x28, 0x69, 0x6e, 0x70, 0x75, 0x74, 0x3a, 0x20, 0x73, 0x74, 0x72, 
    0x69, 0x6e, 0x67, 0x29, 0x0a, 0x20, 0x20, 0x0a, 0x20, 0x20, 0x40, 0x61, 0x6c, 0x69, 0x61, 0x73, 
    0x28, 0x22, 0x63, 0x6f, 0x6d, 0x70, 0x72, 0x65, 0x73, 0x73, 0x44, 0x65, 0x66, 0x6c, 0x61, 0x74, 
    0x65, 0x22, 0x29, 0x0a, 0x20, 0x20, 0x6f, 0x62, 0x6a, 0x65, 0x63, 0x74, 0x20, 0x63, 0x6f, 0x6d, 
    0x70, 0x72, 0x65, 0x73, 0x73, 0x5f, 0x63, 0x6f, 0x6d, 0x70, 0x72, 0x65, 0x73, 0x73, 0x44, 0x65, 
    0x66, 0x6c, 0x61, 0x74, 0x65, 0x28, 0x69, 0x6e, 0x70, 0x75, 0x74, 0x3a, 0x20, 0x73, 0x74, 0x72, 
    0x69, 0x6e, 0x67, 0x29, 0x0a, 0x20, 0x20, 0x0a, 0x20, 0x20, 0x40, 0x61, 0x6c, 0x69, 0x61, 0x73, 
    0x28, 0x22, 0x63, 0x6f, 0x6d, 0x70, 0x72, 0x65, 0x73, 0x73, 0x5a, 0x69, 0x70, 0x22, 0x29, 0x0a, 
    0x20, 0x20, 0x73, 0x74, 0x72, 0x69, 0x6e, 0x67, 0x20, 0x63, 0x6f, 0x6d, 0x70, 0x72, 0x65, 0x73, 
    0x73, 0x5f, 0x63, 0x6f, 0x6d, 0x70, 0x72, 0x65, 0x73, 0x73, 0x5a, 0x69, 0x70, 0x28, 0x69, 0x6e, 
    0x70, 0x75, 0x74, 0x3a, 0x20, 0x73, 0x74, 0x72, 0x69, 0x6e, 0x67, 0x29, 0x0a, 0x7d, 0x0a, 0x0a, 
    0x2f, 0x2f, 0x20, 0x44, 0x65, 0x63, 0x6f, 0x6d, 0x70, 0x72, 0x65, 0x73, 0x73, 0x69, 0x6f, 0x6e, 
    0x20, 0x66, 0x75, 0x6e, 0x63, 0x74, 0x69, 0x6f, 0x6e, 0x73, 0x0a, 0x69, 0x6e, 0x74, 0x65, 0x72, 
    0x66, 0x61, 0x63, 0x65, 0x20, 0x64, 0x65, 0x63, 0x6f, 0x6d, 0x70, 0x72, 0x65, 0x73, 0x73, 0x20, 
    0x7b, 0x0a, 0x20, 0x20, 0x40, 0x61, 0x6c, 0x69, 0x61, 0x73, 0x28, 0x22, 0x64, 0x65, 0x63, 0x6f, 
    0x6d, 0x70, 0x72, 0x65, 0x73, 0x73, 0x47, 0x7a, 0x69, 0x70, 0x22, 0x29, 0x0a, 0x20, 0x20, 0x73, 
    0x74, 0x72, 0x69, 0x6e, 0x67, 0x20, 0x64, 0x65, 0x63, 0x6f, 0x6d, 0x70, 0x72, 0x65, 0x73, 0x73, 
    0x5f, 0x64, 0x65, 0x63, 0x6f, 0x6d, 0x70, 0x72, 0x65, 0x73, 0x73, 0x47, 0x7a, 0x69, 0x70, 0x28, 
    0x69, 0x6e, 0x70, 0x75, 0x74, 0x3a, 0x20, 0x6f, 0x62, 0x6a, 0x65, 0x63, 0x74, 0x29, 0x0a, 0x20, 
    0x20, 0x0a, 0x20, 0x20, 0x40, 0x61, 0x6c, 0x69, 0x61, 0x73, 0x28, 0x22, 0x64, 0x65, 0x63, 0x6f, 
    0x6d, 0x70, 0x72, 0x65, 0x73, 0x73, 0x44, 0x65, 0x66, 0x6c, 0x61, 0x74, 0x65, 0x22, 0x29, 0x0a, 
    0x20, 0x20, 0x73, 0x74, 0x72, 0x69, 0x6e, 0x67, 0x20, 0x64, 0x65, 0x63, 0x6f, 0x6d, 0x70, 0x72, 
    0x65, 0x73, 0x73, 0x5f, 0x64, 0x65, 0x63, 0x6f, 0x6d, 0x70, 0x72, 0x65, 0x73, 0x73, 0x44, 0x65, 
    0x66, 0x6c, 0x61, 0x74, 0x65, 0x28, 0x69, 0x6e, 0x70, 0x75, 0x74, 0x3a, 0x20, 0x6f, 0x62, 0x6a, 
    0x65, 0x63, 0x74, 0x29, 0x0a, 0x20, 0x20, 0x0a, 0x20, 0x20, 0x40, 0x61, 0x6c, 0x69, 0x61, 0x73, 
    0x28, 0x22, 0x64, 0x65, 0x63, 0x6f, 0x6d, 0x70, 0x72, 0x65, 0x73, 0x73, 0x5a, 0x69, 0x70, 0x22, 
    0x29, 0x0a, 0x20, 0x20, 0x73, 0x74, 0x72, 0x69, 0x6e, 0x67, 0x20, 0x64, 0x65, 0x63, 0x6f, 0x6d, 
    0x70, 0x72, 0x65, 0x73, 0x73, 0x5f, 0x64, 0x65, 0x63, 0x6f, 0x6d, 0x70, 0x72, 0x65, 0x73, 0x73, 
    0x5a, 0x69, 0x70, 0x28, 0x69, 0x6e, 0x70, 0x75, 0x74, 0x3a, 0x20, 0x73, 0x74, 0x72, 0x69, 0x6e, 
    0x67, 0x29, 0x0a, 0x7d, 0x0a, 0x0a, 0x2f, 0x2f, 0x20, 0x54, 0x72, 0x61, 0x6e, 0x73, 0x63, 0x6f, 
    0x64, 0x69, 0x6e, 0x67, 0x20, 0x75, 0x74, 0x69, 0x6c, 0x69, 0x74, 0x69, 0x65, 0x73, 0x0a, 0x69, 
    0x6e, 0x74, 0x65, 0x72, 0x66, 0x61, 0x63, 0x65, 0x20, 0x74, 0x72, 0x61, 0x6e, 0x73, 0x63, 0x6f, 
    0x64, 0x65, 0x20, 0x7b, 0x0a, 0x20, 0x20, 0x40, 0x61, 0x6c, 0x69, 0x61, 0x73, 0x28, 0x22, 0x75, 
    0x72, 0x6c, 0x45, 0x6e, 0x63, 0x6f, 0x64, 0x65, 0x22, 0x29, 0x0a, 0x20, 0x20, 0x73, 0x74, 0x72, 
    0x69, 0x6e, 0x67, 0x20, 0x74, 0x72, 0x61, 0x6e, 0x73, 0x63, 0x6f, 0x64, 0x65, 0x5f, 0x75, 0x72, 
    0x6c, 0x45, 0x6e, 0x63, 0x6f, 0x64, 0x65, 0x28, 0x69, 0x6e, 0x70, 0x75, 0x74, 0x3a, 0x20, 0x73, 
    0x74, 0x72, 0x69, 0x6e, 0x67, 0x29, 0x0a, 0x20, 0x20, 0x0a, 0x20, 0x20, 0x40, 0x61, 0x6c, 0x69, 
    0x61, 0x73, 0x28, 0x22, 0x75, 0x72, 0x6c, 0x44, 0x65, 0x63, 0x6f, 0x64, 0x65, 0x22, 0x29, 0x0a, 
    0x20, 0x20, 0x73, 0x74, 0x72, 0x69, 0x6e, 0x67, 0x20, 0x74, 0x72, 0x61, 0x6e, 0x73, 0x63, 0x6f, 
    0x64, 0x65, 0x5f, 0x75, 0x72, 0x6c, 0x44, 0x65, 0x63, 0x6f, 0x64, 0x65, 0x28, 0x69, 0x6e, 0x70, 
    0x75, 0x74, 0x3a, 0x20, 0x73, 0x74, 0x72, 0x69, 0x6e, 0x67, 0x29, 0x0a, 0x20, 0x20, 0x0a, 0x20, 
    0x20, 0x40, 0x61, 0x6c, 0x69, 0x61, 0x73, 0x28, 0x22, 0x68, 0x74, 0x6d, 0x6c, 0x45, 0x6e, 0x63, 
    0x6f, 0x64, 0x65, 0x22, 0x29, 0x0a, 0x20, 0x20, 0x73, 0x74, 0x72, 0x69, 0x6e, 0x67, 0x20, 0x74, 
    0x72, 0x61, 0x6e, 0x73, 0x63, 0x6f, 0x64, 0x65, 0x5f, 0x68, 0x74, 0x6d, 0x6c, 0x45, 0x6e, 0x63, 
    0x6f, 0x64, 0x65, 0x28, 0x69, 0x6e, 0x70, 0x75, 0x74, 0x3a, 0x20, 0x73, 0x74, 0x72, 0x69, 0x6e, 
    0x67, 0x29, 0x0a, 0x20, 0x20, 0x0a, 0x20, 0x20, 0x40, 0x61, 0x6c, 0x69, 0x61, 0x73, 0x28, 0x22, 
    0x68, 0x65, 0x78, 0x45, 0x6e, 0x63, 0x6f, 0x64, 0x65, 0x22, 0x29, 0x0a, 0x20, 0x20, 0x73, 0x74, 
    0x72, 0x69, 0x6e, 0x67, 0x20, 0x74, 0x72, 0x61, 0x6e, 0x73, 0x63, 0x6f, 0x64, 0x65, 0x5f, 0x68, 
    0x65, 0x78, 0x45, 0x6e, 0x63, 0x6f, 0x64, 0x65, 0x28, 0x69, 0x6e, 0x70, 0x75, 0x74, 0x3a, 0x20, 
    0x73, 0x74, 0x72, 0x69, 0x6e, 0x67, 0x29, 0x0a, 0x20, 0x20, 0x0a, 0x20, 0x20, 0x40, 0x61, 0x6c, 
    0x69, 0x61, 0x73, 0x28, 0x22, 0x68, 0x65, 0x78, 0x44, 0x65, 0x63, 0x6f, 0x64, 0x65, 0x22, 0x29, 
    0x0a, 0x20, 0x20, 0x73, 0x74, 0x72, 0x69, 0x6e, 0x67, 0x20, 0x74, 0x72, 0x61, 0x6e, 0x73, 0x63, 
    0x6f, 0x64, 0x65, 0x5f, 0x68, 0x65, 0x78, 0x44, 0x65, 0x63, 0x6f, 0x64, 0x65, 0x28, 0x69, 0x6e, 
    0x70, 0x75, 0x74, 0x3a, 0x20, 0x73, 0x74, 0x72, 0x69, 0x6e, 0x67, 0x29, 0x0a, 0x20, 0x20, 0x0a, 
    0x20, 0x20, 0x40, 0x61, 0x6c, 0x69, 0x61, 0x73, 0x28, 0x22, 0x63, 0x72, 0x63, 0x33, 0x32, 0x22, 
    0x29, 0x0a, 0x20, 0x20, 0x69, 0x6e, 0x74, 0x33, 0x32, 0x20, 0x74, 0x72, 0x61, 0x6e, 0x73, 0x63, 
    0x6f, 0x64, 0x65, 0x5f, 0x63, 0x72, 0x63, 0x33, 0x32, 0x28, 0x69, 0x6e, 0x70, 0x75, 0x74, 0x3a, 
    0x20, 0x73, 0x74, 0x72, 0x69, 0x6e, 0x67, 0x29, 0x0a, 0x20, 0x20, 0x0a, 0x20, 0x20, 0x40, 0x61, 
    0x6c, 0x69, 0x61, 0x73, 0x28, 0x22, 0x63, 0x6f, 0x6d, 0x70, 0x72, 0x65, 0x73, 0x73, 0x69, 0x6f, 
    0x6e, 0x52, 0x61, 0x74, 0x69, 0x6f, 0x22, 0x29, 0x0a, 0x20, 0x20, 0x66, 0x6c, 0x6f, 0x61, 0x74, 
    0x36, 0x34, 0x20, 0x74, 0x72, 0x61, 0x6e, 0x73, 0x63, 0x6f, 0x64, 0x65, 0x5f, 0x63, 0x6f, 0x6d, 
    0x70, 0x72, 0x65, 0x73, 0x73, 0x69, 0x6f, 0x6e, 0x52, 0x61, 0x74, 0x69, 0x6f, 0x28, 0x6f, 0x72, 
    0x69, 0x67, 0x69, 0x6e, 0x61, 0x6c, 0x3a, 0x20, 0x69, 0x6e, 0x74, 0x33, 0x32, 0x2c, 0x20, 0x63, 
    0x6f, 0x6d, 0x70, 0x72, 0x65, 0x73, 0x73, 0x65, 0x64, 0x3a, 0x20, 0x69, 0x6e, 0x74, 0x33, 0x32, 
    0x29, 0x0a, 0x20, 0x20, 0x0a, 0x20, 0x20, 0x40, 0x61, 0x6c, 0x69, 0x61, 0x73, 0x28, 0x22, 0x6a, 
    0x73, 0x6f, 0x6e, 0x47, 0x65, 0x74, 0x46, 0x69, 0x65, 0x6c, 0x64, 0x22, 0x29, 0x0a, 0x20, 0x20, 
    0x73, 0x74, 0x72, 0x69, 0x6e, 0x67, 0x20, 0x74, 0x72, 0x61, 0x6e, 0x73, 0x63, 0x6f, 0x64, 0x65, 
    0x5f, 0x6a, 0x73, 0x6f, 0x6e, 0x47, 0x65, 0x74, 0x46, 0x69, 0x65, 0x6c, 0x64, 0x28, 0x6a, 0x73, 
    0x6f, 0x6e, 0x3a, 0x20, 0x73, 0x74, 0x72, 0x69, 0x6e, 0x67, 0x2c, 0x20, 0x6b, 0x65, 0x79, 0x3a, 
    0x20, 0x73, 0x74, 0x72, 0x69, 0x6e, 0x67, 0x29, 0x0a, 0x7d, 0x0a, 0x0a, 0x2f, 0x2f, 0x20, 0x55, 
    0x6e, 0x7a, 0x69, 0x70, 0x20, 0x68, 0x65, 0x6c, 0x70, 0x65, 0x72, 0x0a, 0x69, 0x6e, 0x74, 0x65, 
    0x72, 0x66, 0x61, 0x63, 0x65, 0x20, 0x75, 0x6e, 0x7a, 0x69, 0x70, 0x20, 0x7b, 0x0a, 0x20, 0x20, 
    0x40, 0x61, 0x6c, 0x69, 0x61, 0x73, 0x28, 0x22, 0x74, 0x6f, 0x44, 0x69, 0x72, 0x65, 0x63, 0x74, 
    0x6f, 0x72, 0x79, 0x22, 0x29, 0x0a, 0x20, 0x20, 0x62, 0x6f, 0x6f, 0x6c, 0x20, 0x75, 0x6e, 0x7a, 
    0x69, 0x70, 0x5f, 0x74, 0x6f, 0x44, 0x69, 0x72, 0x65, 0x63, 0x74, 0x6f, 0x72, 0x79, 0x28, 0x7a, 
    0x69, 0x70, 0x50, 0x61, 0x74, 0x68, 0x3a, 0x20, 0x73, 0x74, 0x72, 0x69, 0x6e, 0x67, 0x29, 0x0a, 
    0x7d, 0x0a, 
};

// Initialize embedded resources into heapfs
void heapfs_init_embedded_resources(HeapFS* fs) {
    heapfs_add_file(fs, "app.js", 
                    (const char*)embedded_app_js_data, 1365, 
                    "application/javascript");
    heapfs_add_file(fs, "style.css", 
                    (const char*)embedded_style_css_data, 1132, 
                    "text/css");
    heapfs_add_file(fs, "index.html", 
                    (const char*)embedded_index_html_data, 591, 
                    "text/html");
    heapfs_add_file(fs, "interface_datetime.kyl", 
                    (const char*)embedded_interface_datetime_kyl_data, 371, 
                    "text/plain");
    heapfs_add_file(fs, "interface_math.kyl", 
                    (const char*)embedded_interface_math_kyl_data, 546, 
                    "text/plain");
    heapfs_add_file(fs, "interface_webview_app.kyl", 
                    (const char*)embedded_interface_webview_app_kyl_data, 9615, 
                    "text/plain");
    heapfs_add_file(fs, "interface_http.kyl", 
                    (const char*)embedded_interface_http_kyl_data, 2638, 
                    "text/plain");
    heapfs_add_file(fs, "interface_sqlite.kyl", 
                    (const char*)embedded_interface_sqlite_kyl_data, 932, 
                    "text/plain");
    heapfs_add_file(fs, "interface_http_client_ex.kyl", 
                    (const char*)embedded_interface_http_client_ex_kyl_data, 1727, 
                    "text/plain");
    heapfs_add_file(fs, "interface_webview.kyl", 
                    (const char*)embedded_interface_webview_kyl_data, 1533, 
                    "text/plain");
    heapfs_add_file(fs, "interface_rpc.kyl", 
                    (const char*)embedded_interface_rpc_kyl_data, 250, 
                    "text/plain");
    heapfs_add_file(fs, "interface_str.kyl", 
                    (const char*)embedded_interface_str_kyl_data, 1211, 
                    "text/plain");
    heapfs_add_file(fs, "interface_crypto.kyl", 
                    (const char*)embedded_interface_crypto_kyl_data, 800, 
                    "text/plain");
    heapfs_add_file(fs, "interface_ffmpeg.kyl", 
                    (const char*)embedded_interface_ffmpeg_kyl_data, 1583, 
                    "text/plain");
    heapfs_add_file(fs, "README.md", 
                    (const char*)embedded_README_md_data, 6755, 
                    "application/octet-stream");
    heapfs_add_file(fs, "interface_fileio.kyl", 
                    (const char*)embedded_interface_fileio_kyl_data, 616, 
                    "text/plain");
    heapfs_add_file(fs, "interface_heapfs.kyl", 
                    (const char*)embedded_interface_heapfs_kyl_data, 253, 
                    "text/plain");
    heapfs_add_file(fs, "interface_asyncio.kyl", 
                    (const char*)embedded_interface_asyncio_kyl_data, 6647, 
                    "text/plain");
    heapfs_add_file(fs, "interface_system.kyl", 
                    (const char*)embedded_interface_system_kyl_data, 449, 
                    "text/plain");
    heapfs_add_file(fs, "interface_eventloop.kyl", 
                    (const char*)embedded_interface_eventloop_kyl_data, 907, 
                    "text/plain");
    heapfs_add_file(fs, "interface_transcoder.kyl", 
                    (const char*)embedded_interface_transcoder_kyl_data, 1394, 
                    "text/plain");
}
